book_id,title,author,fictional,popularity_score,isbn,page_count,tags,cover_image_filename,cover_image_dominant_color,cover_image_bg_color,is_cover_image_dark,createdAt,updatedAt,introdone
33,Three Cups of Tea: One Man's Mission to Promote Peace ... One School at a Time,Greg Mortenson,False,80,9780143038252,349,"{bestseller,influential}",33.webp,#1d6a7e,#c0d5db,True,2025-04-06 07:49:30.415+00,2025-05-24 20:50:19.434+00,true
32,"A Child Called It (Dave Pelzer, #1)",Dave Pelzer,False,85,9781558743665,184,"{bestseller,influential}",32.webp,#14637d,#bdd3db,True,2025-04-06 07:49:30.413+00,2025-05-01 14:14:47.82+00,true
19,"I Know Why the Caged Bird Sings (Maya Angelou's Autobiography, #1)",Maya Angelou,False,90,978-0345514400,304,"{bestseller,influential}",19.webp,NULL,NULL,NULL,2025-04-06 07:49:30.39+00,2025-04-26 14:46:13.136+00,true
20,The Book of Mormon: Another Testament of Jesus Christ,Joseph Smith Jr.,False,90,NULL,531,"{classic,influential}",20.webp,NULL,NULL,NULL,2025-04-06 07:49:30.392+00,2025-04-26 14:46:13.139+00,true
25,Man’s Search for Meaning,Viktor E. Frankl,False,92,9780807014271,200,"{bestseller,influential,motivational}",25.webp,NULL,NULL,NULL,2025-04-06 07:49:30.401+00,2025-04-26 14:46:13.151+00,true
26,Roots: The Saga of an American Family,Alex Haley,False,90,9781593154493,688,"{bestseller,historical,adapted-to-film}",26.webp,NULL,NULL,NULL,2025-04-06 07:49:30.403+00,2025-04-26 14:46:13.154+00,true
27,Mere Christianity,C.S. Lewis,False,89,9780060652920,227,"{classic,influential}",27.webp,NULL,NULL,NULL,2025-04-06 07:49:30.405+00,2025-04-26 14:46:13.158+00,true
28,U.S. Constitution (Saddlewire) (Books of American Wisdom),Founding Fathers,False,95,9781557091055,32,"{foundational,historical}",28.webp,NULL,NULL,NULL,2025-04-06 07:49:30.406+00,2025-04-26 14:46:13.161+00,true
12,Tuesdays with Morrie,Mitch Albom,False,85,978-0767905923,192,"{bestseller,motivational}",12.webp,#f17128,#fbd7c3,True,2025-04-06 07:49:30.378+00,2025-05-01 13:46:59.276+00,true
31,The Autobiography of Malcolm X,Malcolm X,False,92,9780345350688,466,"{bestseller,influential,historical}",31.webp,NULL,NULL,NULL,2025-04-06 07:49:30.411+00,2025-04-26 14:46:13.167+00,true
34,Into the Wild,Jon Krakauer,False,88,9780385486804,207,"{bestseller,adapted-to-film}",34.webp,#4f9189,#cee0de,True,2025-04-06 07:49:30.417+00,2025-05-01 14:15:27.983+00,true
36,The Addiction Manifesto,Jerry Weaver,False,60,NULL,NULL,{educational},36.webp,NULL,NULL,NULL,2025-04-06 07:49:30.421+00,2025-04-26 14:46:13.182+00,true
42,The Tao of Pooh,Benjamin Hoff,False,75,9780140067477,176,"{influential,philosophy}",42.webp,NULL,NULL,NULL,2025-04-06 07:49:30.431+00,2025-04-26 14:46:13.201+00,true
30,Schindler’s List,Thomas Keneally,False,90,9780671880316,429,"{bestseller,historical,adapted-to-film}",30.webp,#3e3f36,#c9c9c7,True,2025-04-06 07:49:30.41+00,2025-04-27 08:27:24.268+00,true
77,The Four Agreements,Miguel Ruiz,False,88,9781878424310,160,"{bestseller,self-improvement,motivational}",77.webp,#9e3c1a,#e4c9bf,True,2025-04-06 07:49:30.487+00,2025-05-01 14:25:24.604+00,true
55,"Unbroken: A World War II Story of Survival, Resilience and Redemption",Laura Hillenbrand,False,90,9780812974492,473,"{bestseller,historical}",55.webp,NULL,NULL,NULL,2025-04-06 07:49:30.454+00,2025-04-26 14:46:13.231+00,true
79,Common Sense,Thomas Paine,False,85,9780486296029,48,"{classic,historical,short-read}",79.webp,#19304c,#bfc5cd,True,2025-04-06 07:49:30.489+00,2025-05-01 14:26:06.268+00,true
82,Cosmos,Carl Sagan,False,95,9780345331359,384,"{bestseller,classic,educational}",82.webp,#040a0f,#b9bbbc,True,2025-04-06 07:49:30.494+00,2025-04-27 08:32:36.95+00,true
90,Chasing the Devil: The Search for Africa's Fighting Spirit,Tim Butcher,False,65,9780701185397,384,"{historical,educational}",90.webp,#d44502,#f3cbb8,True,2025-04-06 07:49:30.506+00,2025-05-24 21:17:34.015+00,true
65,The Trigger: Hunting the Assassin Who Brought the World to War,Tim Butcher,False,60,9780701187934,336,"{historical,educational}",65.webp,NULL,NULL,NULL,2025-04-06 07:49:30.47+00,2025-04-26 14:46:13.256+00,true
59,A Walk in the Woods: Rediscovering America on the Appalachian Trail,Bill Bryson,False,80,9780767902526,397,"{travel,humor}",59.webp,#113e24,#bcc9c2,True,2025-04-06 07:49:30.461+00,2025-05-24 21:04:00.264+00,true
87,Narrative of the Life of Frederick Douglass,Frederick Douglass,False,85,9780486284996,96,"{classic,historical,influential}",87.webp,#6e472a,#d7cbc3,True,2025-04-06 07:49:30.502+00,2025-05-01 14:28:04.776+00,true
92,The Complete Poems of Emily Dickinson,Emily Dickinson,False,85,9780316184137,770,"{classic,influential}",92.webp,#d7cfbb,#c2baa8,False,2025-04-06 07:49:30.509+00,2025-05-01 14:29:21.38+00,true
81,Silent Spring,Rachel Carson,False,90,9780618249060,400,"{classic,influential,historical}",81.webp,NULL,NULL,NULL,2025-04-06 07:49:30.492+00,2025-04-26 14:46:13.307+00,true
54,The Elements of Style,William Strunk Jr.,False,85,9780205309023,105,"{educational,foundational}",54.webp,#f8e9d3,#dfd2be,False,2025-04-06 07:49:30.453+00,2025-05-01 14:19:22.786+00,true
89,Freakonomics: A Rogue Economist Explores the Hidden Side of Everything,Steven D. Levitt,False,92,9780060731335,336,"{bestseller,influential}",89.webp,NULL,NULL,NULL,2025-04-06 07:49:30.505+00,2025-04-26 14:46:13.335+00,true
58,The Communist Manifesto,Karl Marx,False,90,9780140447576,128,"{influential,foundational}",58.webp,#c02812,#edc3bd,True,2025-04-06 07:49:30.459+00,2025-04-27 08:30:39.552+00,true
98,The Art of Happiness,Dalai Lama XIV,False,90,9781573221115,352,"{bestseller,motivational}",98.webp,NULL,NULL,NULL,2025-04-06 07:49:30.517+00,2025-04-26 14:46:13.359+00,true
104,The Undoing Project: A Friendship That Changed Our Minds,Michael Lewis,False,80,9780393254594,368,"{psychology,influential}",104.webp,#20485c,#c1ccd1,True,2025-04-06 07:49:30.526+00,2025-05-24 17:46:32.389+00,true
126,Moneyball,Michael Lewis,False,90,9780393324815,317,"{bestseller,adapted-to-film}",126.webp,#084e24,#bacdc2,True,2025-04-06 07:49:30.557+00,2025-04-27 08:14:48.319+00,true
113,The Wave,Susan Casey,False,70,9780767928847,352,"{science,nature}",113.webp,#ffcf71,#e6ba66,False,2025-04-06 07:49:30.539+00,2025-05-24 17:50:00.273+00,true
105,She Said!: The Book of Quotes,Chriselda Barretto,False,45,NULL,NULL,"{quotes,inspirational}",105.webp,NULL,NULL,NULL,2025-04-06 07:49:30.527+00,2025-04-26 14:46:13.38+00,true
108,The Daughter Of Kurdland: A Life Dedicated to Humankind,Widad Akreyi,False,55,NULL,NULL,"{biography,inspirational}",108.webp,NULL,NULL,NULL,2025-04-06 07:49:30.531+00,2025-04-26 14:46:13.391+00,true
122,We Were Eight Years in Power: An American Tragedy,Ta-Nehisi Coates,False,85,9780399590566,367,"{influential,historical}",122.webp,#32413f,#c6cac9,True,2025-04-06 07:49:30.551+00,2025-05-01 13:47:07.758+00,true
115,A Vindication of the Rights of Woman,Mary Wollstonecraft,False,80,9780486290362,256,"{classic,influential,historical}",115.webp,#6c313d,#d6c5c9,True,2025-04-06 07:49:30.542+00,2025-05-24 17:50:22.616+00,true
121,The Essential Neruda: Selected Poems,Pablo Neruda,False,70,NULL,240,"{classic,poetry}",121.webp,#e36e26,#f7d7c2,True,2025-04-06 07:49:30.55+00,2025-05-24 17:53:30.14+00,true
116,Om Chanting and Meditation,Amit Ray,False,50,9781522785560,150,"{spirituality,self-improvement}",116.webp,NULL,NULL,NULL,2025-04-06 07:49:30.544+00,2025-04-26 14:46:13.417+00,true
120,At Home: A Short History of Private Life,Bill Bryson,False,80,9780767919395,512,"{historical,educational}",120.webp,NULL,NULL,NULL,2025-04-06 07:49:30.549+00,2025-04-26 14:46:13.43+00,true
125,The Girls of Atomic City: The Untold Story of the Women Who Helped Win World War II,Denise Kiernan,False,80,9781451617528,400,"{historical,influential}",125.webp,#3b6e69,#c8d7d5,True,2025-04-06 07:49:30.556+00,2025-05-24 17:56:16.848+00,true
136,The Power of Your Subconscious Mind,Joseph Murphy,False,85,9781604592016,320,"{self-improvement,motivational}",136.webp,#7b94b8,#dae1eb,True,2025-04-06 07:49:30.571+00,2025-05-01 13:49:15.125+00,true
127,From Here to Eternity: Traveling the World to Find the Good Death,Caitlin Doughty,False,75,9780393356281,272,"{influential,society}",127.webp,#356242,#c7d3ca,True,2025-04-06 07:49:30.558+00,2025-05-24 17:57:30.349+00,true
112,Stumbling on Happiness,Daniel Todd Gilbert,False,85,9781400077427,336,"{psychology,self-improvement}",112.webp,#e88537,#f9ddc7,True,2025-04-06 07:49:30.538+00,2025-05-01 13:45:56.493+00,true
133,You're Never Weird on the Internet,Felicia Day,False,70,9781476785653,260,"{bestseller,memoir}",133.webp,#259c9b,#c2e3e3,True,2025-04-06 07:49:30.566+00,2025-05-24 18:01:09.93+00,true
132,"Praying Like Monks, Living Like Fools: An Invitation to the Wonder and Mystery of Prayer",Tyler Staton,False,60,NULL,NULL,{religion},132.webp,NULL,NULL,NULL,2025-04-06 07:49:30.565+00,2025-04-26 14:46:13.476+00,true
138,Consider the Lobster and Other Essays,David Foster Wallace,False,75,9780316013321,343,"{influential,essays}",138.webp,#0aa9ab,#bbe7e7,True,2025-04-06 07:49:30.574+00,2025-05-24 18:04:27.411+00,true
103,Getting to Yes: Negotiating Agreement Without Giving In,Roger Fisher,False,90,9780143118756,240,"{bestseller,educational,self-improvement}",103.webp,#88bbc0,#accfd3,True,2025-04-06 07:49:30.524+00,2025-04-27 08:13:18.196+00,true
146,Neil Patrick Harris: Choose Your Own Autobiography,Neil Patrick Harris,False,72,9780385346993,304,"{biography,entertainment}",146.webp,#de3f19,#f6c9bf,True,2025-04-06 07:49:30.585+00,2025-05-24 18:09:39.571+00,true
154,"I Feel Bad About My Neck, And Other Thoughts on Being a Woman",Nora Ephron,False,82,9780307276827,160,"{humor,biography}",154.webp,#e9acc6,#f0c5d7,True,2025-04-06 07:49:30.596+00,2025-05-24 18:15:08.26+00,true
157,Notes on a Nervous Planet,Matt Haig,False,85,9781786892676,320,"{self-improvement,society}",157.webp,#5e2a35,#d2c3c7,True,2025-04-06 07:49:30.6+00,2025-05-01 13:54:39.217+00,true
152,Never Cry Wolf: The Amazing True Story of Life Among Arctic Wolves,Farley Mowat,False,80,9780316881791,256,"{nature,biography}",152.webp,NULL,NULL,NULL,2025-04-06 07:49:30.592+00,2025-04-26 14:46:13.542+00,true
160,Tribe: On Homecoming and Belonging,Sebastian Junger,False,80,9781455566389,192,"{society,psychology}",160.webp,#526051,#cfd3ce,True,2025-04-06 07:49:30.604+00,2025-05-24 18:19:26.89+00,true
155,The Happiness Project,Gretchen Rubin,False,90,9780061583261,315,"{bestseller,self-improvement}",155.webp,NULL,NULL,NULL,2025-04-06 07:49:30.597+00,2025-04-26 14:46:13.552+00,true
158,"In the Garden of Beasts: Love, Terror, and an American Family in Hitler's Berlin",Erik Larson,False,87,9780307408846,464,"{historical,biography}",158.webp,#611c21,#d3bfc1,True,2025-04-06 07:49:30.602+00,2025-05-01 13:55:06.974+00,true
161,Know My Name,Chanel Miller,False,85,9780735223707,368,"{award-winning,influential}",161.webp,#094251,#bacace,True,2025-04-06 07:49:30.606+00,2025-05-01 13:55:40.529+00,true
169,Shake Hands with the Devil,Roméo Dallaire,False,78,9780786715107,592,"{award-winning,historical}",169.webp,#e73e1a,#f8c9bf,True,2025-04-06 07:49:30.617+00,2025-05-24 18:28:34.881+00,true
164,The Art of Seduction,Robert Greene,False,88,9781861977694,496,"{bestseller,influential}",164.webp,#240815,#c2babd,True,2025-04-06 07:49:30.61+00,2025-05-01 13:56:47.199+00,true
163,FDR Unmasked: 73 Years of Medical Cover-ups That Rewrote History,Steven Lomazow,False,60,NULL,NULL,{historical},163.webp,NULL,NULL,NULL,2025-04-06 07:49:30.609+00,2025-04-26 14:46:13.579+00,true
168,Wings of Fire: An Autobiography,A.P.J. Abdul Kalam,False,85,9788173711466,180,"{influential,motivational}",168.webp,#2a899a,#c3dee3,True,2025-04-06 07:49:30.616+00,2025-05-01 13:58:12.25+00,true
170,Crucial Conversations: Tools for Talking When Stakes are High,Kerry Patterson,False,90,9780071401944,240,"{bestseller,self-improvement}",170.webp,#252017,#c2c1be,True,2025-04-06 07:49:30.619+00,2025-04-27 08:21:24.518+00,true
173,You Can Win : A Step by Step Tool for Top Achievers,Shiv Kehra,False,85,9789382951711,308,"{motivational,self-improvement}",173.webp,#4cbca9,#cdece7,True,2025-04-06 07:49:30.624+00,2025-05-01 13:59:12.913+00,true
172,The Road to Little Dribbling: Adventures of an American in Britain,Bill Bryson,False,75,9780385539289,400,"{humor,travel}",172.webp,#768471,#d9ddd7,True,2025-04-06 07:49:30.622+00,2025-05-24 18:30:12.478+00,true
142,My Life,Bill Clinton,False,85,9780375414572,1008,"{bestseller,politics,biography}",142.webp,#99291c,#e3c3bf,True,2025-04-06 07:49:30.579+00,2025-05-01 13:50:32.061+00,true
180,Hallucinations,Oliver Sacks,False,80,9780307957245,352,"{bestseller,psychology}",180.webp,#220c62,#c1bbd3,True,2025-04-06 07:49:30.633+00,2025-05-24 18:33:46.189+00,true
179,This Is Your Brain on Music,Daniel J. Levitin,False,85,9780452288522,322,"{bestseller,educational}",179.webp,#47235f,#cbc1d2,True,2025-04-06 07:49:30.632+00,2025-05-01 13:59:25.197+00,true
182,"Persepolis 2: The Story of a Return (Persepolis, #2)",Marjane Satrapi,False,85,9780375714665,192,"{classic,award-winning,historical}",182.webp,#5d3b5b,#d2c8d1,True,2025-04-06 07:49:30.636+00,2025-05-01 13:59:55.506+00,true
145,The Sociopath Next Door,Martha Stout,False,78,9780767915823,241,"{psychology,self-improvement}",145.webp,#045877,#b9d0d9,True,2025-04-06 07:49:30.583+00,2025-05-24 18:08:46.96+00,true
165,Capital: A Critique of Political Economy Volume 1,Karl Marx,False,90,9780140445688,1152,"{classic,foundational}",165.webp,#590e03,#d1bbb9,True,2025-04-06 07:49:30.612+00,2025-04-27 08:20:58.566+00,true
192,The Art of Success: What No One Ever Taught You (But You Still Need to Know),James Melouney,False,65,9780994289200,200,"{self-improvement,motivational}",192.webp,#f6582e,#fdd0c5,True,2025-04-06 07:49:30.649+00,2025-05-24 18:39:57.769+00,true
187,"The Fabric of the Cosmos: Space, Time, and the Texture of Reality",Brian Greene,False,85,9780375727207,569,"{bestseller,educational}",187.webp,NULL,NULL,NULL,2025-04-06 07:49:30.643+00,2025-04-26 14:46:13.649+00,true
198,Gulp: Adventures on the Alimentary Canal,Mary Roach,False,80,9780393348743,348,"{bestseller,educational}",198.webp,#40a335,#c9e5c7,True,2025-04-06 07:49:30.656+00,2025-05-24 19:13:57.696+00,true
201,Emotional Intelligence 2.0,Travis Bradberry,False,85,978-0974320625,256,"{self-improvement,educational}",201.webp,#3a3678,#c8c7d9,True,2025-04-06 07:49:30.66+00,2025-05-01 14:02:19.169+00,true
202,No Logo,Naomi Klein,False,80,978-0312429270,490,"{influential,society}",202.webp,#a4251a,#e5c2bf,True,2025-04-06 07:49:30.661+00,2025-05-24 19:14:54.32+00,true
208,Up from Slavery,Booker T. Washington,False,85,978-0486287386,176,"{classic,historical}",208.webp,#3aa196,#c8e5e2,True,2025-04-06 07:49:30.668+00,2025-05-01 14:03:25.537+00,true
205,The Te of Piglet,Benjamin Hoff,False,70,978-0140230161,257,"{philosophy,influential}",205.webp,#dc837a,#f5dcda,True,2025-04-06 07:49:30.664+00,2025-05-24 19:17:05.62+00,true
207,Notorious RBG: The Life and Times of Ruth Bader Ginsburg,Irin Carmon,False,78,978-0062415837,240,"{biography,influential}",207.webp,#f75735,#fdd0c7,True,2025-04-06 07:49:30.667+00,2025-05-24 19:18:31.031+00,true
209,Bonk: The Curious Coupling of Science and Sex,Mary Roach,False,75,978-0393334791,319,"{science,educational}",209.webp,#f43563,#fcc7d3,True,2025-04-06 07:49:30.67+00,2025-05-24 19:19:25.531+00,true
213,Measure What Matters,John Doerr,False,85,978-0525536222,320,"{business,influential}",213.webp,#3c2f64,#c9c5d4,True,2025-04-06 07:49:30.675+00,2025-05-01 14:04:10.327+00,true
210,Just Listen: Discover the Secret to Getting Through to Absolutely Anyone,Mark Goulston,False,70,978-0814436479,272,"{communication,self-improvement}",210.webp,#1392c1,#bde1ee,True,2025-04-06 07:49:30.671+00,2025-05-24 19:20:16.074+00,true
211,Waiter to the Rich and Shameless: Confessions of a Five-Star Beverly Hills Server,Paul Hartford,False,60,NULL,NULL,"{memoir,society}",211.webp,NULL,NULL,NULL,2025-04-06 07:49:30.672+00,2025-04-26 14:46:13.725+00,true
220,Ethics,Baruch Spinoza,False,85,978-0140435719,208,"{philosophy,classic}",220.webp,#225080,#c1cedb,True,2025-04-06 07:49:30.683+00,2025-05-01 14:05:03.738+00,true
222,"Stalingrad: The Fateful Siege, 1942–1943",Antony Beevor,False,85,9780141032405,528,"{historical,award-winning}",222.webp,#08554d,#bacfcd,True,2025-04-06 07:49:30.686+00,2025-05-01 14:05:17.64+00,true
186,Born Standing Up: A Comic's Life,Steve Martin,False,80,9781416553649,207,"{bestseller,influential}",186.webp,#ffc710,#ffd858,True,2025-04-06 07:49:30.641+00,2025-05-24 18:36:23.688+00,true
197,Leadership and Self-Deception: Getting Out of the Box,Arbinger Institute,False,85,9781576759776,240,"{bestseller,self-improvement}",197.webp,#4a2db5,#ccc4ea,True,2025-04-06 07:49:30.655+00,2025-05-01 14:01:30.95+00,true
184,If This Is a Man • The Truce,Primo Levi,False,90,9780349100135,416,"{classic,historical,influential}",184.webp,#2f2311,#c5c1bc,True,2025-04-06 07:49:30.639+00,2025-04-27 08:22:19.234+00,true
235,Framed: Astonishing True Stories of Wrongful Convictions,John Grisham,False,70,9780385534131,320,"{educational,historical}",235.webp,#2e6e6a,#c5d7d5,True,2025-04-06 07:49:30.704+00,2025-05-24 19:33:12.191+00,true
252,Complications: A Surgeon's Notes on an Imperfect Science,Atul Gawande,False,85,9780312421709,269,"{award-winning,educational}",252.webp,#1f6d6c,#c0d6d6,True,2025-04-06 07:49:30.728+00,2025-05-01 14:05:50.184+00,true
238,The Botany of Desire: A Plant's-Eye View of the World,Michael Pollan,False,80,9780375760396,304,"{educational,science}",238.webp,#7b9d32,#dae3c6,True,2025-04-06 07:49:30.708+00,2025-05-24 19:36:40.851+00,true
258,Fooled by Randomness: The Hidden Role of Chance in Life and in the Markets,Nassim Nicholas Taleb,False,90,9780812975215,368,"{bestseller,influential}",258.webp,#0a1d21,#bbc0c1,True,2025-04-06 07:49:30.737+00,2025-04-27 08:26:40.899+00,true
243,A Man After God's Own Heart: Devoting Your Life to What Really Matters,Jim George,False,60,9780736959780,240,"{motivational,religion}",243.webp,NULL,NULL,NULL,2025-04-06 07:49:30.715+00,2025-04-26 14:46:13.849+00,true
246,Men Explain Things to Me,Rebecca Solnit,False,75,9781608464661,130,"{influential,trending}",246.webp,#1c5677,#bfd0d9,True,2025-04-06 07:49:30.719+00,2025-05-24 19:42:37.726+00,true
253,The Power of a Praying Woman,Stormie Omartian,False,70,9780736957762,256,"{motivational,religion}",253.webp,#2b9599,#c4e1e3,True,2025-04-06 07:49:30.729+00,2025-05-24 19:47:52.965+00,true
248,What I Wish I Said: Confessions of a Columnist,Jaime Watt,False,40,NULL,NULL,{niche},248.webp,NULL,NULL,NULL,2025-04-06 07:49:30.722+00,2025-04-26 14:46:13.868+00,true
257,"Never Eat Alone: And Other Secrets to Success, One Relationship at a Time",Keith Ferrazzi,False,85,9780385512053,352,"{bestseller,motivational}",257.webp,#fd7d50,#ffdbce,True,2025-04-06 07:49:30.736+00,2025-05-01 14:06:05.994+00,true
255,Homicide: A Year on the Killing Streets,David Simon,False,75,9780805080759,672,"{award-winning,adapted-to-film}",255.webp,#141411,#bdbdbc,True,2025-04-06 07:49:30.733+00,2025-05-24 19:49:16.406+00,true
256,Why Men Love Bitches,Sherry Argov,False,70,9781580627566,255,"{self-improvement,trending}",256.webp,#f48f95,#f7b1b5,True,2025-04-06 07:49:30.735+00,2025-05-24 19:50:41.868+00,true
259,A Long Way Home,Saroo Brierley,False,80,9780425276198,288,"{bestseller,adapted-to-film}",259.webp,#f85e0b,#fdd2bb,True,2025-04-06 07:49:30.738+00,2025-05-24 19:53:14.247+00,true
260,The Mother Tongue: English and How It Got That Way,Bill Bryson,False,85,9780380715435,270,"{educational,influential}",260.webp,#728a6f,#d7ded7,True,2025-04-06 07:49:30.74+00,2025-05-01 14:06:13.239+00,true
234,Maybe You Should Talk to Someone,Lori Gottlieb,False,85,9781328662057,432,"{bestseller,psychology}",234.webp,#f6bf38,#f9d274,True,2025-04-06 07:49:30.703+00,2025-05-01 14:05:39.58+00,true
264,Unf*ck Your Habitat: You're Better Than Your Mess,Rachel Hoffman,False,75,9781250102959,224,"{self-improvement,motivational}",264.webp,#4092a0,#c9e1e5,True,2025-04-06 07:49:30.746+00,2025-05-24 19:55:44.53+00,true
262,Sister Outsider: Essays and Speeches,Audre Lorde,False,85,9781515905431,192,"{influential,award-winning}",262.webp,#c02730,#edc3c5,True,2025-04-06 07:49:30.743+00,2025-05-01 14:06:56.49+00,true
232,Death by Black Hole: And Other Cosmic Quandaries,Neil deGrasse Tyson,False,80,9780393350388,384,"{educational,science}",232.webp,#39254d,#c7c2cd,True,2025-04-06 07:49:30.7+00,2025-05-24 19:30:46.477+00,true
265,Diary of a Freedom Writer: The Experience,Darrius Garrett,False,65,9780757317203,320,"{inspirational,educational}",265.webp,#345975,#c6d1d8,True,2025-04-06 07:49:30.749+00,2025-05-24 19:56:22.344+00,true
267,The Bible: Enter Here: Bringing God's Word to Life for Today's Teens,Spencer C Demetros,False,60,NULL,256,"{religious,educational}",267.webp,NULL,NULL,NULL,2025-04-06 07:49:30.752+00,2025-04-26 14:46:13.956+00,true
268,Segment of One,Michael Grigsby,False,50,NULL,200,"{business,marketing}",268.webp,NULL,NULL,NULL,2025-04-06 07:49:30.754+00,2025-04-26 14:46:13.961+00,true
269,Speedy Reads,Chris-Jean Clarke,False,45,NULL,150,"{short-read,educational}",269.webp,NULL,NULL,NULL,2025-04-06 07:49:30.756+00,2025-04-26 14:46:13.967+00,true
233,Ask and It Is Given: Learning to Manifest Your Desires,Esther Hicks,False,75,9781401904593,314,"{self-improvement,motivational}",233.webp,#442780,#cbc3db,True,2025-04-06 07:49:30.702+00,2025-05-24 19:31:51.124+00,true
236,Range: Why Generalists Triumph in a Specialized World,David Epstein,False,90,9780735214484,352,"{bestseller,educational}",236.webp,#deb040,#e8c879,True,2025-04-06 07:49:30.706+00,2025-04-27 08:25:06.795+00,true
276,The Joy of Sex,Alex Comfort,False,80,9781844037853,240,"{classic,educational}",276.webp,#f9b8ae,#e0a69d,False,2025-04-06 07:49:30.768+00,2025-05-24 20:02:47.845+00,true
281,How to Stop Feeling Like Sh*t,Andrea Owen,False,70,NULL,NULL,"{self-improvement,motivational}",281.webp,#dc6b42,#f5d5ca,True,2025-04-06 07:49:30.777+00,2025-05-24 20:06:42.06+00,true
289,What I Wish I Knew When I Was 20,Tina Seelig,False,75,NULL,NULL,"{self-improvement,motivational}",289.webp,#ca2e23,#f0c5c1,True,2025-04-06 07:49:30.792+00,2025-05-24 20:13:46.665+00,true
287,"The Daily Stoic: 366 Meditations on Wisdom, Perseverance, and the Art of Living",Ryan Holiday,False,85,NULL,NULL,"{motivational,self-improvement}",287.webp,#06485f,#b9ccd2,True,2025-04-06 07:49:30.788+00,2025-05-01 14:10:40.797+00,true
288,The Making of the Atomic Bomb,Richard Rhodes,False,88,NULL,NULL,"{historical,award-winning}",288.webp,#e58148,#f8dccc,True,2025-04-06 07:49:30.79+00,2025-05-01 14:10:52.786+00,true
294,PostSecret: Extraordinary Confessions from Ordinary Lives,Frank Warren,False,85,NULL,NULL,"{trending,society}",294.webp,#a94aa1,#e7cce5,True,2025-04-06 07:49:30.799+00,2025-05-01 14:11:45.927+00,true
291,The Zookeeper's Wife: A War Story,Diane Ackerman,False,80,NULL,NULL,"{historical,adapted-to-film}",291.webp,#f8b029,#fac869,True,2025-04-06 07:49:30.794+00,2025-05-24 20:14:58.126+00,true
292,Mindsight: The New Science of Personal Transformation,Daniel J. Siegel,False,78,NULL,NULL,"{self-improvement,psychology}",292.webp,#155b45,#bdd1cb,True,2025-04-06 07:49:30.796+00,2025-05-24 20:15:46.038+00,true
296,Bullshit Jobs: A Theory,David Graeber,False,75,NULL,NULL,"{society,economics}",296.webp,#672319,#d5c1bf,True,2025-04-06 07:49:30.802+00,2025-05-24 20:20:09.76+00,true
310,The Letters of Vincent van Gogh,Vincent van Gogh,False,85,9780140446746,560,"{classic,influential}",310.webp,#459ea7,#cbe4e6,True,2025-04-06 07:49:30.826+00,2025-05-01 14:13:41.284+00,true
298,The Proper Care and Feeding of Husbands,Laura Schlessinger,False,70,NULL,NULL,"{relationships,self-improvement}",298.webp,#ba5c3c,#ecd1c9,True,2025-04-06 07:49:30.805+00,2025-05-24 20:21:18.621+00,true
299,The Wordy Shipmates,Sarah Vowell,False,70,NULL,NULL,"{historical,society}",299.webp,#cf6e3c,#f1d7c9,True,2025-04-06 07:49:30.807+00,2025-05-24 20:22:49.971+00,true
300,The Girl with the Lower Back Tattoo,Amy Schumer,False,75,NULL,NULL,"{biography,trending}",300.webp,#e7615a,#f8d3d1,True,2025-04-06 07:49:30.808+00,2025-05-24 20:23:33.711+00,true
308,Your Best Year Ever: A 5-Step Plan for Achieving Your Most Important Goals,Michael Hyatt,False,75,9780801075254,272,"{motivational,self-improvement}",308.webp,#1b4a98,#bfcce2,True,2025-04-06 07:49:30.823+00,2025-05-24 20:38:46.14+00,true
301,What's Behind Your Belly Button? A Theory,Charles Bernard Nordhoff,False,50,NULL,NULL,{educational},301.webp,NULL,NULL,NULL,2025-04-06 07:49:30.809+00,2025-04-26 14:46:14.117+00,true
307,Profiles in Courage,John F. Kennedy,False,90,9780060854935,304,"{classic,award-winning}",307.webp,#be8438,#edddc7,True,2025-04-06 07:49:30.822+00,2025-04-27 08:28:08.38+00,true
275,The First 20 Hours: How to Learn Anything...Fast,Josh Kaufman,False,75,9781591845553,288,"{self-improvement,educational}",275.webp,#04a5a9,#b9e6e7,True,2025-04-06 07:49:30.766+00,2025-05-24 20:01:36.652+00,true
283,The Trial and Death of Socrates,Plato,False,85,NULL,NULL,"{classic,philosophy}",283.webp,#538162,#cfdcd3,True,2025-04-06 07:49:30.781+00,2025-05-01 14:09:50.768+00,true
316,Creative Visualization: Use the Power of Your Imagination to Create What You Want in Your Life,Shakti Gawain,False,85,9781577312291,192,"{self-improvement,motivational}",316.webp,NULL,NULL,NULL,2025-04-06 07:49:30.834+00,2025-04-26 14:46:14.192+00,true
304,Nonviolent Communication: A Language of Life,Marshall B. Rosenberg,False,90,9781892005038,264,"{bestseller,educational,self-improvement}",304.webp,#ca9a58,#f0e3d0,True,2025-04-06 07:49:30.817+00,2025-04-27 08:27:37.876+00,true
325,Will I Ever Be Good Enough? Healing the Daughters of Narcissistic Mothers,Karyl McBride,False,75,9781439129432,243,"{self-improvement,psychology}",325.webp,#f39329,#f7b369,True,2025-04-06 07:49:30.847+00,2025-05-24 20:50:13.508+00,true
333,The Five Dysfunctions of a Team,Patrick Lencioni,False,80,9780787960759,229,"{management,leadership}",333.webp,#931710,#e1bebc,True,2025-04-06 07:49:30.858+00,2025-05-24 20:50:25.908+00,true
328,On the Other Hand: The Little Anthology of Big Questions,Renée Paule,False,55,NULL,NULL,{philosophy},328.webp,NULL,NULL,NULL,2025-04-06 07:49:30.851+00,2025-04-26 14:46:14.247+00,true
329,A Capitalist in North Korea: My Seven Years in the Hermit Kingdom,Felix Abt,False,60,9781612346098,320,"{historical,politics}",329.webp,NULL,NULL,NULL,2025-04-06 07:49:30.852+00,2025-04-26 14:46:14.253+00,true
334,So Good They Can't Ignore You: Why Skills Trump Passion in the Quest for Work You Love,Cal Newport,False,85,9781455509126,304,"{career,success}",334.webp,#2c7276,#c4d7d9,True,2025-04-06 07:49:30.859+00,2025-05-01 14:15:20.452+00,true
343,NurtureShock: New Thinking About Children,Po Bronson,False,75,NULL,NULL,"{educational,influential}",343.webp,#bbc69a,#cfd7b8,True,2025-04-06 07:49:30.874+00,2025-05-24 20:50:38.064+00,true
342,"How Successful People Think: Change Your Thinking, Change Your Life",John C. Maxwell,False,85,NULL,NULL,"{motivational,self-improvement}",342.webp,#01706f,#b8d7d7,True,2025-04-06 07:49:30.873+00,2025-05-01 14:15:38.839+00,true
340,The Magic of Thinking Big,David J. Schwartz,False,90,9780671646783,384,"{motivational,self-improvement}",340.webp,#141344,#bdbdcb,True,2025-04-06 07:49:30.87+00,2025-04-27 08:28:28.702+00,true
347,The 21 Irrefutable Laws of Leadership: Follow Them and People Will Follow You,John C. Maxwell,False,90,NULL,NULL,"{bestseller,leadership}",347.webp,#1f3232,#c0c6c6,True,2025-04-06 07:49:30.88+00,2025-04-27 08:28:35.962+00,true
341,The Power of Praying for Your Adult Children,Stormie Omartian,False,60,NULL,NULL,"{influential,2020s}",341.webp,NULL,NULL,NULL,2025-04-06 07:49:30.871+00,2025-04-26 14:46:14.315+00,true
348,Obama's Wars,Bob Woodward,False,85,NULL,NULL,"{historical,political}",348.webp,#2b3741,#c4c7ca,True,2025-04-06 07:49:30.881+00,2025-05-01 14:15:46.836+00,true
345,What to Say When You Talk to Yourself,Shad Helmstetter,False,70,NULL,NULL,"{self-improvement,motivational}",345.webp,#ff7b35,#ffdac7,True,2025-04-06 07:49:30.877+00,2025-05-24 20:50:43.735+00,true
344,A Return to Love: Reflections on the Principles of A Course in Miracles,Marianne Williamson,False,80,NULL,NULL,"{influential,spiritual}",344.webp,NULL,NULL,NULL,2025-04-06 07:49:30.875+00,2025-04-26 14:46:14.333+00,true
351,Goals!: How to Get Everything You Want Faster Than You Ever Thought Possible,Brian Tracy,False,80,NULL,NULL,"{motivational,self-improvement}",351.webp,#b7140f,#ebbdbc,True,2025-04-06 07:49:30.885+00,2025-05-24 20:50:50.119+00,true
320,How to Fail at Almost Everything and Still Win Big: Kind of the Story of My Life,Scott Adams,False,80,9781591847748,256,"{motivational,self-improvement}",320.webp,#ffcf13,#ffdd5a,True,2025-04-06 07:49:30.84+00,2025-05-24 20:48:27.044+00,true
350,How to Develop Self-Confidence & Influence People by Public Speaking,Dale Carnegie,False,85,NULL,NULL,"{classic,motivational}",350.webp,#bd3d2f,#edc9c5,True,2025-04-06 07:49:30.884+00,2025-05-01 14:16:03.326+00,true
354,The Art of Loving,Erich Fromm,False,85,NULL,NULL,"{classic,psychology}",354.webp,#f6a89e,#f9c2bb,True,2025-04-06 07:49:30.89+00,2025-05-01 14:16:10.353+00,true
352,The Peacegiver: How Christ Offers to Heal Our Hearts and Homes,James L. Ferrell,False,65,NULL,NULL,"{spiritual,influential}",352.webp,#c24107,#eecab9,True,2025-04-06 07:49:30.887+00,2025-05-24 20:50:57.352+00,true
353,Troublemaker: Surviving Hollywood and Scientology,Leah Remini,False,75,NULL,NULL,"{biography,influential}",353.webp,#a56247,#e6d3cb,True,2025-04-06 07:49:30.888+00,2025-05-24 20:51:05.915+00,true
359,Difficult Conversations: How to Discuss What Matters Most,Douglas Stone,False,80,NULL,NULL,"{communication,self-improvement}",359.webp,#213252,#c1c6cf,True,2025-04-06 07:49:30.903+00,2025-05-24 20:51:12.389+00,true
357,Chicken Soup for the Soul,Jack Canfield,False,95,NULL,NULL,"{bestseller,motivational}",357.webp,#fcf5e5,#e3ddce,False,2025-04-06 07:49:30.893+00,2025-04-27 08:29:07.778+00,true
339,Walden & Civil Disobedience,Henry David Thoreau,False,90,9780140390445,336,"{classic,philosophy}",339.webp,#999440,#e3e1c9,True,2025-04-06 07:49:30.868+00,2025-04-27 08:28:21.107+00,true
365,A Grief Observed,C.S. Lewis,False,80,9780060652388,112,"{classic,grief,influential}",365.webp,#3f3458,#c9c6d0,True,2025-04-06 07:49:30.943+00,2025-05-24 20:51:32.017+00,true
369,Thunderstruck,Erik Larson,False,75,9781400080670,480,"{historical,bestseller}",369.webp,#042437,#b9c2c7,True,2025-04-06 07:49:30.953+00,2025-05-24 20:51:37.4+00,true
366,Intuition Magic: Understanding Your Psychic Nature,Linda Keen,False,55,NULL,224,"{psychic,spirituality}",366.webp,NULL,NULL,NULL,2025-04-06 07:49:30.945+00,2025-04-26 14:46:14.445+00,true
368,Is Goat Beef?,Jeffery M. Camp,False,40,NULL,NULL,{niche},368.webp,NULL,NULL,NULL,2025-04-06 07:49:30.949+00,2025-04-26 14:46:14.456+00,true
375,The Swerve: How the World Became Modern,Stephen Greenblatt,False,80,9780393343403,356,"{historical,award-winning}",375.webp,#136d6c,#bdd6d6,True,2025-04-06 07:49:30.962+00,2025-05-24 20:52:02.418+00,true
390,Seven Years in Tibet,Heinrich Harrer,False,85,9780874778885,368,"{adapted-to-film,historical}",390.webp,#772f22,#d9c5c1,True,2025-04-06 07:49:30.98+00,2025-05-01 14:16:56.977+00,true
394,Shoe Dog: A Memoir by the Creator of Nike,Phil Knight,False,90,9781501135910,400,"{bestseller,influential}",394.webp,#131412,#bdbdbd,True,2025-04-06 07:49:30.985+00,2025-04-27 08:29:20.78+00,true
381,The Science of Getting Rich,Wallace D. Wattles,False,70,9781585426010,160,"{self-improvement,motivational,classic}",381.webp,#007355,#b8d8cf,True,2025-04-06 07:49:30.969+00,2025-05-24 20:52:17.111+00,true
363,The Little Book of Lykke: The Danish Search for the World's Happiest People,Meik Wiking,False,75,9780062820334,288,"{happiness,influential,trending}",363.webp,#e65d16,#f8d2be,True,2025-04-06 07:49:30.939+00,2025-05-24 20:51:18.363+00,true
389,The Element: How Finding Your Passion Changes Everything,Ken Robinson,False,78,9780143116737,288,"{self-improvement,motivational}",389.webp,#d8341e,#f4c6c0,True,2025-04-06 07:49:30.979+00,2025-05-24 20:52:55.929+00,true
387,Secrets of the Millionaire Mind: Mastering the Inner Game of Wealth,T. Harv Eker,False,85,9780060763282,210,"{bestseller,self-improvement,motivational}",387.webp,NULL,NULL,NULL,2025-04-06 07:49:30.977+00,2025-04-26 14:46:14.566+00,true
391,The Freedom Writers Diary,Erin Gruwell,False,80,9780385494229,320,"{influential,educational}",391.webp,#e8451d,#f9cbc0,True,2025-04-06 07:49:30.982+00,2025-05-24 20:53:01.988+00,true
393,Why Not Me?,Mindy Kaling,False,70,9780804138147,240,"{biography,humor}",393.webp,#fe9e96,#febbb6,True,2025-04-06 07:49:30.984+00,2025-05-24 20:53:14.772+00,true
395,Think Again: The Power of Knowing What You Don't Know,Adam M. Grant,False,85,9781984878106,320,"{self-improvement,motivational}",395.webp,#00a0e5,#b8e5f8,True,2025-04-06 07:49:30.987+00,2025-05-01 14:17:04.618+00,true
398,Religious Literacy: What Every American Needs to Know--And Doesn't,Stephen Prothero,False,70,9780060859527,320,"{educational,influential}",398.webp,#bab36a,#cfca97,True,2025-04-06 07:49:30.99+00,2025-05-24 20:53:29.321+00,true
403,Start Where You Are: A Guide to Compassionate Living,Pema Chödrön,False,75,9781590301425,240,"{self-improvement,motivational}",403.webp,#d1593c,#f2d1c9,True,2025-04-06 07:49:30.996+00,2025-05-24 20:53:42.749+00,true
373,Reasons to Stay Alive,Matt Haig,False,85,9781782116820,272,"{""mental health"",inspirational,bestseller}",373.webp,#281050,#c3bcce,True,2025-04-06 07:49:30.96+00,2025-05-01 14:16:39.665+00,true
399,Black Boy,Richard Wright,False,85,9780060929787,448,"{classic,historical}",399.webp,#6b2204,#d5c1b9,True,2025-04-06 07:49:30.991+00,2025-05-01 14:17:11.656+00,true
397,Cancer: It can be a lonely journey,Ron Millicent,False,50,NULL,NULL,{health},397.webp,NULL,NULL,NULL,2025-04-06 07:49:30.989+00,2025-04-26 14:46:14.616+00,true
402,"Stamped: Racism, Antiracism, and You",Jason Reynolds,False,85,9780316453691,320,"{educational,influential,trending}",402.webp,#787368,#d9d8d5,True,2025-04-06 07:49:30.995+00,2025-05-01 14:17:28.739+00,true
401,Introvert Power: Why Your Inner Life Is Your Hidden Strength,Laurie A. Helgoe,False,60,NULL,320,"{self-improvement,educational}",401.webp,NULL,NULL,NULL,2025-04-06 07:49:30.994+00,2025-04-26 14:46:14.638+00,true
386,My Life in France,Julia Child,False,75,9780307277695,352,"{biography,influential}",386.webp,#3693aa,#c7e1e7,True,2025-04-06 07:49:30.976+00,2025-05-24 20:52:40.719+00,true
374,Living History,Hillary Rodham Clinton,False,90,9780743222259,562,"{political,memoir,bestseller}",374.webp,#00121f,#b8bdc0,True,2025-04-06 07:49:30.961+00,2025-04-27 08:29:13.636+00,true
364,"Goodbye, Things: The New Japanese Minimalism",Fumio Sasaki,False,70,9780393609035,288,"{minimalism,self-improvement,trending}",364.webp,#67a994,#d5e7e1,True,2025-04-06 07:49:30.941+00,2025-05-24 20:51:26.715+00,true
418,Leaders Eat Last: Why Some Teams Pull Together and Others Don't,Simon Sinek,False,85,9781591848019,368,"{leadership,motivational}",418.webp,#154557,#bdcbd0,True,2025-04-06 07:49:31.016+00,2025-05-01 14:17:40.694+00,true
410,Crush It!: Why Now Is the Time to Cash In on Your Passion,Gary Vaynerchuk,False,85,9780061914171,160,"{motivational,entrepreneurship}",410.webp,NULL,NULL,NULL,2025-04-06 07:49:31.005+00,2025-04-26 14:46:14.683+00,true
411,Essential Guide to Treat Diabetes and to Lower Cholesterol,Howard T. Joe,False,50,NULL,NULL,"{health,educational}",411.webp,NULL,NULL,NULL,2025-04-06 07:49:31.007+00,2025-04-26 14:46:14.687+00,true
419,Battlefield of the Mind: Winning the Battle in Your Mind,Joyce Meyer,False,80,9780446691093,288,"{self-improvement,motivational}",419.webp,#1c4c5e,#bfcdd2,True,2025-04-06 07:49:31.017+00,2025-05-24 20:54:27.938+00,true
427,Feeling Good: The New Mood Therapy,David D. Burns,False,85,9780380810338,736,"{self-improvement,psychology}",427.webp,#6aafba,#d5e9ec,True,2025-04-06 07:49:31.026+00,2025-05-01 14:17:49.051+00,true
420,Reinventing Your Life: The Breakthrough Program to End Negative Behavior...and Feel Great Again,Jeffrey E. E. Young,False,70,9780452272040,384,"{self-improvement,psychology}",420.webp,#54936b,#cfe1d5,True,2025-04-06 07:49:31.018+00,2025-05-24 20:54:36.925+00,true
423,The Slight Edge,Jeff Olson,False,75,9781626340466,276,"{self-improvement,motivational}",423.webp,#0164a8,#b8d4e7,True,2025-04-06 07:49:31.022+00,2025-05-24 20:54:53.982+00,true
426,A Supposedly Fun Thing I'll Never Do Again: Essays and Arguments,David Foster Wallace,False,80,9780316925280,368,{influential},426.webp,#1d869d,#c0dde3,True,2025-04-06 07:49:31.025+00,2025-05-24 20:55:00.025+00,true
444,The Power of a Praying Parent,Stormie Omartian,False,70,978-0736957670,224,"{motivational,self-improvement}",444.webp,#097775,#bad9d8,True,2025-04-06 07:49:31.046+00,2025-05-24 20:55:06.884+00,true
445,Rocket Boys (Coalwood #1),Homer Hickam,False,85,978-0385333214,368,"{bestseller,adapted-to-film}",445.webp,#113f52,#bcc9cf,True,2025-04-06 07:49:31.048+00,2025-05-01 14:18:04.463+00,true
428,View Points and Points of View: A 'Phoetry Book' from Cornwall,Clive Blake,False,40,NULL,NULL,{},428.webp,NULL,NULL,NULL,2025-04-06 07:49:31.027+00,2025-04-26 14:46:14.741+00,true
430,Lucky Go Happy: Make Happiness Happen!,Paul Van Der Merwe,False,55,9780620573882,160,"{self-improvement,motivational}",430.webp,NULL,NULL,NULL,2025-04-06 07:49:31.03+00,2025-04-26 14:46:14.744+00,true
431,The Sidepiece Handbook,toniwo,False,30,NULL,NULL,{},431.webp,NULL,NULL,NULL,2025-04-06 07:49:31.031+00,2025-04-26 14:46:14.747+00,true
432,Deadly Diseases and the Therory of Evolution,Paul Ola,False,45,NULL,NULL,{educational},432.webp,NULL,NULL,NULL,2025-04-06 07:49:31.032+00,2025-04-26 14:46:14.75+00,true
433,The Dirty Truth,T.J. Anderson,False,35,NULL,NULL,{},433.webp,NULL,NULL,NULL,2025-04-06 07:49:31.033+00,2025-04-26 14:46:14.753+00,true
435,Just Around The Bend: Más o Menos,Renée Paule,False,40,NULL,NULL,{},435.webp,NULL,NULL,NULL,2025-04-06 07:49:31.035+00,2025-04-26 14:46:14.759+00,true
436,Dear Su Yen,Su-Yen Hu,False,30,NULL,NULL,{},436.webp,NULL,NULL,NULL,2025-04-06 07:49:31.037+00,2025-04-26 14:46:14.762+00,true
438,"Sex: How to Get More of It: A guy’s roadmap to paradise, in and out of the bedroom",Jodi Ambrose,False,45,NULL,NULL,{self-improvement},438.webp,NULL,NULL,NULL,2025-04-06 07:49:31.039+00,2025-04-26 14:46:14.768+00,true
439,The Art of Startup Fundraising,Alejandro Cremades,False,60,9781119191834,224,{entrepreneurship},439.webp,NULL,NULL,NULL,2025-04-06 07:49:31.04+00,2025-04-26 14:46:14.771+00,true
446,"Buddha's Brain: The Practical Neuroscience of Happiness, Love, and Wisdom",Rick Hanson,False,78,978-1572246959,272,"{educational,self-improvement}",446.webp,#319793,#c5e2e1,True,2025-04-06 07:49:31.049+00,2025-05-24 20:55:14.291+00,true
412,The Charisma Myth: How Anyone Can Master the Art and Science of Personal Magnetism,Olivia Fox Cabane,False,75,9781591845940,272,"{self-improvement,motivational}",412.webp,#ec9d2c,#f2ba6b,True,2025-04-06 07:49:31.009+00,2025-05-24 20:54:20.622+00,true
448,The Liars' Club,Mary Karr,False,80,978-0143035749,320,"{award-winning,bestseller}",448.webp,#c74315,#efcabd,True,2025-04-06 07:49:31.051+00,2025-05-24 20:55:20.505+00,true
447,Journey to the West: A Long March from Eastern Dream to Western Reality,Biao Wang,False,50,NULL,NULL,{historical},447.webp,NULL,NULL,NULL,2025-04-06 07:49:31.05+00,2025-04-26 14:46:14.793+00,true
409,The Allegory of the Cave,Plato,False,95,NULL,20,"{classic,philosophical}",409.webp,#b04823,#e9ccc1,True,2025-04-06 07:49:31.004+00,2025-04-27 08:29:28.181+00,true
463,The Seven Storey Mountain,Thomas Merton,False,80,9780156010863,467,"{classic,biography}",463.webp,#65613e,#d4d3c9,True,2025-04-06 07:49:31.068+00,2025-05-24 20:56:00.005+00,true
461,Mein Kampf,Adolf Hitler,False,90,NULL,720,"{historical,influential}",461.webp,NULL,NULL,NULL,2025-04-06 07:49:31.065+00,2025-04-26 14:46:14.836+00,true
470,"The Lemon Tree: An Arab, a Jew, and the Heart of the Middle East",Sandy Tolan,False,75,9781596913431,368,"{historical,educational}",470.webp,#17625d,#bed3d2,True,2025-04-06 07:49:31.076+00,2025-05-24 20:56:15.453+00,true
474,"Bonhoeffer: Pastor, Martyr, Prophet, Spy",Eric Metaxas,False,80,9781595552464,624,"{biography,historical}",474.webp,#982c17,#e2c4be,True,2025-04-06 07:49:31.08+00,2025-05-24 20:56:40.763+00,true
464,The China-America Alliance: East Asian and American Cultural Values Promote Global Harmony,Jack C. Westman,False,50,NULL,NULL,{educational},464.webp,NULL,NULL,NULL,2025-04-06 07:49:31.069+00,2025-04-26 14:46:14.847+00,true
473,Brain on Fire: My Month of Madness,Susannah Cahalan,False,85,9781451621389,288,"{biography,influential}",473.webp,#0a0605,#bbb9b9,True,2025-04-06 07:49:31.079+00,2025-05-01 14:18:23.803+00,true
475,Radical Acceptance: Embracing Your Life With the Heart of a Buddha,Tara Brach,False,75,9780553380996,352,"{self-improvement,mindfulness}",475.webp,#144d4e,#bdcdcd,True,2025-04-06 07:49:31.082+00,2025-05-24 20:56:49.12+00,true
472,The Power of a Praying Husband,Stormie Omartian,False,60,9780736957588,208,"{motivational,self-improvement}",472.webp,NULL,NULL,NULL,2025-04-06 07:49:31.078+00,2025-04-26 14:46:14.87+00,true
485,"The Power (The Secret, #2)",Rhonda Byrne,False,85,9781439181782,272,"{bestseller,motivational}",485.webp,#320470,#c6b9d7,True,2025-04-06 07:49:31.095+00,2025-05-01 14:18:31.868+00,true
478,Open,Andre Agassi,False,80,9780307388407,388,"{biography,influential}",478.webp,#2e6384,#c5d3dd,True,2025-04-06 07:49:31.085+00,2025-05-24 20:56:55.814+00,true
481,"Present Over Perfect: Leaving Behind Frantic for a Simpler, More Soulful Way of Living",Shauna Niequist,False,70,9780310342991,240,"{self-improvement,motivational}",481.webp,#dfd8c7,#c9c2b3,False,2025-04-06 07:49:31.089+00,2025-05-24 20:57:10.594+00,true
476,"Shattered Lives: A Brutal Murder, A Cop On The Edge",Peter Seymour,False,55,NULL,NULL,{crime},476.webp,NULL,NULL,NULL,2025-04-06 07:49:31.083+00,2025-04-26 14:46:14.886+00,true
477,When Bad Things Happen to Good People,Harold S. Kushner,False,85,9781400034727,176,"{self-improvement,motivational}",477.webp,NULL,NULL,NULL,2025-04-06 07:49:31.084+00,2025-04-26 14:46:14.89+00,true
482,The Places That Scare You: A Guide to Fearlessness in Difficult Times,Pema Chödrön,False,75,9781570629211,144,"{self-improvement,motivational}",482.webp,#023447,#b8c6cb,True,2025-04-06 07:49:31.091+00,2025-05-24 20:57:16.622+00,true
466,"Women, Race & Class",Angela Davis,False,85,9780394713519,288,"{influential,historical}",466.webp,#a71d13,#e6c0bd,True,2025-04-06 07:49:31.071+00,2025-05-01 14:18:15.479+00,true
484,"The Talent Code: Unlocking the Secret of Skill in Sports, Art, Music, Math, and Just About Everything Else",Daniel Coyle,False,80,9780553806847,256,"{educational,self-improvement}",484.webp,#1e0d2f,#c0bbc5,True,2025-04-06 07:49:31.094+00,2025-05-24 20:57:23.007+00,true
483,Leadership Lessons From Mom,Mark Villareal,False,50,9781683500295,150,"{motivational,educational}",483.webp,NULL,NULL,NULL,2025-04-06 07:49:31.093+00,2025-04-26 14:46:14.909+00,true
460,"Mayflower: A Story of Courage, Community, and War",Nathaniel Philbrick,False,80,978-0143111979,480,"{historical,bestseller}",460.webp,#d37919,#f3d9bf,True,2025-04-06 07:49:31.064+00,2025-05-24 20:55:38.483+00,true
486,My Utmost for His Highest,Oswald Chambers,False,90,9781572937719,416,"{classic,religious}",486.webp,NULL,NULL,NULL,2025-04-06 07:49:31.097+00,2025-04-26 14:46:14.921+00,true
489,With the Old Breed: At Peleliu and Okinawa,Eugene B. Sledge,False,85,9780891419198,352,"{historical,war}",489.webp,NULL,NULL,NULL,2025-04-06 07:49:31.1+00,2025-04-26 14:46:14.931+00,true
494,The Biographies of Jesus' Apostles: Ambassadors in Chains,James Allen Moseley,False,60,9781940269804,300,"{religious,historical}",494.webp,NULL,NULL,NULL,2025-04-06 07:49:31.106+00,2025-04-26 14:46:14.946+00,true
479,The Souls of Black Folk,W.E.B. Du Bois,False,90,9780140189988,272,"{classic,influential}",479.webp,#38170b,#c7bebb,True,2025-04-06 07:49:31.087+00,2025-04-27 08:30:02.302+00,true
501,"It's Not How Good You Are, It's How Good You Want To Be",Paul Arden,False,70,9780714843377,128,"{motivational,self-improvement}",501.webp,#fcc000,#fdd34d,True,2025-04-06 07:49:31.114+00,2025-05-24 20:58:03.983+00,true
506,Letters from a Stoic,Seneca,False,80,9780140442106,256,"{classic,philosophy}",506.webp,#f49d13,#f7ba5a,True,2025-04-06 07:49:31.12+00,2025-05-24 20:58:19.44+00,true
502,A Love Story How God Pursued Me and Found Me: An Impossibly True Story,Samantha Ryan Chandler,False,40,NULL,NULL,"{religion,memoir}",502.webp,NULL,NULL,NULL,2025-04-06 07:49:31.116+00,2025-04-26 14:46:14.975+00,true
504,The Ultimate Religion,Gillian Dance,False,30,NULL,NULL,{religion},504.webp,NULL,NULL,NULL,2025-04-06 07:49:31.118+00,2025-04-26 14:46:14.979+00,true
505,Untamed,Glennon Doyle,False,85,9781984801258,352,"{bestseller,motivational,self-improvement}",505.webp,NULL,NULL,NULL,2025-04-06 07:49:31.119+00,2025-04-26 14:46:14.983+00,true
514,"Choose Yourself: Be Happy, Make Millions, Live the Dream",James Altucher,False,75,9781490313375,276,"{motivational,self-improvement,entrepreneurship}",514.webp,#c95f2a,#f0d2c3,True,2025-04-06 07:49:31.129+00,2025-05-24 20:58:28.547+00,true
512,Freedom Is a Constant Struggle,Angela Y. Davis,False,85,9781608465644,180,"{influential,politics,society}",512.webp,NULL,NULL,NULL,2025-04-06 07:49:31.127+00,2025-04-26 14:46:15.012+00,true
517,"Boundaries: When to Say Yes, How to Say No to Take Control of Your Life",Henry Cloud,False,80,9780310247456,320,"{self-improvement,psychology}",517.webp,#b74038,#ebc9c7,True,2025-04-06 07:49:31.133+00,2025-05-24 20:58:35.899+00,true
523,How to Have Confidence and Power in Dealing with People,Les Giblin,False,65,9780134106717,192,"{self-improvement,motivational}",523.webp,#ec9163,#f2b292,True,2025-04-06 07:49:31.14+00,2025-05-24 20:58:46.489+00,true
524,The Virtue of Selfishness: A New Concept of Egoism,Ayn Rand,False,80,9780451163936,176,"{influential,philosophy}",524.webp,#f6b11e,#f9c862,True,2025-04-06 07:49:31.141+00,2025-05-24 20:58:56.625+00,true
525,God's Smuggler,Brother Andrew,False,70,9780800793012,256,"{biography,inspirational}",525.webp,#5b6255,#d1d3cf,True,2025-04-06 07:49:31.142+00,2025-05-24 20:59:11.15+00,true
533,The Code of the Extraordinary Mind: 10 Unconventional Laws to Transform Your Life,Grant Cardone,False,75,9780593135822,288,"{self-improvement,motivational}",533.webp,#271e5b,#c3c0d1,True,2025-04-06 07:49:31.151+00,2025-05-24 20:59:34.163+00,true
526,Barracoon: The Story of the Last Black Cargo,Zora Neale Hurston,False,85,9780062748201,208,"{historical,influential}",526.webp,NULL,NULL,NULL,2025-04-06 07:49:31.143+00,2025-04-26 14:46:15.075+00,true
527,The Spy and the Traitor: The Greatest Espionage Story of the Cold War,Ben Macintyre,False,88,9781101904190,384,"{historical,bestseller}",527.webp,NULL,NULL,NULL,2025-04-06 07:49:31.144+00,2025-04-26 14:46:15.081+00,true
536,The Five Love Languages for Singles,Gary Chapman,False,85,9780802414816,256,"{self-improvement,relationships}",536.webp,#fc5a4b,#fed1cd,True,2025-04-06 07:49:31.154+00,2025-05-01 14:19:12.469+00,true
497,When They Call You a Terrorist: A Black Lives Matter Memoir,Patrisse Khan-Cullors,False,80,9781250171085,272,"{memoir,influential}",497.webp,#c83117,#f0c5be,True,2025-04-06 07:49:31.11+00,2025-05-24 20:57:45.11+00,true
537,The Pragmatist's Guide to Relationships,Malcolm Collins,False,60,9781734324820,256,"{relationships,self-improvement}",537.webp,NULL,NULL,NULL,2025-04-06 07:49:31.155+00,2025-04-26 14:46:15.138+00,true
529,Mastery,Robert Greene,False,85,9780143124177,352,"{self-improvement,motivational}",529.webp,#bf2d17,#edc4be,True,2025-04-06 07:49:31.146+00,2025-05-01 14:18:59.428+00,true
498,No More Mr. Nice Guy,Robert A. Glover,False,75,9780762415335,192,"{self-improvement,motivational}",498.webp,#f39f1b,#f7bc5f,True,2025-04-06 07:49:31.111+00,2025-05-24 20:57:56.541+00,true
543,Toxic Parents: Overcoming Their Hurtful Legacy and Reclaiming Your Life,Susan Forward,False,80,9780553381405,320,"{self-improvement,educational}",543.webp,#3e180d,#c9bebb,True,2025-04-06 07:49:31.162+00,2025-05-24 21:00:37.89+00,true
546,Small Is Beautiful: Economics as if People Mattered,Ernst F. Schumacher,False,80,9780061997761,352,"{classic,influential}",546.webp,#f0ab2e,#f5c46d,True,2025-04-06 07:49:31.165+00,2025-05-24 21:00:56.233+00,true
574,Feel the Fear and Do It Anyway,Susan Jeffers,False,90,9780091907075,240,"{motivational,bestseller}",574.webp,#151b15,#bdbfbd,True,2025-04-06 07:49:31.201+00,2025-04-27 08:30:26.906+00,true
556,Smoke Gets in Your Eyes & Other Lessons from the Crematory,Caitlin Doughty,False,75,9780393351903,272,"{educational,biography}",556.webp,#b7551e,#ebcfc0,True,2025-04-06 07:49:31.18+00,2025-05-24 21:01:36.86+00,true
555,Walden,Michael T. Dolan,False,85,9780143124933,224,"{classic,philosophical}",555.webp,#3b795f,#c8d9d2,True,2025-04-06 07:49:31.179+00,2025-05-01 14:20:03.636+00,true
549,Conquer Your Deliverance: How to Live a Life of Total Freedom,John Ramirez,False,60,NULL,NULL,"{motivational,self-improvement}",549.webp,NULL,NULL,NULL,2025-04-06 07:49:31.168+00,2025-04-26 14:46:15.196+00,true
558,Codependent No More: How to Stop Controlling Others and Start Caring for Yourself,Melody Beattie,False,85,9780894864025,276,"{self-improvement,bestseller}",558.webp,#c35458,#eecfd0,True,2025-04-06 07:49:31.182+00,2025-05-01 14:20:19.738+00,true
561,"Zen Mind, Beginner's Mind: Informal Talks on Zen Meditation and Practice",Shunryu Suzuki,False,70,9781590302675,138,"{classic,educational,influential}",561.webp,#c7975b,#efe2d1,True,2025-04-06 07:49:31.186+00,2025-05-24 21:01:56.315+00,true
557,Diary of a Lost Girl: The Autobiography of Kola Boof,Kola Boof,False,60,9781847283982,400,"{biography,influential}",557.webp,NULL,NULL,NULL,2025-04-06 07:49:31.181+00,2025-04-26 14:46:15.233+00,true
562,Weird Things Customers Say in Bookshops,Jen Campbell,False,60,9781780334837,119,"{humor,trending}",562.webp,#b0976a,#e9e2d5,True,2025-04-06 07:49:31.187+00,2025-05-01 14:20:45.801+00,true
570,Is It Just Me?,Miranda Hart,False,70,9781444734168,323,"{humor,trending}",570.webp,#e48873,#f7ded8,True,2025-04-06 07:49:31.197+00,2025-05-24 21:02:03.412+00,true
573,Tribe Of Mentors: Short Life Advice from the Best in the World,Timothy Ferriss,False,85,9781328994967,624,"{self-improvement,bestseller}",573.webp,#3f2f88,#c9c5de,True,2025-04-06 07:49:31.2+00,2025-05-01 14:21:06.917+00,true
571,Patton: A Genius for War,Carlo D'Este,False,65,9780060927622,1024,"{historical,biography}",571.webp,#d75f41,#f4d2ca,True,2025-04-06 07:49:31.198+00,2025-05-24 21:02:11.086+00,true
577,Dry,Augusten Burroughs,False,75,9780312423797,320,"{biography,trending}",577.webp,#d2700d,#f3d7bb,True,2025-04-06 07:49:31.204+00,2025-05-24 21:02:17.119+00,true
540,Indian Givers: How the Indians of the Americas Transformed the World,Jack Weatherford,False,75,9780449904961,288,"{historical,influential}",540.webp,#f0aa36,#f5c472,True,2025-04-06 07:49:31.158+00,2025-05-24 20:59:50.472+00,true
547,The Definitive Book of Body Language,Allan Pease,False,85,9780553804720,400,"{educational,bestseller}",547.webp,#f6aa12,#f9c459,True,2025-04-06 07:49:31.166+00,2025-05-01 14:19:47.815+00,true
580,"Hot, Flat, and Crowded: Why We Need a Green Revolution – and How It Can Renew America",Thomas L. Friedman,False,80,9780374166854,448,"{educational,influential}",580.webp,#83a249,#dce5cc,True,2025-04-06 07:49:31.208+00,2025-05-24 21:02:34.762+00,true
582,My Country 'Tis of Thee,Keith Ellison,False,60,NULL,NULL,"{political,memoir}",582.webp,NULL,NULL,NULL,2025-04-06 07:49:31.21+00,2025-04-26 14:46:15.361+00,true
542,White Trash: The 400-Year Untold History of Class in America,Nancy Isenberg,False,75,9780670785971,496,"{historical,influential}",542.webp,#b13021,#e9c5c1,True,2025-04-06 07:49:31.16+00,2025-05-24 21:00:28.484+00,true
545,What I Know for Sure,Oprah Winfrey,False,90,9781250054050,240,"{bestseller,motivational}",545.webp,#c34d27,#eecdc3,True,2025-04-06 07:49:31.164+00,2025-04-27 08:30:20.516+00,true
588,Separate Things: A Memoir,Ashley Marie Berry,False,50,NULL,NULL,{memoir},588.webp,NULL,NULL,NULL,2025-04-06 07:49:31.216+00,2025-04-26 14:46:15.38+00,true
604,"Ultralearning: Master Hard Skills, Outsmart the Competition, and Accelerate Your Career",Scott H. Young,False,75,9780062852687,304,"{educational,self-improvement}",604.webp,#e43707,#f7c7b9,True,2025-04-06 07:49:31.233+00,2025-05-24 21:04:31.672+00,true
591,"Choices 86,400 a day",Lauren Alexander,False,50,NULL,NULL,{self-improvement},591.webp,NULL,NULL,NULL,2025-04-06 07:49:31.219+00,2025-04-26 14:46:15.392+00,true
600,Held Hostage: A Story of Love & Mental Illness,Bonnie McKeating,False,50,NULL,NULL,"{memoir,""mental health""}",600.webp,NULL,NULL,NULL,2025-04-06 07:49:31.228+00,2025-04-26 14:46:15.433+00,true
609,Linda Goodman's Sun Signs,Linda Goodman,False,80,9780553278828,531,"{astrology,bestseller}",609.webp,#7a4580,#dacbdb,True,2025-04-06 07:49:31.239+00,2025-05-24 21:04:47.451+00,true
610,"Wind, Sand and Stars",Antoine de Saint-Exupéry,False,85,9780156027496,240,"{classic,influential}",610.webp,#02303d,#b8c5c9,True,2025-04-06 07:49:31.24+00,2025-05-01 14:21:39.907+00,true
606,"Voices of Cancer: What We Really Want, What We Really Need",Lynda Wolters,False,50,9781642794040,200,"{health,inspirational}",606.webp,NULL,NULL,NULL,2025-04-06 07:49:31.235+00,2025-04-26 14:46:15.46+00,true
612,The Art of Thinking Clearly,Rolf Dobelli,False,78,9780062219695,384,"{psychology,self-improvement}",612.webp,#f0e8d3,#d8d1be,False,2025-04-06 07:49:31.243+00,2025-05-24 21:04:54.624+00,true
611,The Book of Joy: Lasting Happiness in a Changing World,Dalai Lama XIV,False,88,9780399185045,368,"{inspirational,bestseller}",611.webp,#db424d,#f5cacd,True,2025-04-06 07:49:31.241+00,2025-05-01 14:21:46.743+00,true
625,The Seven Spiritual Laws of Success: A Practical Guide to the Fulfillment of Your Dreams,Deepak Chopra,False,85,9781878424112,118,"{bestseller,motivational,self-improvement}",625.webp,#0a2245,#bbc1cb,True,2025-04-06 07:49:31.258+00,2025-05-01 14:21:54.105+00,true
617,The Revolution Betrayed,Leon Trotsky,False,75,9780486433982,304,"{historical,political}",617.webp,#cd3b13,#f1c8bd,True,2025-04-06 07:49:31.249+00,2025-05-24 21:05:07.643+00,true
618,Stolen Lives: Twenty Years in a Desert Jail,Malika Oufkir,False,70,9780786886302,304,"{biography,inspirational}",618.webp,#c54724,#efcbc2,True,2025-04-06 07:49:31.25+00,2025-05-24 21:05:20.349+00,true
624,Physics of the Impossible,Michio Kaku,False,80,9780385520690,329,"{science,educational}",624.webp,#291a3e,#c3bfc9,True,2025-04-06 07:49:31.257+00,2025-05-24 21:05:38.349+00,true
605,The Complete Essays,Michel de Montaigne,False,85,9780140446043,1344,"{classic,philosophy}",605.webp,#d39f5a,#e0bc8c,True,2025-04-06 07:49:31.234+00,2025-05-01 14:21:32.348+00,true
584,Beautiful Affliction,Lene Fogelberg,False,65,NULL,NULL,"{memoir,inspirational}",584.webp,#d2e2d8,#bdcbc2,False,2025-04-06 07:49:31.212+00,2025-05-24 21:02:48.138+00,true
626,Retrieving for All Occasions: Foundations for Excellence in Gun Dog Training,Elsa Blomster,False,40,9789198161347,254,{educational},626.webp,NULL,NULL,NULL,2025-04-06 07:49:31.26+00,2025-04-26 14:46:15.561+00,true
628,Sexing for All Occasions: Foundations for Excellence in Gun Dog Training,Elsa Blomster,False,30,NULL,NULL,{educational},628.webp,NULL,NULL,NULL,2025-04-06 07:49:31.262+00,2025-04-26 14:46:15.573+00,true
589,The Invention of Nature: Alexander von Humboldt's New World,Andrea Wulf,False,80,NULL,NULL,"{historical,biography}",589.webp,#20a174,#c1e5d8,True,2025-04-06 07:49:31.217+00,2025-05-24 21:03:15.511+00,true
621,The Power of Now,Eckhart Tolle,False,90,9781577314806,236,"{bestseller,influential,self-improvement}",621.webp,#346968,#c6d5d5,True,2025-04-06 07:49:31.253+00,2025-04-27 08:30:46.148+00,true
638,Jihad vs. McWorld,Benjamin R. Barber,False,70,9780345383044,432,"{politics,society}",638.webp,#e06346,#f6d3cb,True,2025-04-06 07:49:31.273+00,2025-05-24 21:06:17.259+00,true
635,The Right Hand of God: A Psychotherapist's Case for the Reality of the Living God,Ara C. Trembly MS MA LPC,False,40,NULL,NULL,"{psychology,spirituality}",635.webp,NULL,NULL,NULL,2025-04-06 07:49:31.27+00,2025-04-26 14:46:15.596+00,true
646,Self-Compassion: The Proven Power of Being Kind to Yourself,Kristin Neff,False,75,978-0061733512,320,"{self-improvement,motivational}",646.webp,#875c99,#ddd1e3,True,2025-04-06 07:49:31.282+00,2025-05-24 21:06:42.574+00,true
642,Rework,Jason Fried,False,85,978-0307463746,288,"{bestseller,entrepreneurship,motivational}",642.webp,#cb1a10,#f1bfbc,True,2025-04-06 07:49:31.277+00,2025-05-01 14:22:25.172+00,true
672,Leviathan,Thomas Hobbes,False,85,NULL,736,"{classic,foundational}",672.webp,#122547,#bdc2cb,True,2025-04-06 07:49:31.31+00,2025-05-01 14:22:32.877+00,true
645,"Tree of Life with Spiritual Poetry (AoL Mindfulness, #9)",Nataša Pantović,False,50,NULL,150,"{spiritual,mindfulness}",645.webp,NULL,NULL,NULL,2025-04-06 07:49:31.281+00,2025-04-26 14:46:15.639+00,true
650,Unbearable Lightness: A Story of Loss and Gain,Portia de Rossi,False,65,978-1439177785,320,"{biography,influential}",650.webp,#578898,#d0dee2,True,2025-04-06 07:49:31.286+00,2025-05-24 21:06:51.206+00,true
647,"Moab Is My Washpot (Memoir, #1)",Stephen Fry,False,70,978-1567316780,384,"{biography,influential}",647.webp,NULL,NULL,NULL,2025-04-06 07:49:31.283+00,2025-04-26 14:46:15.651+00,true
648,Do the Work,Steven Pressfield,False,80,978-1936719013,112,"{motivational,short-read}",648.webp,NULL,NULL,NULL,2025-04-06 07:49:31.284+00,2025-04-26 14:46:15.657+00,true
655,The Cost of Discipleship,Dietrich Bonhoeffer,False,80,978-0684815008,320,"{classic,religious}",655.webp,#f7ad00,#f9c64d,True,2025-04-06 07:49:31.291+00,2025-05-24 21:06:57.339+00,true
662,Decluttering at the Speed of Life: Winning Your Never-Ending Battle with Stuff,Dana K. White,False,65,NULL,240,"{self-improvement,motivational}",662.webp,#4d817c,#cddcda,True,2025-04-06 07:49:31.299+00,2025-05-24 21:07:37.943+00,true
664,No Wonder They Call Him Savior: Experience the Truth of the Cross,Max Lucado,False,70,NULL,192,"{religion,influential}",664.webp,#ec9f1d,#f2bc61,True,2025-04-06 07:49:31.301+00,2025-05-24 21:07:45.083+00,true
665,The Moon's a Balloon,David Niven,False,75,NULL,336,"{biography,classic}",665.webp,#4e8a85,#cddedd,True,2025-04-06 07:49:31.302+00,2025-05-24 21:07:57.233+00,true
671,The Know-It-All,A.J. Jacobs,False,70,NULL,400,"{educational,humor}",671.webp,#fabb49,#fccf80,True,2025-04-06 07:49:31.309+00,2025-05-24 21:08:18.953+00,true
633,Autobiography of a Face,Lucy Grealy,False,70,9780060569662,256,"{biography,inspirational}",633.webp,#d94621,#f4cbc1,True,2025-04-06 07:49:31.268+00,2025-05-24 21:06:04.782+00,true
634,The Quick & Easy Way to Effective Speaking,Dale Carnegie,False,80,9780671724009,224,"{self-improvement,communication}",634.webp,#c63a20,#efc8c1,True,2025-04-06 07:49:31.269+00,2025-05-24 21:06:10.741+00,true
640,The Dip: A Little Book That Teaches You When to Quit,Seth Godin,False,85,9781591841661,96,"{bestseller,motivational}",640.webp,#0871b0,#bad7e9,True,2025-04-06 07:49:31.275+00,2025-05-01 14:22:08.536+00,true
683,Unlimited Power: The New Science Of Personal Achievement,Anthony Robbins,False,88,9780684845777,448,"{motivational,self-improvement}",683.webp,#aa3108,#e7c5ba,True,2025-04-06 07:49:31.322+00,2025-05-01 14:23:12.702+00,true
698,The Greatest Salesman in the World,Og Mandino,False,90,9780553277579,111,"{bestseller,motivational}",698.webp,#8f4440,#e0cbc9,True,2025-04-06 07:49:31.339+00,2025-04-27 08:31:00.207+00,true
675,The Big Leap: Conquer Your Hidden Fear and Take Life to the Next Level,Gay Hendricks,False,75,NULL,224,"{self-improvement,motivational}",675.webp,#329c89,#c6e3de,True,2025-04-06 07:49:31.313+00,2025-05-24 21:08:49.288+00,true
687,Year of Yes,Shonda Rhimes,False,85,9781476777092,311,"{motivational,self-improvement}",687.webp,#1e7370,#c0d8d7,True,2025-04-06 07:49:31.327+00,2025-05-01 14:23:29.924+00,true
686,Surprised by Joy: The Shape of My Early Life,C.S. Lewis,False,78,9780156870115,252,"{classic,biography}",686.webp,#eda70d,#f2c156,True,2025-04-06 07:49:31.326+00,2025-05-24 21:09:17.271+00,true
695,Change Anything: The New Science of Personal Success,Kerry Patterson,False,75,9780446573914,288,"{self-improvement,motivational}",695.webp,#fbca6b,#e2b660,False,2025-04-06 07:49:31.336+00,2025-05-24 21:09:24.653+00,true
696,Thomas Jefferson: Author of America,Christopher Hitchens,False,80,9780060598969,208,"{biography,historical}",696.webp,#c96927,#f0d5c3,True,2025-04-06 07:49:31.337+00,2025-05-24 21:09:36.754+00,true
700,Fuzz: When Nature Breaks the Law,Mary Roach,False,80,9781324001935,336,"{science,nature}",700.webp,#e9b405,#f0cb50,True,2025-04-06 07:49:31.341+00,2025-05-24 21:09:49.67+00,true
677,Touching the Void: The True Story of One Man's Miraculous Survival,Joe Simpson,False,85,NULL,218,"{influential,adventure}",677.webp,#1c6074,#bfd3d8,True,2025-04-06 07:49:31.316+00,2025-05-01 14:22:39.603+00,true
704,Relentless: From Good to Great to Unstoppable (Tim Grover Winning Series),Tim S. Grover,False,80,9781476714202,256,"{motivational,self-improvement}",704.webp,#bc2b1d,#ecc4c0,True,2025-04-06 07:49:31.345+00,2025-05-24 21:10:16.817+00,true
702,A Woman After God's Own Heart,Elizabeth George,False,65,9780736959623,320,"{inspirational,religion}",702.webp,NULL,NULL,NULL,2025-04-06 07:49:31.343+00,2025-04-26 14:46:15.896+00,true
707,"Liar, Temptress, Soldier, Spy: Four Women Undercover in the Civil War",Karen Abbott,False,72,9780062092892,528,"{historical,biography}",707.webp,#d58b26,#f3dfc2,True,2025-04-06 07:49:31.348+00,2025-05-24 21:10:22.82+00,true
708,The Nerdist Way: How to Reach the Next Level,Chris Hardwick,False,68,9780425249841,304,"{self-improvement,humor}",708.webp,#5b3592,#d1c7e1,True,2025-04-06 07:49:31.349+00,2025-05-24 21:10:31.551+00,true
709,De Profundis,Oscar Wilde,False,80,9780140430899,128,"{classic,biography}",709.webp,#432b46,#cac4cb,True,2025-04-06 07:49:31.351+00,2025-05-24 21:10:39.424+00,true
715,A Guide to the Good Life: The Ancient Art of Stoic Joy,William B. Irvine,False,78,9780195374612,336,"{philosophy,self-improvement}",715.webp,#f7c329,#f9d569,True,2025-04-06 07:49:31.357+00,2025-05-24 21:10:45.561+00,true
716,Digital Minimalism: Choosing a Focused Life in a Noisy World,Cal Newport,False,82,9780525536512,304,"{self-improvement,technology}",716.webp,#6aabac,#d5e7e8,True,2025-04-06 07:49:31.358+00,2025-05-24 21:10:59.024+00,true
676,Spook: Science Tackles the Afterlife,Mary Roach,False,70,NULL,311,"{science,humor}",676.webp,#093752,#bac7cf,True,2025-04-06 07:49:31.314+00,2025-05-24 21:08:55.23+00,true
679,Permanent Record,Edward Snowden,False,90,NULL,352,"{bestseller,influential}",679.webp,#011a2f,#b8bfc5,True,2025-04-06 07:49:31.318+00,2025-04-27 08:30:52.865+00,true
725,A Short History of Progress,Ronald Wright,False,65,NULL,NULL,"{historical,educational}",725.webp,#e9d291,#d2bd83,False,2025-04-06 07:49:31.37+00,2025-05-24 21:11:11.657+00,true
721,Shit my History Teacher DID NOT tell me!,Karl Wiggins,False,50,NULL,NULL,"{humor,history}",721.webp,NULL,NULL,NULL,2025-04-06 07:49:31.365+00,2025-04-26 14:46:15.956+00,true
729,Cultish: The Language of Fanaticism,Amanda Montell,False,75,NULL,NULL,"{language,society}",729.webp,#6d3e98,#d6c9e2,True,2025-04-06 07:49:31.375+00,2025-05-24 21:11:21.557+00,true
732,"If You Tell: A True Story of Murder, Family Secrets, and the Unbreakable Bond of Sisterhood",Gregg Olsen,False,70,NULL,NULL,"{""true crime"",family}",732.webp,#375963,#c7d1d3,True,2025-04-06 07:49:31.378+00,2025-05-24 21:11:35.079+00,true
738,The Power of Moments: Why Certain Experiences Have Extraordinary Impact,Chip Heath,False,85,NULL,NULL,"{self-improvement,psychology}",738.webp,#23448c,#c1cbdf,True,2025-04-06 07:49:31.385+00,2025-05-01 14:24:15.118+00,true
735,Manhunt: The 12-Day Chase for Lincoln's Killer,James L. Swanson,False,80,NULL,NULL,"{historical,""true crime""}",735.webp,#af6922,#e9d5c1,True,2025-04-06 07:49:31.381+00,2025-05-24 21:11:41.663+00,true
741,All About Love: New Visions,bell hooks,False,70,9780060959470,272,"{influential,self-improvement}",741.webp,#e6411e,#f8cac0,True,2025-04-06 07:49:31.389+00,2025-05-24 21:11:54.753+00,true
747,Maximum Achievement: Strategies and Skills That Will Unlock Your Hidden Powers to Succeed,Brian Tracy,False,75,9780684803319,352,"{motivational,self-improvement}",747.webp,#059b9c,#b9e3e3,True,2025-04-06 07:49:31.396+00,2025-05-24 21:12:22.281+00,true
746,How to Win Friends and Influence People in the Digital Age (Dale Carnegie Books),Dale Carnegie,False,90,9781451612592,272,"{bestseller,self-improvement,motivational}",746.webp,#068381,#b9dcdc,True,2025-04-06 07:49:31.394+00,2025-04-27 08:31:40.306+00,true
740,Breath: The New Science of a Lost Art,James Nestor,False,85,NULL,NULL,"{health,science}",740.webp,#5ec5bd,#8ed6d1,True,2025-04-06 07:49:31.387+00,2025-05-01 14:24:22.847+00,true
745,The Analects,Confucius,False,85,NULL,256,"{classic,philosophy}",745.webp,#ecc48a,#d4b07c,False,2025-04-06 07:49:31.393+00,2025-05-01 14:24:32.021+00,true
748,Rejection Proof: How I Beat Fear and Became Invincible Through 100 Days of Rejection,Jia Jiang,False,70,9780804141383,240,"{motivational,self-improvement}",748.webp,#f3b025,#f7c866,True,2025-04-06 07:49:31.397+00,2025-05-24 21:12:37.455+00,true
742,Wrong Planet - Searching for your Tribe,Karl Wiggins,False,40,NULL,NULL,{niche},742.webp,NULL,NULL,NULL,2025-04-06 07:49:31.39+00,2025-04-26 14:46:16.033+00,true
757,The Blind Side,Michael Lewis,False,85,9780393330472,339,"{bestseller,adapted-to-film}",757.webp,#072b3f,#b9c4c9,True,2025-04-06 07:49:31.409+00,2025-05-01 14:24:44.018+00,true
730,The Death and Life of Great American Cities,Jane Jacobs,False,85,NULL,NULL,"{""urban planning"",classic}",730.webp,#0c4b52,#bbcdcf,True,2025-04-06 07:49:31.376+00,2025-05-01 14:24:08.753+00,true
751,Stiff: The Curious Lives of Human Cadavers,Mary Roach,False,75,9780393324822,303,"{science,educational}",751.webp,#1d6c6f,#c0d6d7,True,2025-04-06 07:49:31.402+00,2025-05-24 21:12:43.623+00,true
753,The Way Things Are,Lucretius,False,70,NULL,224,"{classic,philosophy}",753.webp,#b08f6c,#e9e0d6,True,2025-04-06 07:49:31.404+00,2025-05-24 21:12:53.124+00,true
749,He Chose the Nails: What God Did to Win Your Heart,Max Lucado,False,60,9780849947122,240,"{religion,inspirational}",749.webp,NULL,NULL,NULL,2025-04-06 07:49:31.399+00,2025-04-26 14:46:16.054+00,true
755,Intuitive Eating: A Revolutionary Program That Works,Evelyn Tribole,False,70,9781250004048,384,"{health,nutrition}",755.webp,#a38ab0,#e5dee9,True,2025-04-06 07:49:31.407+00,2025-05-24 21:13:01.023+00,true
756,"Stones Into Schools: Promoting Peace With Books, Not Bombs, in Afghanistan and Pakistan",Greg Mortenson,False,75,9780143118237,448,"{educational,influential}",756.webp,#5faca2,#d2e8e5,True,2025-04-06 07:49:31.408+00,2025-05-24 21:13:06.949+00,true
758,Scar Tissue,Anthony Kiedis,False,80,9781401307455,480,"{biography,music}",758.webp,#d36b3f,#f3d5c9,True,2025-04-06 07:49:31.41+00,2025-05-24 21:13:12.87+00,true
759,"Bringing Up Bébé: One American Mother's Quest for Identity, Purpose, and a Good Night's Sleep",Pamela Druckerman,False,75,9780143122968,432,"{parenting,cultural}",759.webp,#efe0d0,#d7cabb,False,2025-04-06 07:49:31.411+00,2025-05-24 21:13:22.094+00,true
720,My Stroke of Insight: A Brain Scientist's Personal Journey,Jill Bolte Taylor,False,80,9780452295544,224,"{biography,health}",720.webp,#ca2775,#f0c3d8,True,2025-04-06 07:49:31.364+00,2025-05-24 21:11:04.595+00,true
760,The Book of Lies,Aleister Crowley,False,65,9780877285168,196,"{mysticism,occult}",760.webp,#c12109,#eec1ba,True,2025-04-06 07:49:31.413+00,2025-05-24 21:13:32.63+00,true
737,Flow: The Psychology of Optimal Experience,Mihály Csíkszentmihályi,False,90,NULL,NULL,"{psychology,self-improvement}",737.webp,#47867f,#cbdddb,True,2025-04-06 07:49:31.384+00,2025-04-27 08:31:26.229+00,true
719,No One Is Too Small to Make a Difference,Greta Thunberg,False,90,9780141991740,112,"{influential,environment}",719.webp,#488055,#ccdbcf,True,2025-04-06 07:49:31.362+00,2025-04-27 08:31:12.391+00,true
788,Managing Oneself,Peter F. Drucker,False,85,9781422123126,64,"{bestseller,self-improvement,motivational}",788.webp,#e1d7b5,#cbc2a3,False,2025-04-06 07:49:31.444+00,2025-05-01 14:25:44.247+00,true
765,Communions With Christ,Sharon Roni Ellis,False,50,NULL,NULL,{religion},765.webp,NULL,NULL,NULL,2025-04-06 07:49:31.419+00,2025-04-26 14:46:16.11+00,true
770,Million Dollar Miracle,Jennifer Szewczuk,False,55,NULL,NULL,{motivational},770.webp,NULL,NULL,NULL,2025-04-06 07:49:31.425+00,2025-04-26 14:46:16.126+00,true
779,EXSTATICA Self-Help Essentials: Unleash the Transformative Sparkles of the Renaissance Mantegna Tarot,Frank,False,50,NULL,NULL,"{self-improvement,educational}",779.webp,NULL,NULL,NULL,2025-04-06 07:49:31.435+00,2025-04-26 14:46:16.158+00,true
780,Curious Matrix: Questions I always wanted to ask,Domagoj Pernar,False,45,NULL,NULL,{educational},780.webp,NULL,NULL,NULL,2025-04-06 07:49:31.436+00,2025-04-26 14:46:16.162+00,true
786,Secrets of Jewish Wealth Revealed!,Celso Cukierkorn,False,60,NULL,NULL,"{self-improvement,motivational}",786.webp,NULL,NULL,NULL,2025-04-06 07:49:31.442+00,2025-04-26 14:46:16.185+00,true
798,The Closing of the American Mind,Allan Bloom,False,85,9780671657154,392,"{classic,influential}",798.webp,#bd8b6a,#eddfd5,True,2025-04-06 07:49:31.456+00,2025-05-01 14:26:43.597+00,true
790,Broken: The Failed Promise of Muslim Inclusion,Evelyn Alsultany,False,55,NULL,NULL,"{educational,influential}",790.webp,NULL,NULL,NULL,2025-04-06 07:49:31.447+00,2025-04-26 14:46:16.2+00,true
791,Reimagined: How amazing people design lives they love,Ian Breck,False,60,NULL,NULL,"{self-improvement,motivational}",791.webp,NULL,NULL,NULL,2025-04-06 07:49:31.448+00,2025-04-26 14:46:16.205+00,true
792,Instruction Manual for the 21st Century Samurai,Alexei Maxim Russell,False,50,NULL,NULL,"{self-improvement,motivational}",792.webp,NULL,NULL,NULL,2025-04-06 07:49:31.449+00,2025-04-26 14:46:16.209+00,true
797,"The Diary of a Bookseller (Diary of a Bookseller, #1)",Shaun Bythell,False,70,9781781258620,320,"{bestseller,biography}",797.webp,#334b50,#c6cdce,True,2025-04-06 07:49:31.455+00,2025-05-24 21:14:28.017+00,true
802,First Things First,Stephen R. Covey,False,85,978-0684802039,384,"{bestseller,self-improvement,motivational}",802.webp,#1a3a48,#bfc8cc,True,2025-04-06 07:49:31.46+00,2025-05-01 14:26:55.576+00,true
762,Solving the Procrastination Puzzle: A Concise Guide to Strategies for Change,Timothy A. Pychyl,False,65,NULL,128,"{self-improvement,educational}",762.webp,#f2cc33,#f6db70,True,2025-04-06 07:49:31.415+00,2025-05-24 21:13:50.572+00,true
764,Extreme Ownership: How U.S. Navy SEALs Lead and Win,Jocko Willink,False,85,NULL,320,"{bestseller,motivational}",764.webp,#212825,#c1c3c2,True,2025-04-06 07:49:31.418+00,2025-05-01 14:24:57.546+00,true
801,Binding Chaos: Mass Collaboration on a Global Scale,Heather Marsh,False,50,NULL,NULL,{educational},801.webp,NULL,NULL,NULL,2025-04-06 07:49:31.459+00,2025-04-26 14:46:16.242+00,true
794,Savage Inequalities: Children in America's Schools,Jonathan Kozol,False,80,9780770435684,336,"{educational,influential}",794.webp,#1d1412,#c0bdbd,True,2025-04-06 07:49:31.452+00,2025-05-24 21:14:13.529+00,true
807,The Singularity is Coming: The Artificial Intelligence Explosion,Tony Thorne,False,60,NULL,NULL,"{technology,future}",807.webp,NULL,NULL,NULL,2025-04-06 07:49:31.465+00,2025-04-26 14:46:16.263+00,true
763,The Ragamuffin Gospel,Brennan Manning,False,75,NULL,240,"{influential,religion}",763.webp,NULL,NULL,NULL,2025-04-06 07:49:31.417+00,2025-04-26 14:46:16.102+00,true
799,Discipline and Punish: The Birth of the Prison,Michel Foucault,False,90,9780679752554,333,"{classic,influential}",799.webp,#22110d,#c1bcbb,True,2025-04-06 07:49:31.457+00,2025-04-27 08:32:04.427+00,true
821,Decisive: How to Make Better Choices in Life and Work,Chip Heath,False,70,9780307956392,336,"{self-improvement,decision-making}",821.webp,#aaac78,#c4c5a1,True,2025-04-06 07:49:31.482+00,2025-05-24 21:15:04.912+00,true
823,Thinking in Bets: Making Smarter Decisions When You Don't Have All the Facts,Annie Duke,False,75,9780735216358,288,"{decision-making,psychology}",823.webp,#83bd8d,#a8d1af,True,2025-04-06 07:49:31.484+00,2025-05-24 21:15:11.638+00,true
822,The Millionaire Fastlane: Crack the Code to Wealth and Live Rich for a Lifetime!,M.J. DeMarco,False,85,9780984358106,336,"{motivational,entrepreneurship}",822.webp,#0e1d2b,#bbc0c4,True,2025-04-06 07:49:31.483+00,2025-05-01 14:27:15.533+00,true
851,"The Path to Power (The Years of Lyndon Johnson, #1)",Robert A. Caro,False,90,9780394499734,882,"{bestseller,biography}",851.webp,#0b2f20,#bbc5c1,True,2025-04-06 07:49:31.515+00,2025-04-27 08:32:49.707+00,true
824,Chasing the Scream: The First and Last Days of the War on Drugs,Johann Hari,False,80,9781620408919,400,"{historical,society}",824.webp,#ce3429,#f1c6c3,True,2025-04-06 07:49:31.485+00,2025-05-24 21:15:23.397+00,true
842,"Full Catastrophe Living: Using the Wisdom of Your Body and Mind to Face Stress, Pain, and Illness",Jon Kabat-Zinn,False,85,9780345536938,720,"{mindfulness,health}",842.webp,#4f887d,#cededb,True,2025-04-06 07:49:31.505+00,2025-05-01 14:27:28.852+00,true
825,"Life Strategies: Doing What Works, Doing What Matters",Phillip C. McGraw,False,70,9780786884598,304,"{self-improvement,motivational}",825.webp,#44226a,#cbc1d5,True,2025-04-06 07:49:31.486+00,2025-05-24 21:15:29.746+00,true
826,Give Me Tomorrow: The Korean War's Greatest Untold Story,Patrick K. O'Donnell,False,65,9780306818011,288,"{historical,war}",826.webp,#2d1103,#c4bcb9,True,2025-04-06 07:49:31.487+00,2025-05-24 21:15:36.704+00,true
832,Mindfulness: An Eight-Week Plan for Finding Peace in a Frantic World,J. Mark G. Williams,False,80,9781609618957,288,"{mindfulness,self-improvement}",832.webp,#2c8686,#c4dddd,True,2025-04-06 07:49:31.494+00,2025-05-24 21:15:43.973+00,true
833,The Song of the Dodo: Island Biogeography in an Age of Extinction,David Quammen,False,75,9780684827124,704,"{science,nature}",833.webp,#e98a35,#f9dec7,True,2025-04-06 07:49:31.495+00,2025-05-24 21:15:52.72+00,true
813,Mindfulness Living in the Moment - Living in the Breath,Amit Ray,False,65,NULL,NULL,"{mindfulness,self-improvement}",813.webp,#ffba40,#ffcf79,True,2025-04-06 07:49:31.473+00,2025-05-24 21:14:47.897+00,true
834,Designing Your Life: Build a Life that Works for You,Bill Burnett,False,80,9781101875322,272,"{self-improvement,career}",834.webp,#399f94,#c7e4e1,True,2025-04-06 07:49:31.496+00,2025-05-24 21:16:01.264+00,true
841,Mating in Captivity: Reconciling the Erotic and the Domestic,Esther Perel,False,70,9780060753641,272,"{self-improvement,relationships}",841.webp,#5a346b,#d1c6d5,True,2025-04-06 07:49:31.503+00,2025-05-24 21:16:08.036+00,true
843,Little Princes: One Man's Promise to Bring Home the Lost Children of Nepal,Conor Grennan,False,75,9780061930058,304,"{biography,inspirational}",843.webp,#bca6c8,#d0c1d9,True,2025-04-06 07:49:31.506+00,2025-05-24 21:16:19.83+00,true
835,Happiness Power: How to Unleash Your Power and Live a More Joyful Life,Robert Gill Jr.,False,60,NULL,NULL,"{self-improvement,happiness}",835.webp,NULL,NULL,NULL,2025-04-06 07:49:31.497+00,2025-04-26 14:46:16.351+00,true
849,Fatal Vision,Joe McGinniss,False,85,9780451165664,976,"{""true crime"",bestseller}",849.webp,#2c1711,#c4bebc,True,2025-04-06 07:49:31.513+00,2025-05-01 14:27:47.471+00,true
817,Life,Keith Richards,False,85,978-0316034418,576,"{bestseller,biography}",817.webp,#5a2615,#d1c2bd,True,2025-04-06 07:49:31.478+00,2025-05-01 14:27:02.953+00,true
812,Louder Than a Whisper: Clearer Than a Bell,Renée Paule,False,45,NULL,NULL,{self-improvement},812.webp,NULL,NULL,NULL,2025-04-06 07:49:31.472+00,2025-04-26 14:46:16.277+00,true
819,Testament of Youth,Vera Brittain,False,90,978-0143039235,688,"{classic,historical,biography}",819.webp,#8990a3,#dee0e5,True,2025-04-06 07:49:31.48+00,2025-04-27 08:32:30.01+00,true
864,The Procrastination Equation: How to Stop Putting Things Off and Start Getting Stuff Done,Piers Steel,False,75,9780061703614,336,"{self-improvement,motivational}",864.webp,#fea913,#fec35a,True,2025-04-06 07:49:31.529+00,2025-05-24 21:16:46.562+00,true
865,The Power Of Less: The Fine Art of Limiting Yourself to the Essential,Leo Babauta,False,80,9781401309701,192,"{self-improvement,motivational}",865.webp,#ef664d,#fbd4cd,True,2025-04-06 07:49:31.53+00,2025-05-24 21:16:53.343+00,true
872,Assata: An Autobiography,Assata Shakur,False,80,9781556520747,320,"{influential,historical}",872.webp,#e66c22,#f8d6c1,True,2025-04-06 07:49:31.538+00,2025-05-24 21:17:09.606+00,true
867,In the Grip of Grace: You Can't Fall Beyond His Love,Max Lucado,False,60,9780849947122,240,"{inspirational,religion}",867.webp,NULL,NULL,NULL,2025-04-06 07:49:31.533+00,2025-04-26 14:46:16.437+00,true
870,From Brexit to Brazil,John Richard Spencer,False,50,NULL,NULL,"{politics,current-affairs}",870.webp,NULL,NULL,NULL,2025-04-06 07:49:31.535+00,2025-04-26 14:46:16.445+00,true
876,"Girl, Stop Apologizing: A Shame-Free Plan for Embracing and Achieving Your Goals",Rachel Hollis,False,85,9781400209606,240,"{self-improvement,motivational}",876.webp,#ed6383,#fad3dc,True,2025-04-06 07:49:31.542+00,2025-05-01 14:28:25.578+00,true
880,The Ethical Slut: A Guide to Infinite Sexual Possibilities,Dossie Easton,False,70,NULL,320,"{educational,influential}",880.webp,#60316b,#d3c5d5,True,2025-04-06 07:49:31.546+00,2025-05-24 21:17:15.878+00,true
871,"Fear and Loathing in America: The Brutal Odyssey of an Outlaw Journalist, 1968-1976",Hunter S. Thompson,False,85,9780684873169,784,"{classic,journalism}",871.webp,#8e2c21,#dfc4c1,True,2025-04-06 07:49:31.536+00,2025-05-01 14:28:18.128+00,true
875,Successful Freelancing And Outsourcing: A Guide To Make Money Online And Increase Business Profit,Maria Johnsen,False,55,NULL,NULL,"{business,entrepreneurship}",875.webp,NULL,NULL,NULL,2025-04-06 07:49:31.541+00,2025-04-26 14:46:16.463+00,true
879,Darkness Visible: A Memoir of Madness,William Styron,False,85,9780679736394,84,"{classic,mental-health}",879.webp,#0c0f1a,#bbbcbf,True,2025-04-06 07:49:31.545+00,2025-05-01 14:28:33.319+00,true
888,The Reason for God: Belief in an Age of Skepticism,Timothy J. Keller,False,85,9781594483493,293,"{influential,bestseller}",888.webp,#001022,#b8bcc1,True,2025-04-06 07:49:31.555+00,2025-05-01 14:28:41.198+00,true
883,The Art of Learning: A Journey in the Pursuit of Excellence,Josh Waitzkin,False,80,9780743277464,288,"{motivational,self-improvement}",883.webp,#145d72,#bdd2d7,True,2025-04-06 07:49:31.549+00,2025-05-24 21:17:22.115+00,true
884,Committed: A Skeptic Makes Peace with His Parents' Religion,Lisa See,False,60,NULL,352,"{influential,historical}",884.webp,NULL,NULL,NULL,2025-04-06 07:49:31.55+00,2025-04-26 14:46:16.492+00,true
885,"Conscious Creativity Mindfulness Meditations (AoL Mindfulness, #7)",Nataša Pantović,False,55,NULL,200,"{mindfulness,educational}",885.webp,NULL,NULL,NULL,2025-04-06 07:49:31.552+00,2025-04-26 14:46:16.495+00,true
859,Passionate Declarations: Essays on War and Justice,Howard Zinn,False,70,9780060557676,336,"{politics,society}",859.webp,#be300e,#edc5bb,True,2025-04-06 07:49:31.523+00,2025-05-24 21:16:39.7+00,true
874,The Myth of Sisyphus,Albert Camus,False,90,9780679733737,212,"{classic,philosophy}",874.webp,#a43711,#e5c7bc,True,2025-04-06 07:49:31.539+00,2025-04-27 08:32:55.516+00,true
903,She Said: Breaking the Sexual Harassment Story That Helped Ignite a Movement,Jodi Kantor,False,85,9780525560340,320,"{award-winning,influential}",903.webp,NULL,NULL,NULL,2025-04-06 07:49:31.571+00,2025-04-26 14:46:16.556+00,true
906,The Color of Law: A Forgotten History of How Our Government Segregated America,Richard Rothstein,False,82,9781631494536,368,"{historical,influential}",906.webp,#ebbf9e,#d4ac8e,False,2025-04-06 07:49:31.575+00,2025-05-24 21:18:06.881+00,true
907,Why Evolution Is True,Jerry A. Coyne,False,80,9780143116646,282,"{educational,science}",907.webp,#c97f06,#f0dbb9,True,2025-04-06 07:49:31.576+00,2025-05-24 21:18:27.036+00,true
911,"Love Is a Mix Tape: Life and Loss, One Song at a Time",Rob Sheffield,False,75,9781400083039,240,"{memoir,music}",911.webp,#d23765,#f3c7d4,True,2025-04-06 07:49:31.58+00,2025-05-24 21:18:33.668+00,true
918,Six Thinking Hats,Edward de Bono,False,85,9780316177917,192,"{creativity,business}",918.webp,#f99c19,#fbba5e,True,2025-04-06 07:49:31.589+00,2025-05-01 14:29:13.292+00,true
912,Cash,Johnny Cash,False,80,9780060727536,320,"{biography,music}",912.webp,#b3562b,#ead0c4,True,2025-04-06 07:49:31.581+00,2025-05-24 21:18:43.413+00,true
916,Willpower: Rediscovering the Greatest Human Strength,Roy F. Baumeister,False,78,9780143122234,304,"{self-improvement,psychology}",916.webp,#c6250e,#efc2bb,True,2025-04-06 07:49:31.587+00,2025-05-24 21:18:50.76+00,true
913,حوار مع صديقي الملحد,مصطفى محمود,False,65,NULL,NULL,"{philosophy,religion}",913.webp,NULL,NULL,NULL,2025-04-06 07:49:31.583+00,2025-04-26 14:46:16.584+00,true
917,How to Make People Like You in 90 Seconds or Less,Nicholas Boothman,False,70,9780761149460,203,"{self-improvement,communication}",917.webp,#2997ae,#c3e2e8,True,2025-04-06 07:49:31.588+00,2025-05-24 21:18:57.407+00,true
919,Marie Antoinette: The Journey,Mark Villareal,False,75,NULL,NULL,"{biography,historical}",919.webp,#598992,#d1dee1,True,2025-04-06 07:49:31.59+00,2025-05-24 21:19:04.304+00,true
928,This Changes Everything: Capitalism vs. The Climate,Naomi Klein,False,85,9781451697391,576,"{influential,environment}",928.webp,#2a3233,#c3c6c6,True,2025-04-06 07:49:31.601+00,2025-05-01 14:29:28.996+00,true
927,The Nazi Officer's Wife: How One Jewish Woman Survived the Holocaust,Edith Hahn Beer,False,75,9780062378088,336,"{historical,biography}",927.webp,#bd4326,#edcac2,True,2025-04-06 07:49:31.6+00,2025-05-24 21:19:27.799+00,true
923,Your Erroneous Zones,Wayne W. Dyer,False,85,9780060919764,256,"{bestseller,self-improvement}",923.webp,NULL,NULL,NULL,2025-04-06 07:49:31.595+00,2025-04-26 14:46:16.618+00,true
926,The Psychology of Money,Morgan Housel,False,95,9780857197689,256,"{bestseller,influential}",926.webp,#007c52,#b8dacf,True,2025-04-06 07:49:31.599+00,2025-04-27 08:33:08.723+00,true
910,Churchill: A Life,Martin Gilbert,False,88,9780805023961,1066,"{biography,historical}",910.webp,#1e1d22,#c0c0c1,True,2025-04-06 07:49:31.579+00,2025-05-01 14:28:55.564+00,true
931,Coolidge,Amity Shlaes,False,65,9780061967559,768,"{biography,historical}",931.webp,#cba580,#dbc0a6,True,2025-04-06 07:49:31.604+00,2025-05-24 21:19:41.347+00,true
901,The Creature from Jekyll Island: A Second Look at the Federal Reserve,G. Edward Griffin,False,70,9780912986210,608,"{influential,economics}",901.webp,#0b1f1e,#bbc0c0,True,2025-04-06 07:49:31.569+00,2025-05-24 21:17:47.099+00,true
932,There are No Children Here: The Story of Two Boys Growing Up in Poverty in the American South,Alex Kotlowitz,False,75,9780385265560,336,"{sociology,influential}",932.webp,#e0904b,#f6e0cd,True,2025-04-06 07:49:31.605+00,2025-05-24 21:19:53.626+00,true
935,My Grandmother's Hands: Racialized Trauma and the Mending of Our Bodies and Hearts,Resmaa Menakem,False,70,9781942094470,300,"{psychology,influential}",935.webp,#db8b18,#f5dfbe,True,2025-04-06 07:49:31.609+00,2025-05-24 21:20:02.701+00,true
933,Farm Sanctuary: Changing Hearts and Minds About Animals and Food,Gene Baur,False,60,9780743291590,320,"{environment,""animal rights""}",933.webp,NULL,NULL,NULL,2025-04-06 07:49:31.606+00,2025-04-26 14:46:16.659+00,true
934,Fed Up! A Relatable Memoir,C.P. Henderson,False,50,NULL,NULL,{memoir},934.webp,NULL,NULL,NULL,2025-04-06 07:49:31.607+00,2025-04-26 14:46:16.676+00,true
937,Women Don't Owe You Pretty,Florence Given,False,75,9781788402118,224,"{feminism,trending}",937.webp,#f06747,#fbd5cb,True,2025-04-06 07:49:31.611+00,2025-05-24 21:20:21.01+00,true
936,Business adventures,John Brooks,False,85,9781497644892,464,"{bestseller,business}",936.webp,NULL,NULL,NULL,2025-04-06 07:49:31.61+00,2025-04-26 14:46:16.696+00,true
938,Tiny Beautiful Things: Advice from Dear Sugar,Cheryl Strayed,False,80,9780307949332,400,"{self-improvement,advice}",938.webp,#d36333,#f3d3c6,True,2025-04-06 07:49:31.612+00,2025-05-24 21:20:28.275+00,true
940,I'd Rather Be Reading: The Delights and Dilemmas of the Reading Life,Anne Bogel,False,60,NULL,160,"{short-read,educational}",940.webp,NULL,NULL,NULL,2025-04-06 07:49:31.614+00,2025-04-26 14:46:16.714+00,true
904,Happier: Learn the Secrets to Daily Joy and Lasting Fulfillment,Tal Ben-Shahar,False,78,9780071492393,224,"{self-improvement,motivational}",904.webp,#fcc61c,#fdd760,True,2025-04-06 07:49:31.573+00,2025-05-24 21:17:53.573+00,true
925,Leonardo da Vinci,Walter Isaacson,False,90,9781501139154,624,"{bestseller,biography}",925.webp,#dba52e,#e6c06d,True,2025-04-06 07:49:31.598+00,2025-04-27 08:33:01.829+00,true
945,"Art of 4 Elements (AoL Mindfulness, #2)",Nataša Pantović,False,50,NULL,266,"{mindfulness,self-improvement}",945.webp,NULL,NULL,NULL,2025-04-06 07:49:31.62+00,2025-04-26 14:46:16.724+00,true
956,Chelsea Chelsea Bang Bang,Chelsea Handler,False,75,9780446552448,256,"{humor,memoir}",956.webp,#d82f5f,#f4c5d2,True,2025-04-06 07:49:31.633+00,2025-05-24 21:20:58.178+00,
968,Stamped from the Beginning: The Definitive History of Racist Ideas in America,Ibram X. Kendi,False,90,9781568585987,592,"{award-winning,historical}",968.webp,#852416,#ddc2be,True,2025-04-06 07:49:31.647+00,2025-04-27 08:33:36.853+00,true
955,Hegemony or Survival: America's Quest for Global Dominance,Noam Chomsky,False,85,9780805074000,320,"{political,influential}",955.webp,NULL,NULL,NULL,2025-04-06 07:49:31.632+00,2025-04-26 14:46:16.75+00,true
959,"Lawrence in Arabia: War, Deceit, Imperial Folly, and the Making of the Modern Middle East",Scott Anderson,False,80,9780385532921,592,"{historical,biography}",959.webp,#cc2e19,#f1c5bf,True,2025-04-06 07:49:31.637+00,2025-05-24 21:21:06.051+00,true
957,The Urantia Book,Urantia Foundation,False,60,9780911560510,2097,"{spirituality,philosophy}",957.webp,NULL,NULL,NULL,2025-04-06 07:49:31.634+00,2025-04-26 14:46:16.756+00,true
960,"The Splendid and the Vile: A Saga of Churchill, Family, and Defiance During the Blitz",Erik Larson,False,80,9780385348713,608,"{historical,bestseller}",960.webp,#20312a,#c1c5c3,True,2025-04-06 07:49:31.638+00,2025-05-24 21:21:25.599+00,true
961,Do What You Are : Discover the Perfect Career for You Through the Secrets of Personality Type,Paul D. Tieger,False,75,9780316236737,416,"{self-improvement,career}",961.webp,#c8cdc2,#b4b9af,False,2025-04-06 07:49:31.639+00,2025-05-24 21:21:33.808+00,true
963,Shadow of the Almighty: The Life and Testament of Jim Elliot,Elisabeth Elliot,False,70,9780060622138,336,"{biography,inspirational}",963.webp,#a7301f,#e6c5c0,True,2025-04-06 07:49:31.641+00,2025-05-24 21:21:50.387+00,true
966,The Language Instinct: How the Mind Creates Language,Steven Pinker,False,88,9780061336461,576,"{educational,influential}",966.webp,#477b5d,#cbdad2,True,2025-04-06 07:49:31.645+00,2025-05-01 14:30:22.651+00,true
965,Radiant Child: The Story of Young Artist Jean-Michel Basquiat,Javaka Steptoe,False,82,9780316213882,40,"{award-winning,biography}",965.webp,#52947a,#cfe1da,True,2025-04-06 07:49:31.643+00,2025-05-24 21:21:56.779+00,true
969,Way to Be!: 9 Ways To Be Happy And Make Something Of Your Life,Gordon B. Hinckley,False,65,9780743238307,208,"{motivational,self-improvement}",969.webp,#fed363,#e5be59,False,2025-04-06 07:49:31.648+00,2025-05-24 21:22:04.293+00,true
979,The Drowned and the Saved,Primo Levi,False,85,9780679721863,203,"{historical,influential}",979.webp,#4f5a5a,#ced1d1,True,2025-04-06 07:49:31.659+00,2025-05-01 14:30:30.582+00,true
967,Self-Publishing In the Eye of the Storm,Karl Wiggins,False,55,NULL,NULL,"{niche,publishing}",967.webp,NULL,NULL,NULL,2025-04-06 07:49:31.646+00,2025-04-26 14:46:16.783+00,true
942,The Rise of Theodore Roosevelt,Edmund Morris,False,85,9780375756788,960,"{award-winning,historical,biography}",942.webp,#6d3820,#d6c7c1,True,2025-04-06 07:49:31.617+00,2025-05-01 14:29:36.16+00,true
972,The Cloister Walk,Kathleen Norris,False,68,9781573225847,400,"{spirituality,memoir}",972.webp,#afab8a,#c7c4ad,True,2025-04-06 07:49:31.651+00,2025-05-24 21:22:10.855+00,true
980,"Overwhelmed: Work, Love, and Play When No One Has the Time",Brigid Schulte,False,65,9780374228446,368,"{self-improvement,""work-life balance""}",980.webp,#a694b6,#e6e1eb,True,2025-04-06 07:49:31.66+00,2025-05-24 21:22:18.844+00,true
974,"Adversity Builds Character; An Inspirational True Life Story of Disability, Addiction and Acceptance",Tom Ufert,False,60,NULL,NULL,"{inspirational,biography}",974.webp,NULL,NULL,NULL,2025-04-06 07:49:31.653+00,2025-04-26 14:46:16.8+00,true
977,"Nobody Asked Me, But ....",Karl Wiggins,False,45,NULL,NULL,"{humor,niche}",977.webp,NULL,NULL,NULL,2025-04-06 07:49:31.657+00,2025-04-26 14:46:16.809+00,true
949,Education of a Wandering Man: A Memoir,Louis L'Amour,False,70,9780553286526,272,"{biography,classic}",949.webp,#f0c47e,#d8b071,False,2025-04-06 07:49:31.625+00,2025-05-24 21:20:48.349+00,true
982,Life and Death in Shanghai,Nien Cheng,False,80,9780140108705,547,"{historical,biography}",982.webp,#e58f40,#f8e0c9,True,2025-04-06 07:49:31.662+00,2025-05-24 21:22:31.447+00,true
962,Waking Up: A Guide to Spirituality Without Religion,Sam Harris,False,85,9781451636024,256,"{influential,spirituality}",962.webp,#79bec6,#a1d2d7,True,2025-04-06 07:49:31.64+00,2025-05-01 14:30:09.689+00,true
953,I'm OK - You're OK,Thomas A. Harris,False,90,9780060724276,320,"{bestseller,self-improvement}",953.webp,#d6bb6b,#e2cf97,True,2025-04-06 07:49:31.63+00,2025-04-27 08:33:17.433+00,true
1001,Focus: The Hidden Driver of Excellence,Daniel Goleman,False,75,9780062114860,311,"{self-improvement,psychology}",1001.webp,#001d39,#b8c0c7,True,2025-04-06 07:49:31.687+00,2025-05-24 17:39:20.216+00,true
992,The Desire Map,Danielle LaPorte,False,70,9781622032518,320,"{self-improvement,""personal development""}",992.webp,#c02e6b,#edc5d5,True,2025-04-06 07:49:31.673+00,2025-05-24 21:23:07.043+00,true
995,"Zen Flesh, Zen Bones: A Collection of Zen and Pre-Zen Writings",Paul Reps,False,78,9780804831864,210,"{philosophy,spirituality}",995.webp,#7c5f7f,#dad2db,True,2025-04-06 07:49:31.679+00,2025-05-24 21:23:22.91+00,true
1005,The Lucifer Effect: Understanding How Good People Turn Evil,Philip G. Zimbardo,False,85,9780812974447,576,"{psychology,influential}",1005.webp,#310f10,#c5bcbc,True,2025-04-06 07:49:31.691+00,2025-05-01 13:42:47.754+00,true
994,Zealot: The Life and Times of Jesus of Nazareth,Reza Aslan,False,85,9781400069224,336,"{historical,religion}",994.webp,NULL,NULL,NULL,2025-04-06 07:49:31.677+00,2025-04-26 14:46:16.854+00,true
1004,A River in Darkness: One Man's Escape from North Korea,Masaji Ishikawa,False,80,9781611720342,192,"{biography,historical}",1004.webp,#3f4944,#c9cccb,True,2025-04-06 07:49:31.69+00,2025-05-24 17:39:27.036+00,true
1003,A Conservation Notebook,Paul Spencer Sochaczewski,False,50,NULL,NULL,"{nature,environment}",1003.webp,NULL,NULL,NULL,2025-04-06 07:49:31.689+00,2025-04-26 14:46:16.876+00,true
1006,Stillness Speaks,Eckhart Tolle,False,78,9781577314004,144,"{spirituality,mindfulness}",1006.webp,#14819c,#bddce3,True,2025-04-06 07:49:31.693+00,2025-05-24 17:39:50.71+00,true
1012,Weapons of Math Destruction: How Big Data Increases Inequality and Threatens Democracy,Cathy O'Neil,False,85,9780553418811,259,"{technology,society}",1012.webp,#ab851a,#e7ddbf,True,2025-04-06 07:49:31.7+00,2025-05-01 13:43:02.659+00,true
1010,The Anxiety and Phobia Workbook,Edmund J. Bourne,False,75,9781626252158,528,"{self-help,psychology}",1010.webp,#40615a,#c9d3d1,True,2025-04-06 07:49:31.697+00,2025-05-24 17:40:13.925+00,true
1015,The Body Is Not an Apology: The Power of Radical Self-Love,Sonya Renee Taylor,False,80,9781626569768,168,"{self-love,motivational}",1015.webp,#b22a43,#e9c3ca,True,2025-04-06 07:49:31.703+00,2025-05-24 17:40:37.466+00,true
1016,Driven to Distraction: Recognizing and Coping with Attention Deficit Disorder from Childhood Through Adulthood,Edward M. Hallowell,False,78,9780307743152,368,"{psychology,educational}",1016.webp,#e86843,#f9d5ca,True,2025-04-06 07:49:31.704+00,2025-05-24 17:40:57.988+00,true
1014,The Boy Who Harnessed the Wind: Creating Currents of Electricity and Hope,William Kamkwamba,False,88,9780061730337,320,"{inspirational,biography}",1014.webp,#fdb12e,#fec86d,True,2025-04-06 07:49:31.702+00,2025-05-01 13:43:10.157+00,true
1023,"The Power of Vulnerability: Teachings of Authenticity, Connections and Courage",Brené Brown,False,85,9781604078589,208,"{self-improvement,motivational}",1023.webp,#49a699,#cce6e3,True,2025-04-06 07:49:31.712+00,2025-05-01 13:43:17.302+00,true
1019,Mind Over Mood: Change How You Feel By Changing the Way You Think,Dennis Greenberger,False,80,9781462520428,341,"{self-help,psychology}",1019.webp,#3b9096,#c8e0e2,True,2025-04-06 07:49:31.708+00,2025-05-24 17:41:05.266+00,true
1020,The Twelve Caesars,Suetonius,False,70,9780140455168,368,"{classic,historical}",1020.webp,#d04f11,#f2cebc,True,2025-04-06 07:49:31.709+00,2025-05-24 17:41:19.375+00,true
1017,The Pragmatist's Guide to Sexuality,Malcolm Collins,False,55,NULL,NULL,"{sexuality,educational}",1017.webp,NULL,NULL,NULL,2025-04-06 07:49:31.705+00,2025-04-26 14:46:16.914+00,true
1022,Lincoln's Melancholy: How Depression Challenged a President and Fueled His Greatness,Joshua Wolf Shenk,False,65,9780618773442,368,"{historical,psychology}",1022.webp,#162134,#bec1c6,True,2025-04-06 07:49:31.711+00,2025-05-24 17:41:35.908+00,true
1024,Healing the Shame that Binds You,John Bradshaw,False,75,9780757303234,304,"{self-improvement,psychology}",1024.webp,#d6845d,#f3ddd2,True,2025-04-06 07:49:31.713+00,2025-05-24 17:41:45.855+00,true
1025,Operating Instructions: A Journal of My Son's First Year,Anne Lamott,False,70,9780385485166,272,"{parenting,memoir}",1025.webp,#cf402a,#f1c9c3,True,2025-04-06 07:49:31.714+00,2025-05-24 17:41:54.355+00,true
987,Linchpin: Are You Indispensable?,Seth Godin,False,88,9781591844099,256,"{motivational,business}",987.webp,#d83d25,#f4c9c2,True,2025-04-06 07:49:31.667+00,2025-05-01 14:30:53.337+00,true
988,"To Selena, With Love",Chris Pérez,False,72,9780451414069,320,"{biography,music}",988.webp,#eb9795,#f1b6b5,True,2025-04-06 07:49:31.668+00,2025-05-24 21:22:44.97+00,true
985,The Lean Startup,Eric Ries,False,92,9780307887894,336,"{bestseller,entrepreneurship}",985.webp,NULL,NULL,NULL,2025-04-06 07:49:31.665+00,2025-04-26 14:46:16.936+00,true
993,Strength to Love,Martin Luther King Jr.,False,90,9780807000670,192,"{influential,classic}",993.webp,#67524e,#d5cfcd,True,2025-04-06 07:49:31.676+00,2025-04-27 08:33:49.453+00,true
1036,Underland: A Deep Time Journey,Robert Macfarlane,False,75,9780393242140,496,"{nature,influential}",1036.webp,#585445,#d0cfcb,True,2025-04-06 07:49:31.727+00,2025-05-24 17:43:42.169+00,true
1037,Mastery: The Keys to Success and Long-Term Fulfillment,George Leonard,False,70,9780452267565,192,"{self-improvement,motivational}",1037.webp,#182c32,#bec4c6,True,2025-04-06 07:49:31.727+00,2025-05-24 17:44:01.043+00,true
1038,Miracle in the Andes,Nando Parrado,False,75,9781400097692,304,"{biography,inspirational}",1038.webp,#f29053,#f6b187,True,2025-04-06 07:49:31.728+00,2025-05-24 17:46:16.916+00,true
1040,Finish: Give Yourself the Gift of Done,Jon Acuff,False,70,9781591847625,208,"{self-improvement,motivational}",1040.webp,#f13e0b,#fbc9bb,True,2025-04-06 07:49:31.731+00,2025-05-24 17:46:39.022+00,true
1042,Collected Poems,Dylan Thomas,False,80,9780811218818,352,{classic},1042.webp,#cab0c6,#dac8d7,True,2025-04-06 07:49:31.733+00,2025-05-24 17:46:46.853+00,true
1047,The Case for Faith: A Journalist Investigates the Toughest Objections to Christianity,Lee Strobel,False,72,9780310234692,304,"{religion,influential}",1047.webp,#256664,#c2d4d4,True,2025-04-06 07:49:31.738+00,2025-05-24 17:46:53.678+00,true
1048,The Long Hard Road Out of Hell,Marilyn Manson,False,75,9780060987465,288,"{biography,influential}",1048.webp,#51121d,#cebdc0,True,2025-04-06 07:49:31.739+00,2025-05-24 17:47:01.808+00,true
1049,Story of a Soul: The Autobiography of St. Thérèse of Lisieux,Thérèse of Lisieux,False,80,9780935216585,228,"{classic,religion}",1049.webp,#faead4,#e1d3bf,False,2025-04-06 07:49:31.74+00,2025-05-24 17:47:12.464+00,true
1067,Travels with Charley: In Search of America,John Steinbeck,False,80,9780140053203,214,{classic},1067.webp,#faecd2,#e1d4bd,False,2025-04-06 07:49:31.76+00,2025-05-24 17:47:55.591+00,true
1070,Fast Food Nation: The Dark Side of the All-American Meal,Eric Schlosser,False,80,9780060938451,356,"{bestseller,influential}",1070.webp,#ca2e1a,#f0c5bf,True,2025-04-06 07:49:31.764+00,2025-05-24 17:48:06.104+00,true
1054,The 10X Rule: The Only Difference Between Success and Failure,Grant Cardone,False,85,9780470627600,240,"{motivational,bestseller}",1054.webp,#c74110,#efcabc,True,2025-04-06 07:49:31.746+00,2025-05-01 13:43:32.226+00,true
1056,Peace Is Every Step: The Path of Mindfulness in Everyday Life,Thich Nhat Hanh,False,88,9780553351392,160,"{mindfulness,influential}",1056.webp,#d6ba6c,#e2cf98,True,2025-04-06 07:49:31.748+00,2025-05-01 13:43:40.025+00,true
1069,The Omnivore's Dilemma: A Natural History of Four Meals,Michael Pollan,False,85,9781594200823,450,"{bestseller,influential}",1069.webp,#62724b,#d3d7cd,True,2025-04-06 07:49:31.763+00,2025-05-01 13:43:57.206+00,true
1061,"The Cheat Code (Wisdom Revolution, #3)",Misba,False,0,NULL,NULL,{},1061.webp,NULL,NULL,NULL,2025-04-06 07:49:31.753+00,2025-04-26 14:46:17.026+00,true
1071,The Power of Myth,Joseph Campbell,False,85,9780385418867,320,"{classic,influential}",1071.webp,#182643,#bec2ca,True,2025-04-06 07:49:31.765+00,2025-05-01 13:44:06.551+00,true
1029,The Complete Conversations with God,Neale Donald Walsch,False,75,9780399153297,752,"{spirituality,influential}",1029.webp,#b7c3c8,#cdd5d9,True,2025-04-06 07:49:31.719+00,2025-05-24 17:42:02.494+00,true
1030,The Art Book,Phaidon Press,False,70,9780714864679,592,"{educational,art}",1030.webp,#151715,#bdbebd,True,2025-04-06 07:49:31.72+00,2025-05-24 17:42:09.144+00,true
1050,Black Elk Speaks: Being the Life Story of a Holy Man of the Oglala Sioux,John G. Neihardt,False,85,9780803283855,336,"{classic,historical}",1050.webp,#ab3316,#e7c6be,True,2025-04-06 07:49:31.742+00,2025-05-01 13:43:24.95+00,true
1079,A Room of One’s Own,Virginia Woolf,False,85,9780156787338,114,"{classic,influential}",1079.webp,#f9dcdc,#e0c6c6,False,2025-04-06 07:49:31.774+00,2025-05-01 13:44:34.402+00,true
1081,The Power of Now: A Guide to Spiritual Enlightenment,Eckhart Tolle,False,85,9781577314806,236,"{bestseller,influential,self-improvement}",1081.webp,#67a58d,#d5e6df,True,2025-04-06 07:49:31.776+00,2025-05-01 13:44:45.412+00,true
1088,Wild Swans: Three Daughters of China,Jung Chang,False,85,9780743246989,524,"{bestseller,historical,biography}",1088.webp,#6d4730,#d6cbc5,True,2025-04-06 07:49:31.784+00,2025-05-01 13:44:55.234+00,true
1084,Sapiens: A Brief History of Humankind,Yuval Noah Harari,False,95,9780062316097,443,"{bestseller,influential,educational}",1084.webp,#1b242e,#bfc2c5,True,2025-04-06 07:49:31.779+00,2025-04-27 08:13:31.325+00,true
1099,Helter Skelter: The True Story of the Manson Murders,Vincent Bugliosi,False,90,9780393322231,689,"{bestseller,historical}",1099.webp,#c95e41,#f0d2ca,True,2025-04-06 07:49:31.796+00,2025-04-27 08:13:35.073+00,true
1101,Survival in Auschwitz,Primo Levi,False,80,9780684826806,187,"{historical,classic}",1101.webp,#8d2d14,#dfc4bd,True,2025-04-06 07:49:31.798+00,2025-05-24 17:49:11.26+00,true
1092,On Writing: A Memoir of the Craft,Stephen King,False,85,9781439156810,288,"{bestseller,educational}",1092.webp,#162630,#bec2c5,True,2025-04-06 07:49:31.788+00,2025-05-01 13:45:02.732+00,true
1091,"God Is the Cure, Love Is the Answer: A Memoir",Aimee Cabo Nikolov,False,50,NULL,NULL,{memoir},1091.webp,NULL,NULL,NULL,2025-04-06 07:49:31.787+00,2025-04-26 14:46:17.097+00,true
1097,Thus Spoke Zarathustra,Friedrich Nietzsche,False,85,9780140441185,352,"{classic,philosophical}",1097.webp,#ad3113,#e8c5bd,True,2025-04-06 07:49:31.794+00,2025-05-01 13:45:12.106+00,true
1094,Zodiac Explained: Understanding the Innate Motives Behind Our Actions,Alb Imeri,False,40,NULL,NULL,{niche},1094.webp,NULL,NULL,NULL,2025-04-06 07:49:31.79+00,2025-04-26 14:46:17.108+00,true
1102,Into Thin Air: A Personal Account of the Mt. Everest Disaster,Jon Krakauer,False,88,9780385494786,368,"{bestseller,adventure,historical}",1102.webp,#63a1b1,#d3e5e9,True,2025-04-06 07:49:31.799+00,2025-05-01 13:45:26.712+00,true
1104,The Federalist Papers,Alexander Hamilton,False,90,9780451528810,688,"{classic,foundational}",1104.webp,#263e41,#c2c9ca,True,2025-04-06 07:49:31.802+00,2025-04-27 08:13:51.22+00,true
1106,Blink: The Power of Thinking Without Thinking,Malcolm Gladwell,False,87,9780316010665,320,"{bestseller,psychology,influential}",1106.webp,#5d5f6d,#d2d2d6,True,2025-04-06 07:49:31.804+00,2025-05-01 13:45:42.555+00,true
1103,Isabella Warrior Queen,Michael G. Kramer,False,45,NULL,NULL,{historical},1103.webp,NULL,NULL,NULL,2025-04-06 07:49:31.801+00,2025-04-26 14:46:17.146+00,true
1113,The Total Money Makeover: A Proven Plan for Financial Fitness,Dave Ramsey,False,90,9780785289081,272,"{bestseller,self-improvement,money}",1113.webp,#a5783d,#e6d9c9,True,2025-04-06 07:49:31.812+00,2025-04-27 08:13:56.925+00,true
1115,The Second Sex,Simone de Beauvoir,False,85,9780679724513,800,"{classic,feminism,philosophy}",1115.webp,#6a2433,#d5c2c6,True,2025-04-06 07:49:31.814+00,2025-05-01 13:45:49.985+00,true
1078,The Autobiography of Benjamin Franklin,Benjamin Franklin,False,85,9780486290737,160,"{classic,foundational}",1078.webp,#8d7c5c,#dfdad1,True,2025-04-06 07:49:31.773+00,2025-05-01 13:44:20.821+00,true
1085,Midnight in the Garden of Good and Evil,John Berendt,False,80,9780679751526,388,"{bestseller,adapted-to-film}",1085.webp,#0c140f,#bbbdbc,True,2025-04-06 07:49:31.78+00,2025-05-24 17:48:11.934+00,true
1083,The Tipping Point: How Little Things Can Make a Big Difference,Malcolm Gladwell,False,90,9780316346627,301,"{bestseller,influential}",1083.webp,#f9c553,#fbd687,True,2025-04-06 07:49:31.778+00,2025-04-27 08:13:28.749+00,true
1075,The Selfish Gene,Richard Dawkins,False,90,9780199291151,360,"{bestseller,influential}",1075.webp,#5c8266,#d1dcd4,True,2025-04-06 07:49:31.77+00,2025-04-27 08:13:22.778+00,true
1142,Under the Banner of Heaven: A Story of Violent Faith,Jon Krakauer,False,75,9781400032808,372,"{bestseller,historical}",1142.webp,#e5c28c,#edd4af,True,2025-04-06 07:49:31.843+00,2025-05-24 17:50:06.197+00,true
1128,Constant Companion: Your Practical Path to Real Interaction with God,Ami Loper,False,50,NULL,200,{religion},1128.webp,NULL,NULL,NULL,2025-04-06 07:49:31.828+00,2025-04-26 14:46:17.227+00,true
1129,I'm Just Saying: A Guide to Maintaining Civil Discourse in an Increasingly Divided World,Milan Kordestani,False,55,NULL,150,{educational},1129.webp,NULL,NULL,NULL,2025-04-06 07:49:31.829+00,2025-04-26 14:46:17.23+00,true
1160,Leonardo's Notebooks,Leonardo da Vinci,False,85,NULL,384,"{classic,historical,influential}",1160.webp,#dda93f,#e7c379,True,2025-04-06 07:49:31.863+00,2025-05-01 13:46:17.417+00,true
1136,I Am Malala: The Story of the Girl Who Stood Up for Education and Was Shot by the Taliban,Malala Yousafzai,False,95,9780316322409,368,"{bestseller,influential}",1136.webp,NULL,NULL,NULL,2025-04-06 07:49:31.836+00,2025-04-26 14:46:17.247+00,true
1153,All the President’s Men,Carl Bernstein,False,90,9780671894412,384,"{bestseller,historical}",1153.webp,#97260a,#e2c2bb,True,2025-04-06 07:49:31.855+00,2025-04-27 08:14:16.139+00,true
1143,A Heartbreaking Work of Staggering Genius,Dave Eggers,False,70,9780375725784,437,"{award-winning,influential}",1143.webp,#d03112,#f2c5bd,True,2025-04-06 07:49:31.844+00,2025-05-24 17:50:15.401+00,true
1156,"Girl, Interrupted",Susanna Kaysen,False,75,9780679746041,192,"{award-winning,adapted-to-film}",1156.webp,#ceb6c9,#ddccd9,True,2025-04-06 07:49:31.858+00,2025-05-24 17:50:47.061+00,true
1145,Adoption Stories,Janine Myung Ja,False,50,NULL,NULL,{educational},1145.webp,NULL,NULL,NULL,2025-04-06 07:49:31.846+00,2025-04-26 14:46:17.271+00,true
1151,From Manchester to the Arctic,Sheena Billett,False,40,NULL,NULL,{},1151.webp,NULL,NULL,NULL,2025-04-06 07:49:31.853+00,2025-04-26 14:46:17.286+00,true
1159,"Rich Dad, Poor Dad",Robert T. Kiyosaki,False,95,9781612680194,336,"{bestseller,motivational}",1159.webp,#6a4478,#d5cbd9,True,2025-04-06 07:49:31.862+00,2025-04-27 08:14:18.7+00,true
1157,Down and Out in Paris and London,George Orwell,False,80,9780156262248,213,"{classic,influential}",1157.webp,#4d4536,#cdcbc7,True,2025-04-06 07:49:31.86+00,2025-05-24 17:50:53.083+00,true
1162,A Whole New Mind: Why Right-Brainers Will Rule the Future,Daniel H. Pink,False,75,9781594481710,275,"{influential,educational}",1162.webp,#d64f0a,#f3cebb,True,2025-04-06 07:49:31.865+00,2025-05-24 17:51:01.847+00,true
1130,Black Like Me,John Howard Griffin,False,85,9780451208644,208,"{classic,historical}",1130.webp,#837560,#dcd8d3,True,2025-04-06 07:49:31.83+00,2025-05-01 13:46:03.438+00,true
1120,The Agony and the Ecstasy,Irving Stone,False,80,9780451171351,776,"{historical,classic}",1120.webp,#bfab86,#d2c4aa,True,2025-04-06 07:49:31.819+00,2025-05-24 17:49:35.673+00,true
1119,Blue Like Jazz: Nonreligious Thoughts on Christian Spirituality,Donald Miller,False,70,9780785263708,243,"{spirituality,self-improvement}",1119.webp,NULL,NULL,NULL,2025-04-06 07:49:31.818+00,2025-04-26 14:46:17.318+00,true
1126,Death Be Not Proud,John Gunther,False,75,9780061230974,224,{classic},1126.webp,#f8a432,#fabf70,True,2025-04-06 07:49:31.826+00,2025-05-24 17:49:50.619+00,true
1139,Collapse: How Societies Choose to Fail or Succeed,Jared Diamond,False,90,9780143036555,592,"{bestseller,influential}",1139.webp,#301207,#c5bdb9,True,2025-04-06 07:49:31.839+00,2025-04-27 08:14:04.003+00,true
1172,Boy Meets Girl: Say Hello to Courtship,Joshua Harris,False,65,9781590521670,247,"{relationships,self-improvement}",1172.webp,#da6d5a,#f5d6d1,True,2025-04-06 07:49:31.876+00,2025-05-24 17:51:25.066+00,true
1179,Euthyphro,Plato,False,85,NULL,64,"{classic,philosophical}",1179.webp,#d1b97f,#dfcea5,True,2025-04-06 07:49:31.883+00,2025-05-01 13:46:32.049+00,true
1174,The Four Loves,C.S. Lewis,False,75,9780156329309,141,"{classic,philosophical}",1174.webp,#ea907c,#f0b1a3,True,2025-04-06 07:49:31.878+00,2025-05-24 17:51:43.522+00,true
1175,Seth Speaks: The Eternal Validity of the Soul,Jane Roberts,False,70,9781878424075,480,"{spiritual,influential}",1175.webp,#251047,#c2bccb,True,2025-04-06 07:49:31.879+00,2025-05-24 17:51:59.261+00,true
1180,Orthodoxy,G.K. Chesterton,False,70,978-1598560534,160,"{classic,influential}",1180.webp,#3b535f,#c8cfd2,True,2025-04-06 07:49:31.885+00,2025-05-24 17:52:14.668+00,true
1187,The Man Without a Face: The Unlikely Rise of Vladimir Putin,Masha Gessen,False,80,978-1594486517,336,"{political,biography}",1187.webp,#51261e,#cec2c0,True,2025-04-06 07:49:31.892+00,2025-05-24 17:52:44.737+00,true
1191,One Thousand Gifts: A Dare to Live Fully Right Where You Are,Ann Voskamp,False,85,978-0310321910,240,"{motivational,self-improvement}",1191.webp,#e3dab7,#ccc4a5,False,2025-04-06 07:49:31.896+00,2025-05-01 13:46:52.729+00,true
1189,The Monster of Florence,Douglas Preston,False,78,978-0446581196,336,{true-crime},1189.webp,#892310,#dec1bc,True,2025-04-06 07:49:31.894+00,2025-05-24 17:52:58.704+00,true
1197,"Leadership: Past, Present & Future",Carlos Rivera,False,65,NULL,NULL,{leadership},1197.webp,#c64c1b,#efcdbf,True,2025-04-06 07:49:31.903+00,2025-05-24 17:53:13.445+00,true
1258,"Boy Erased: A Memoir of Identity, Faith, and Family",Garrard Conley,False,80,NULL,NULL,"{biography,influential}",1258.webp,#d39b31,#f3e3c5,True,2025-04-06 07:49:31.971+00,2025-05-24 17:56:52.769+00,true
1170,Bad Boy: A Memoir,Walter Dean Myers,False,70,9780064472883,224,"{memoir,influential}",1170.webp,#e2341f,#f7c6c0,True,2025-04-06 07:49:31.874+00,2025-05-24 17:51:17.487+00,true
1198,"My Death Experiences - A Preacher’s 18 Apocalyptic Encounter with Death, Heaven & Hell.",Zion Odum,False,50,NULL,NULL,{religion},1198.webp,NULL,NULL,NULL,2025-04-06 07:49:31.904+00,2025-04-26 14:46:17.395+00,true
1200,Politixworks,Marcus L. Lukusa,False,0,NULL,NULL,{niche},1200.webp,NULL,NULL,NULL,2025-04-06 07:49:31.906+00,2025-04-26 14:46:17.401+00,true
1205,AfterTastes and Tales from Russia,Jake Danishevsky,False,0,NULL,NULL,{niche},1205.webp,NULL,NULL,NULL,2025-04-06 07:49:31.911+00,2025-04-26 14:46:17.417+00,true
1212,"No Pressure, No Diamonds: Mining for Gifts in Illness and Loss",Teri A. Dillion,False,0,NULL,NULL,{motivational},1212.webp,NULL,NULL,NULL,2025-04-06 07:49:31.919+00,2025-04-26 14:46:17.434+00,true
1171,The 7 Habits of Highly Effective Families: Creating a Nurturing Family in a Turbulent World,Stephen R. Covey,False,85,9780307440853,390,"{bestseller,self-improvement}",1171.webp,#aca567,#e8e6d5,True,2025-04-06 07:49:31.875+00,2025-05-01 13:46:24.677+00,true
1217,The Shock of the New,Robert Hughes,False,70,NULL,NULL,{influential},1217.webp,#e1671d,#f7d5c0,True,2025-04-06 07:49:31.924+00,2025-05-24 17:53:46.193+00,true
1221,The Sealed Nectar | Biography of Prophet Muhammad,Safiur Rahman Mubarakpuri,False,80,NULL,NULL,"{award-winning,historical}",1221.webp,#72160e,#d7bebb,True,2025-04-06 07:49:31.929+00,2025-05-24 17:53:54.132+00,true
1220,The Bench,Joel Elston,False,50,NULL,NULL,{motivational},1220.webp,NULL,NULL,NULL,2025-04-06 07:49:31.927+00,2025-04-26 14:46:17.46+00,true
1224,I Have Lived A Thousand Years: Growing Up In The Holocaust,Livia Bitton-Jackson,False,75,NULL,NULL,"{historical,award-winning}",1224.webp,#a59bb4,#e6e3ea,True,2025-04-06 07:49:31.932+00,2025-05-24 17:54:01.537+00,true
1222,Spy... for Nobody!: Sixteen Years in the Syrian Intelligence,Basel Saneeb,False,60,NULL,NULL,{historical},1222.webp,NULL,NULL,NULL,2025-04-06 07:49:31.93+00,2025-04-26 14:46:17.466+00,true
1234,Empress Dowager Cixi: The Concubine Who Launched Modern China,Jung Chang,False,85,NULL,NULL,"{bestseller,historical}",1234.webp,#de6d0e,#f6d6bb,True,2025-04-06 07:49:31.943+00,2025-05-01 13:47:32.038+00,true
1225,Lucky Man,Michael J. Fox,False,80,NULL,NULL,"{bestseller,influential}",1225.webp,#4e939f,#cde1e4,True,2025-04-06 07:49:31.933+00,2025-05-24 17:54:50.329+00,true
1228,Rejuvenaging: The Art and Science of Growing Older with Enthusiasm,Bill Gifford,False,65,NULL,NULL,{self-improvement},1228.webp,#095680,#bad0db,True,2025-04-06 07:49:31.937+00,2025-05-24 17:55:15.917+00,true
1235,The Rebel,Albert Camus,False,85,NULL,NULL,"{classic,philosophical}",1235.webp,#000003,#b8b8b9,True,2025-04-06 07:49:31.944+00,2025-05-01 13:47:44.95+00,true
1237,A Theory of Justice,John Rawls,False,90,NULL,NULL,"{classic,foundational}",1237.webp,#1a343f,#bfc6c9,True,2025-04-06 07:49:31.946+00,2025-04-27 08:14:33.839+00,true
1233,This Kind of War: A Study in Unpreparedness,T.R. Fehrenbach,False,70,NULL,NULL,{historical},1233.webp,#9b301e,#e3c5c0,True,2025-04-06 07:49:31.942+00,2025-05-24 17:55:39.584+00,true
1231,Peter: The Untold True Story,Christopher Daniel Mechling,False,55,NULL,NULL,{historical},1231.webp,NULL,NULL,NULL,2025-04-06 07:49:31.94+00,2025-04-26 14:46:17.489+00,true
1232,Show Your Work!: 10 Ways to Share Your Creativity and Get Discovered,Austin Kleon,False,80,NULL,NULL,"{self-improvement,motivational}",1232.webp,NULL,NULL,NULL,2025-04-06 07:49:31.941+00,2025-04-26 14:46:17.492+00,true
1239,A Newborn Business: Esports,Zoltan Andrejkovics,False,65,NULL,NULL,"{trending,educational}",1239.webp,#e53958,#f8c7d0,True,2025-04-06 07:49:31.949+00,2025-05-24 17:55:46.862+00,true
1243,"Change Your Brain, Change Your Life: The Breakthrough Program for Conquering Anxiety, Depression, Obsessiveness, Anger, and Impulsiveness",Daniel G. Amen,False,85,NULL,NULL,"{self-improvement,psychology}",1243.webp,#29402e,#c3c9c5,True,2025-04-06 07:49:31.953+00,2025-05-01 13:47:52.505+00,true
1216,The Conquest of Happiness,Bertrand Russell,False,80,NULL,NULL,"{classic,influential}",1216.webp,#f1b050,#f5c885,True,2025-04-06 07:49:31.923+00,2025-05-24 17:53:39.202+00,true
1236,World Peace: The Voice of a Mountain Bird,Amit Ray,False,60,NULL,NULL,{motivational},1236.webp,NULL,NULL,NULL,2025-04-06 07:49:31.945+00,2025-04-26 14:46:17.502+00,true
1223,Karma: A Yogi's Guide to Crafting Your Destiny,Sadhguru,False,85,NULL,NULL,"{self-improvement,motivational}",1223.webp,#080b17,#babbbe,True,2025-04-06 07:49:31.931+00,2025-05-01 13:47:15.19+00,true
1238,From Riches to Rags,Jaclyn Howell,False,50,NULL,NULL,{motivational},1238.webp,NULL,NULL,NULL,2025-04-06 07:49:31.948+00,2025-04-26 14:46:17.509+00,true
1244,Five Chimneys: A Woman Survivor's True Story of Auschwitz,Olga Lengyel,False,75,NULL,NULL,"{historical,award-winning}",1244.webp,#cd5526,#f1cfc2,True,2025-04-06 07:49:31.954+00,2025-05-24 17:56:03.287+00,true
1240,A Script for Aspiring Women Leaders: 5 Keys to Success,Mark Villareal,False,50,NULL,NULL,"{motivational,self-improvement}",1240.webp,NULL,NULL,NULL,2025-04-06 07:49:31.95+00,2025-04-26 14:46:17.514+00,true
1242,"Our Vietnam Wars: As Told by 100 Veterans Who Served (Our Vietnam Wars, #1)",William F. Brown,False,60,NULL,NULL,{historical},1242.webp,NULL,NULL,NULL,2025-04-06 07:49:31.952+00,2025-04-26 14:46:17.517+00,true
1245,The World Peace Diet: Eating for Spiritual Health and Social Harmony,Will Tuttle,False,65,NULL,NULL,"{""health & nutrition"",spirituality}",1245.webp,#3e908b,#c9e0df,True,2025-04-06 07:49:31.955+00,2025-05-24 17:56:10.132+00,true
1251,Cadillac Desert: The American West and Its Disappearing Water,Marc Reisner,False,75,NULL,NULL,"{environmental,influential}",1251.webp,#e78121,#f8dcc1,True,2025-04-06 07:49:31.962+00,2025-05-24 17:56:29.328+00,true
1252,Ryan White: My Own Story,Ryan White,False,80,NULL,NULL,"{biography,influential}",1252.webp,#59979a,#d1e2e3,True,2025-04-06 07:49:31.963+00,2025-05-24 17:56:37.942+00,true
1250,Korean War: A History From Beginning to End,Hourly History,False,60,NULL,NULL,{historical},1250.webp,NULL,NULL,NULL,2025-04-06 07:49:31.961+00,2025-04-26 14:46:17.54+00,true
1255,This Star Won't Go Out: The Life and Words of Esther Grace Earl,Esther Earl,False,75,NULL,NULL,"{biography,influential}",1255.webp,#3cbda7,#c9ede6,True,2025-04-06 07:49:31.967+00,2025-05-24 17:56:45.821+00,true
1259,John: A Biography,Cynthia Lennon,False,70,NULL,NULL,{biography},1259.webp,#d44424,#f3cbc2,True,2025-04-06 07:49:31.972+00,2025-05-24 17:56:59.195+00,true
1254,الرحيق المختوم,Safiur Rahman Mubarakpuri,False,70,NULL,NULL,"{award-winning,historical}",1254.webp,NULL,NULL,NULL,2025-04-06 07:49:31.966+00,2025-04-26 14:46:17.549+00,true
1214,We Are Bridges: A Memoir,Cassandra Lane,False,50,NULL,NULL,{influential},1214.webp,NULL,NULL,NULL,2025-04-06 07:49:31.921+00,2025-04-26 14:46:17.564+00,true
1215,Mindful Self-Discipline: Living with Purpose and Achieving Your Goals in a World of Distractions,Giovanni Dienstmann,False,60,NULL,NULL,"{self-improvement,motivational}",1215.webp,NULL,NULL,NULL,2025-04-06 07:49:31.922+00,2025-04-26 14:46:17.444+00,true
1227,Napoleon: A Life,Andrew Roberts,False,90,NULL,NULL,"{bestseller,historical}",1227.webp,#213e40,#c1c9c9,True,2025-04-06 07:49:31.935+00,2025-04-27 08:14:30.35+00,true
1275,"Sorry I'm Late, I Didn't Want to Come: An Introvert's Year of Living Dangerously",Jessica Pan,False,70,9781449499235,272,"{motivational,trending}",1275.webp,#397b75,#c7dad8,True,2025-04-06 07:49:31.989+00,2025-05-24 17:57:52.808+00,true
1261,The World of Yesterday,Stefan Zweig,False,75,9780803226616,455,"{classic,historical}",1261.webp,#96a28b,#e2e5df,True,2025-04-06 07:49:31.974+00,2025-05-24 17:57:15.389+00,true
1277,Like the Flowing River,Paulo Coelho,False,85,9780061718883,272,"{influential,motivational}",1277.webp,#f55f12,#fcd2bd,True,2025-04-06 07:49:31.992+00,2025-05-01 13:48:21.272+00,true
1272,A Three Course Meal for the Mind,Renée Paule,False,50,NULL,NULL,{motivational},1272.webp,NULL,NULL,NULL,2025-04-06 07:49:31.986+00,2025-04-26 14:46:17.595+00,true
1273,"Layman's Handbook, A journey to SELF",Aidan Mc Nally,False,45,NULL,NULL,{self-improvement},1273.webp,NULL,NULL,NULL,2025-04-06 07:49:31.987+00,2025-04-26 14:46:17.598+00,true
1276,When God Whispers Your Name,Max Lucado,False,80,9780849947117,240,"{influential,motivational}",1276.webp,#b0c3ad,#c8d5c6,True,2025-04-06 07:49:31.991+00,2025-05-24 17:57:59.247+00,true
1281,The Knowledge of the Holy,A.W. Tozer,False,70,NULL,NULL,"{classic,influential}",1281.webp,#ead490,#d3bf82,False,2025-04-06 07:49:31.996+00,2025-05-24 17:58:05.907+00,true
1288,The State and Revolution,Vladimir Lenin,False,85,NULL,NULL,"{classic,historical}",1288.webp,#c56947,#efd5cb,True,2025-04-06 07:49:32.003+00,2025-05-01 13:48:28.612+00,true
1278,The Modern Man: A philosophical divagation about the evil banality of daily acts,Cristiane Serruya,False,50,NULL,NULL,{philosophical},1278.webp,NULL,NULL,NULL,2025-04-06 07:49:31.993+00,2025-04-26 14:46:17.609+00,true
1280,Die Macht Des Marketing: Tipps Um Mit Ihrem Online Business Höhere Profite Einzufahren,Maria Johnsen,False,50,NULL,NULL,{educational},1280.webp,NULL,NULL,NULL,2025-04-06 07:49:31.995+00,2025-04-26 14:46:17.616+00,true
1286,Reading People: How Seeing the World through the Lens of Personality Changes Everything,Anne Bogel,False,65,NULL,NULL,"{educational,self-improvement}",1286.webp,#26686b,#c2d5d5,True,2025-04-06 07:49:32.001+00,2025-05-24 17:58:14.406+00,true
1289,Kabul Beauty School: An American Woman Goes Behind the Veil,Deborah Rodriguez,False,75,NULL,NULL,"{biography,influential}",1289.webp,#dd7a1b,#f5dabf,True,2025-04-06 07:49:32.004+00,2025-05-24 17:58:20.871+00,true
1299,"Conversations with God: An Uncommon Dialogue, Book 1",Neale Donald Walsch,False,85,NULL,NULL,"{influential,spiritual}",1299.webp,#206f87,#c1d7dd,True,2025-04-06 07:49:32.015+00,2025-05-01 13:48:36.872+00,true
1294,Meditation: Insights and Inspirations,Amit Ray,False,65,NULL,NULL,"{self-improvement,mindfulness}",1294.webp,#a16225,#e5d3c2,True,2025-04-06 07:49:32.01+00,2025-05-24 17:58:28.621+00,true
1297,Turning Pro,Steven Pressfield,False,75,NULL,NULL,"{motivational,self-improvement}",1297.webp,#ce4628,#f1cbc3,True,2025-04-06 07:49:32.013+00,2025-05-24 17:58:53.498+00,true
1295,Trailer Trash: an '80s Memoir,Angie Cavallari,False,55,NULL,NULL,{biography},1295.webp,NULL,NULL,NULL,2025-04-06 07:49:32.011+00,2025-04-26 14:46:17.658+00,true
1298,"Galileo's Daughter: A Historical Memoir of Science, Faith and Love",Dava Sobel,False,80,NULL,NULL,"{historical,biography}",1298.webp,#68746e,#d5d8d7,True,2025-04-06 07:49:32.014+00,2025-05-24 17:59:01.2+00,true
1301,Radical: Taking Back Your Faith from the American Dream,David Platt,False,65,NULL,NULL,{influential},1301.webp,#d77a2a,#f4dac3,True,2025-04-06 07:49:32.018+00,2025-05-24 17:59:10.695+00,true
1302,Shadows of Forgotten Ancestors,Carl Sagan,False,85,NULL,NULL,"{classic,educational}",1302.webp,#43213c,#cac1c9,True,2025-04-06 07:49:32.02+00,2025-05-01 13:48:44.03+00,true
1303,Freelancing And Outsourcing-How to Outsource Excessive Workload,Maria Johnsen,False,50,NULL,NULL,{educational},1303.webp,NULL,NULL,NULL,2025-04-06 07:49:32.021+00,2025-04-26 14:46:17.679+00,true
1305,The Future of Artificial Intelligence in Digital Marketing,Maria Johnsen,False,55,NULL,NULL,{trending},1305.webp,NULL,NULL,NULL,2025-04-06 07:49:32.023+00,2025-04-26 14:46:17.685+00,true
1267,Wise and Otherwise,Sudha Murty,False,70,9780143062226,232,"{influential,motivational}",1267.webp,#f5c44d,#f8d682,True,2025-04-06 07:49:31.981+00,2025-05-24 17:57:23.26+00,true
1271,Superforecasting: The Art and Science of Prediction,Philip E. Tetlock,False,85,9780804136693,352,"{educational,influential}",1271.webp,#928a59,#e1ded1,True,2025-04-06 07:49:31.985+00,2025-05-01 13:48:06.045+00,true
1314,I Must Say: My Life as a Humble Comedy Legend,Martin Short,False,75,NULL,NULL,{biography},1314.webp,#772a21,#d9c3c1,True,2025-04-06 07:49:32.033+00,2025-05-24 18:00:00.251+00,true
1320,F*ck Feelings: One Shrink's Practical Advice for Managing All Life's Impossible Problems,Michael I. Bennett,False,70,NULL,NULL,"{self-improvement,motivational}",1320.webp,#ffd528,#e6c024,False,2025-04-06 07:49:32.04+00,2025-05-24 18:00:06.425+00,true
1323,Awareness: The Perils and Opportunities of Reality,Anthony de Mello,False,80,NULL,NULL,"{self-improvement,motivational}",1323.webp,#213f41,#c1c9ca,True,2025-04-06 07:49:32.044+00,2025-05-24 18:00:12.958+00,true
1322,"Hearing the Voice of the Lord: Principles and Patterns of Personal Revelation (Divine Guidance, #1)",Gerald N. Lund,False,60,NULL,NULL,{religion},1322.webp,NULL,NULL,NULL,2025-04-06 07:49:32.042+00,2025-04-26 14:46:17.73+00,true
1327,Mindfulness in Plain English,Henepola Gunaratana,False,80,NULL,NULL,"{mindfulness,self-improvement}",1327.webp,#7e957e,#dbe1db,True,2025-04-06 07:49:32.049+00,2025-05-24 18:00:31.397+00,true
1324,"Ama Dios (4 AoL Consciousness Books Combined, #111)",Nataša Pantović,False,50,NULL,NULL,{spirituality},1324.webp,NULL,NULL,NULL,2025-04-06 07:49:32.045+00,2025-04-26 14:46:17.737+00,true
1342,They Called Us Enemy,George Takei,False,85,NULL,NULL,"{historical,award-winning}",1342.webp,#dbcdaf,#c5b99e,False,2025-04-06 07:49:32.066+00,2025-05-01 13:48:59.796+00,true
1328,"Badass Habits: Cultivate the Awareness, Boundaries, and Daily Upgrades You Need to Make Them Stick",Jen Sincero,False,75,NULL,NULL,"{self-improvement,motivational}",1328.webp,#541e28,#cfc0c3,True,2025-04-06 07:49:32.05+00,2025-05-24 18:00:45.74+00,true
1329,The Society of the Spectacle,Guy Debord,False,70,NULL,NULL,"{philosophy,society}",1329.webp,#1a1b17,#bfbfbe,True,2025-04-06 07:49:32.052+00,2025-05-24 18:00:53.039+00,true
1330,He Still Moves Stones: Everyone Needs a Miracle,Max Lucado,False,65,NULL,NULL,"{religion,motivational}",1330.webp,#153e52,#bdc9cf,True,2025-04-06 07:49:32.053+00,2025-05-24 18:01:18.807+00,true
1331,In the Sea There are Crocodiles: Based on the True Story of Enaiatollah Akbari,Fabio Geda,False,75,NULL,NULL,"{biography,inspirational}",1331.webp,#fe7f59,#ffdbd1,True,2025-04-06 07:49:32.054+00,2025-05-24 18:01:25.753+00,true
1333,A Chance to Die: The Life and Legacy of Amy Carmichael,Elisabeth Elliot,False,70,NULL,NULL,"{biography,inspirational}",1333.webp,#b8361b,#ebc7bf,True,2025-04-06 07:49:32.056+00,2025-05-24 18:01:39.688+00,true
1335,Memoirs of a Dutiful Daughter,Simone de Beauvoir,False,80,NULL,NULL,"{biography,classic}",1335.webp,#a76a70,#e6d5d7,True,2025-04-06 07:49:32.058+00,2025-05-24 18:01:51.279+00,true
1334,Politics,Aristotle,False,90,NULL,NULL,"{classic,philosophy}",1334.webp,NULL,NULL,NULL,2025-04-06 07:49:32.057+00,2025-04-26 14:46:17.776+00,true
1341,E-Squared: Nine Do-It-Yourself Energy Experiments That Prove Your Thoughts Create Your Reality,Pam Grout,False,70,NULL,NULL,"{self-improvement,motivational}",1341.webp,#2e1b5b,#c5bfd1,True,2025-04-06 07:49:32.065+00,2025-05-24 18:02:08.997+00,true
1338,Clifford Michaels,Clifford Michaels,False,50,NULL,NULL,{},1338.webp,NULL,NULL,NULL,2025-04-06 07:49:32.062+00,2025-04-26 14:46:17.789+00,true
1345,1421: The Year China Discovered America,Gavin Menzies,False,80,NULL,NULL,{historical},1345.webp,#efd6a8,#d7c197,False,2025-04-06 07:49:32.07+00,2025-05-24 18:02:16.067+00,true
1313,The Consolation of Philosophy,Boethius,False,80,NULL,NULL,{classic},1313.webp,#a0381f,#e5c7c0,True,2025-04-06 07:49:32.032+00,2025-05-24 17:59:48.035+00,true
1343,"Me and White Supremacy: Combat Racism, Change the World, and Become a Good Ancestor",Layla F. Saad,False,90,NULL,NULL,"{influential,educational}",1343.webp,NULL,NULL,NULL,2025-04-06 07:49:32.067+00,2025-04-26 14:46:17.804+00,true
1351,Katherine Swynford: The Story of John of Gaunt and His Scandalous Duchess,Alison Weir,False,75,NULL,NULL,{historical},1351.webp,#ad873e,#e8ddc9,True,2025-04-06 07:49:32.076+00,2025-05-24 18:02:29.02+00,true
1346,Status of Women in Islam,Yusuf Al-Hajj Ahmad,False,60,NULL,NULL,{educational},1346.webp,NULL,NULL,NULL,2025-04-06 07:49:32.071+00,2025-04-26 14:46:17.813+00,true
1350,Metaphysics of Sound,Nataša Pantović,False,50,NULL,NULL,{educational},1350.webp,NULL,NULL,NULL,2025-04-06 07:49:32.075+00,2025-04-26 14:46:17.822+00,true
1325,When: The Scientific Secrets of Perfect Timing,Daniel H. Pink,False,85,NULL,NULL,"{self-improvement,motivational}",1325.webp,#0889ac,#badee8,True,2025-04-06 07:49:32.046+00,2025-05-01 13:48:52.322+00,true
1379,"D-Day, June 6, 1944: The Battle for the Normandy Beaches",Stephen E. Ambrose,False,85,9780743225782,656,"{bestseller,historical}",1379.webp,#324031,#c6c9c5,True,2025-04-06 07:49:32.107+00,2025-05-01 13:49:28.034+00,true
1364,"The Art of Living: The Classical Manual on Virtue, Happiness and Effectiveness",Epictetus,False,75,9780061286056,144,"{classic,philosophy}",1364.webp,#fed594,#e5c085,False,2025-04-06 07:49:32.09+00,2025-05-24 18:02:58.921+00,true
1366,Jack: Straight from the Gut,Jack Welch,False,82,9780446528382,496,"{bestseller,business,memoir}",1366.webp,#d6462d,#f3cbc4,True,2025-04-06 07:49:32.093+00,2025-05-24 18:03:16.816+00,true
1367,Multipliers: How the Best Leaders Make Everyone Smarter,Liz Wiseman,False,77,9780061964398,272,"{leadership,business}",1367.webp,#f0c403,#f5d64f,True,2025-04-06 07:49:32.094+00,2025-05-24 18:03:31.619+00,true
1368,Vanderbilt: The Rise and Fall of an American Dynasty,Anderson Cooper,False,75,9780062964618,336,"{historical,biography}",1368.webp,#295143,#c3ceca,True,2025-04-06 07:49:32.095+00,2025-05-24 18:03:38.303+00,true
1369,The Book: On the Taboo Against Knowing Who You Are,Alan W. Watts,False,70,9780679723004,152,"{philosophy,classic}",1369.webp,#221365,#c1bdd4,True,2025-04-06 07:49:32.096+00,2025-05-24 18:03:44.868+00,true
1370,Learned Optimism: How to Change Your Mind and Your Life,Martin E.P. Seligman,False,78,9781400078394,336,"{psychology,self-improvement}",1370.webp,#d3e3cd,#beccb9,False,2025-04-06 07:49:32.097+00,2025-05-24 18:03:53.131+00,true
1374,168 Hours: You Have More Time Than You Think,Laura Vanderkam,False,72,9781591844105,336,"{time-management,self-improvement}",1374.webp,#05a1a9,#b9e5e7,True,2025-04-06 07:49:32.101+00,2025-05-24 18:03:59.083+00,true
1372,Creating the Vietnam Veterans Memorial: The Inside Story,Robert W. Doubek,False,60,9781476667281,256,"{historical,memoir}",1372.webp,NULL,NULL,NULL,2025-04-06 07:49:32.099+00,2025-04-26 14:46:17.874+00,true
1373,American Rococo: Essays on the Edge,Isham Cook,False,50,NULL,NULL,"{essays,culture}",1373.webp,NULL,NULL,NULL,2025-04-06 07:49:32.1+00,2025-04-26 14:46:17.877+00,true
1378,Seven Pillars of Wisdom: A Triumph,T.E. Lawrence,False,80,9780385418959,784,"{classic,historical}",1378.webp,#e19329,#f7e1c3,True,2025-04-06 07:49:32.106+00,2025-05-24 18:04:19.203+00,true
1385,101 Essays That Will Change The Way You Think,Brianna Wiest,False,78,9781945796067,448,"{self-improvement,motivational}",1385.webp,#d4c7d7,#bfb3c2,False,2025-04-06 07:49:32.114+00,2025-05-24 18:04:42.792+00,true
1386,In Europe: Travels Through the Twentieth Century,Geert Mak,False,65,9780374135279,896,"{historical,educational}",1386.webp,#f08e34,#fbdfc6,True,2025-04-06 07:49:32.115+00,2025-05-24 18:04:48.998+00,true
1382,Good Night Stories for Rebel Girls: 100 Tales of Extraordinary Women,Elena Favilli,False,85,9780997895810,224,"{bestseller,influential,educational}",1382.webp,#782856,#d9c3d0,True,2025-04-06 07:49:32.111+00,2025-05-01 13:49:38.848+00,true
1380,Velvet Elvis: Repainting the Christian Faith,Rob Bell,False,70,9780062197214,208,"{influential,religion}",1380.webp,NULL,NULL,NULL,2025-04-06 07:49:32.108+00,2025-04-26 14:46:17.897+00,true
1356,Parallel Journeys,Eleanor H. Ayer,False,80,NULL,NULL,"{historical,educational}",1356.webp,#20353f,#c1c7c9,True,2025-04-06 07:49:32.082+00,2025-05-24 18:02:38.027+00,true
1383,In My Hands: Compelling Stories from a Surgeon and His Patients Fighting Cancer,Steven A. Curley,False,60,9781600376111,320,"{inspirational,health}",1383.webp,NULL,NULL,NULL,2025-04-06 07:49:32.112+00,2025-04-26 14:46:17.902+00,true
1395,The View from the Cheap Seats: Selected Nonfiction,Neil Gaiman,False,70,9780062262264,544,"{nonfiction,influential}",1395.webp,#63241d,#d3c2c0,True,2025-04-06 07:49:32.125+00,2025-05-24 18:05:17.982+00,true
1396,The One Minute Manager,Kenneth H. Blanchard,False,90,9780688014292,112,"{bestseller,management}",1396.webp,#a9e6ed,#98cfd5,False,2025-04-06 07:49:32.126+00,2025-04-27 08:19:31.126+00,true
1392,Paralysis: Beating the Odds,Addison D'marko,False,50,NULL,250,"{inspirational,health}",1392.webp,NULL,NULL,NULL,2025-04-06 07:49:32.122+00,2025-04-26 14:46:17.925+00,true
1357,The Zimmermann Telegram,Barbara W. Tuchman,False,85,NULL,NULL,"{historical,classic}",1357.webp,#b58d49,#eadfcc,True,2025-04-06 07:49:32.083+00,2025-05-01 13:49:07.702+00,true
1355,The Kitchens of Canton,Isham Cook,False,55,NULL,NULL,{educational},1355.webp,NULL,NULL,NULL,2025-04-06 07:49:32.081+00,2025-04-26 14:46:17.936+00,true
1363,Love Warrior,Glennon Doyle Melton,False,80,9781250075727,272,"{bestseller,memoir,self-improvement}",1363.webp,#f71d56,#fdc0d0,True,2025-04-06 07:49:32.089+00,2025-05-24 18:02:44.142+00,true
1387,A Briefer History of Time,Stephen Hawking,False,90,9780553385465,176,"{bestseller,science,educational}",1387.webp,#2a2933,#c3c3c6,True,2025-04-06 07:49:32.116+00,2025-04-27 08:19:22.649+00,true
1407,Michael Jordan: The Life,Roland Lazenby,False,85,9780316194778,720,"{biography,sports,influential}",1407.webp,#0c0c0a,#bbbbbb,True,2025-04-06 07:49:32.138+00,2025-05-01 13:50:03.684+00,true
1412,Men We Reaped: A Memoir,Jesmyn Ward,False,75,9781608195213,272,"{memoir,award-winning,society}",1412.webp,#aa4039,#e7c9c7,True,2025-04-06 07:49:32.144+00,2025-05-24 18:06:33.256+00,true
1405,Dying to Give,Gary B. Shelly,False,40,NULL,NULL,"{niche,health}",1405.webp,NULL,NULL,NULL,2025-04-06 07:49:32.136+00,2025-04-26 14:46:17.955+00,true
1406,Yoga Time,Alex Letner,False,50,NULL,NULL,"{health,wellness}",1406.webp,NULL,NULL,NULL,2025-04-06 07:49:32.137+00,2025-04-26 14:46:17.958+00,true
1411,Decision Points,George W. Bush,False,85,9780307590619,512,"{biography,politics,influential}",1411.webp,#919e9c,#e0e4e3,True,2025-04-06 07:49:32.143+00,2025-05-01 13:50:10.805+00,true
1416,The Life-Changing Manga of Tidying Up,Marie Kondō,False,85,9780399580536,192,"{self-improvement,trending,motivational}",1416.webp,#bfd9c4,#acc3b0,False,2025-04-06 07:49:32.149+00,2025-05-01 13:50:20.509+00,true
1415,Eat Move Sleep: How Small Choices Lead to Big Changes,Tom Rath,False,75,9781939714008,256,"{self-improvement,health,motivational}",1415.webp,#389b60,#c7e3d3,True,2025-04-06 07:49:32.148+00,2025-05-24 18:06:51.656+00,true
1418,Augustine of Hippo: A Biography,Peter Brown,False,80,9780520280410,568,"{biography,historical,influential}",1418.webp,#9d4e2e,#e3cdc5,True,2025-04-06 07:49:32.151+00,2025-05-24 18:07:04.278+00,true
1423,Born to Run,Bruce Springsteen,False,85,9781501141515,528,"{bestseller,biography}",1423.webp,#884d36,#decdc7,True,2025-04-06 07:49:32.158+00,2025-05-01 13:50:38.73+00,true
1419,The Songlines,Bruce Chatwin,False,75,9780140094299,304,"{travel,culture,classic}",1419.webp,#dd7655,#f5d9cf,True,2025-04-06 07:49:32.153+00,2025-05-24 18:07:16.653+00,true
1425,Freedom at Midnight,Larry Collins,False,80,9780006388517,774,"{historical,classic}",1425.webp,#c92a11,#f0c3bc,True,2025-04-06 07:49:32.16+00,2025-05-24 18:07:37.413+00,true
1421,Sharon Draper,Sharon M. Draper,False,0,NULL,NULL,{},1421.webp,NULL,NULL,NULL,2025-04-06 07:49:32.156+00,2025-04-26 14:46:17.994+00,true
1435,Battle Cry of Freedom: The Civil War Era,James M. McPherson,False,85,9780195038637,904,"{award-winning,historical}",1435.webp,#cebd92,#ddd1b3,True,2025-04-06 07:49:32.171+00,2025-05-01 13:51:08.435+00,true
1428,"The Bullet Journal Method: Track Your Past, Order Your Present, Plan Your Future",Ryder Carroll,False,75,9780525533337,320,"{self-improvement,trending}",1428.webp,#f9eac7,#e0d3b3,False,2025-04-06 07:49:32.164+00,2025-05-24 18:07:50.627+00,true
1434,"Holy Blood, Holy Grail",Michael Baigent,False,75,9780385338455,496,{controversial},1434.webp,#552807,#cfc3b9,True,2025-04-06 07:49:32.17+00,2025-05-24 18:07:56.836+00,true
1403,Through Gates of Splendor,Elisabeth Elliot,False,75,9780842371513,272,"{inspirational,biography,historical}",1403.webp,#f9a237,#fbbe73,True,2025-04-06 07:49:32.134+00,2025-05-24 18:06:02.371+00,true
1440,Over the Top: A Raw Journey to Self-Love,Jonathan Van Ness,False,70,9780062906373,288,"{bestseller,motivational}",1440.webp,#f25e4e,#fbd2cd,True,2025-04-06 07:49:32.177+00,2025-05-24 18:08:06.039+00,true
1401,American Lion: Andrew Jackson in the White House,Jon Meacham,False,85,9781400063253,512,"{award-winning,historical,biography}",1401.webp,#72130a,#d7bdbb,True,2025-04-06 07:49:32.131+00,2025-05-01 13:49:56.25+00,true
1448,"The Longest Day: June 6, 1944",Cornelius Ryan,False,85,9780671890919,352,"{historical,classic}",1448.webp,#4c4d46,#cdcdcb,True,2025-04-06 07:49:32.186+00,2025-05-01 13:51:39.481+00,true
1464,Washington: A Life,Ron Chernow,False,90,9781594202667,928,"{bestseller,award-winning,historical}",1464.webp,#283b32,#c3c8c6,True,2025-04-06 07:49:32.203+00,2025-04-27 08:19:50.566+00,true
1452,The Almanack of Naval Ravikant: A Guide to Wealth and Happiness,Eric Jorgenson,False,85,9781544514215,242,"{self-improvement,motivational}",1452.webp,#1a242d,#bfc2c4,True,2025-04-06 07:49:32.191+00,2025-05-01 13:51:55.66+00,true
1451,The Language of God: A Scientist Presents Evidence for Belief,Francis S. Collins,False,80,9781416542742,304,"{science,religion}",1451.webp,#473f96,#cbc9e2,True,2025-04-06 07:49:32.189+00,2025-05-24 18:09:00.401+00,true
1453,The Introvert Advantage: How to Thrive in an Extrovert World,Marti Olsen Laney,False,75,9780761123699,336,"{self-improvement,educational}",1453.webp,#baa1ca,#cfbdda,True,2025-04-06 07:49:32.192+00,2025-05-24 18:09:09.272+00,true
1468,The fifth agreement,Miguel Ruiz,False,85,9781878424617,248,"{self-improvement,motivational}",1468.webp,#405631,#c9d0c5,True,2025-04-06 07:49:32.207+00,2025-05-01 13:52:09.208+00,true
1455,The Miracle of Forgiveness,Spencer W. Kimball,False,70,9780884944447,384,"{religion,motivational}",1455.webp,#e65a00,#f8d1b8,True,2025-04-06 07:49:32.194+00,2025-05-24 18:09:16.292+00,true
1459,The Astronaut Wives Club,Lily Koppel,False,70,9781455503254,288,"{historical,biography}",1459.webp,#1e6c82,#c0d6dc,True,2025-04-06 07:49:32.198+00,2025-05-24 18:09:30.459+00,true
1461,Kiss Me Like a Stranger: My Search for Love and Art,Gene Wilder,False,65,9780312337070,272,"{celebrity,memoir}",1461.webp,#702e62,#d7c5d3,True,2025-04-06 07:49:32.2+00,2025-05-24 18:09:52.775+00,true
1462,"The Lady in Gold: The Extraordinary Tale of Gustav Klimt's Masterpiece, Portrait of Adele Bloch-Bauer",Anne-Marie O'Connor,False,75,9780307265647,368,"{historical,art}",1462.webp,#e7a715,#eec15b,True,2025-04-06 07:49:32.201+00,2025-05-24 18:10:03.616+00,true
1466,Citizen: An American Lyric,Claudia Rankine,False,80,9781555976903,160,"{award-winning,influential}",1466.webp,#e9ce57,#d2b94e,False,2025-04-06 07:49:32.205+00,2025-05-24 18:10:12.328+00,true
1474,Journals,Kurt Cobain,False,85,9781573222327,304,"{celebrity,memoir}",1474.webp,#ebc071,#f1d39c,True,2025-04-06 07:49:32.213+00,2025-05-01 13:52:30.899+00,true
1465,Conscious Parenting: Mindful Living Course (AoL Mindfulness #5),Nataša Pantović,False,60,NULL,226,"{educational,mindfulness}",1465.webp,NULL,NULL,NULL,2025-04-06 07:49:32.204+00,2025-04-26 14:46:18.114+00,true
1469,Beethoven: Anguish and Triumph,Jan Swafford,False,75,9780618054749,1040,"{biography,music}",1469.webp,#862c1f,#ddc4c0,True,2025-04-06 07:49:32.208+00,2025-05-24 18:10:18.337+00,true
1443,Home Comforts: The Art and Science of Keeping House,Cheryl Mendelson,False,65,9780743272865,896,"{educational,long-read}",1443.webp,#d8c292,#e4d4b3,True,2025-04-06 07:49:32.18+00,2025-05-24 18:08:25.408+00,true
1470,Barbarian Days: A Surfing Life,William Finnegan,False,80,9781594203473,464,"{award-winning,memoir}",1470.webp,#228691,#c1dde0,True,2025-04-06 07:49:32.209+00,2025-05-24 18:11:01.213+00,true
1477,1493: Uncovering the New World Columbus Created,Charles C. Mann,False,80,9780307278241,560,"{historical,educational}",1477.webp,#db5111,#f5cebc,True,2025-04-06 07:49:32.217+00,2025-05-24 18:11:25.234+00,true
1444,Wonderful Life: The Burgess Shale and the Nature of History,Stephen Jay Gould,False,80,9780393307009,352,"{science,historical}",1444.webp,#513c75,#cec9d8,True,2025-04-06 07:49:32.182+00,2025-05-24 18:08:32.882+00,true
1476,"Persepolis, Volume 1",Marjane Satrapi,False,90,9780375714573,153,"{graphic-novel,award-winning}",1476.webp,NULL,NULL,NULL,2025-04-06 07:49:32.216+00,2025-04-26 14:46:18.145+00,true
1450,The Valley of Vision: A Collection of Puritan Prayers and Devotions,Arthur Bennett,False,70,9780851512280,432,"{religion,classic}",1450.webp,#395d3e,#c7d2c9,True,2025-04-06 07:49:32.188+00,2025-05-24 18:08:53.208+00,true
1447,The Bitcoin Standard: The Decentralized Alternative to Central Banking,Saifedean Ammous,False,90,9781119473862,304,"{economics,trending}",1447.webp,#bc2d03,#ecc4b9,True,2025-04-06 07:49:32.185+00,2025-04-27 08:19:38.386+00,true
1493,Talk Like TED: The 9 Public-Speaking Secrets of the World's Top Minds,Carmine Gallo,False,80,978-1250041128,288,"{bestseller,educational}",1493.webp,#dccd9b,#c6b98c,False,2025-04-06 07:49:32.234+00,2025-05-24 18:12:10.705+00,true
1502,The Origins of Totalitarianism,Hannah Arendt,False,85,NULL,576,"{classic,influential}",1502.webp,#a2523c,#e5cfc9,True,2025-04-06 07:49:32.244+00,2025-05-01 13:52:55.128+00,true
1498,The Red Queen: Sex and the Evolution of Human Nature,Matt Ridley,False,80,978-0060556570,416,"{bestseller,educational}",1498.webp,#af2019,#e9c1bf,True,2025-04-06 07:49:32.239+00,2025-05-24 18:12:21.977+00,true
1501,Are Prisons Obsolete?,Angela Y. Davis,False,75,NULL,128,"{educational,influential}",1501.webp,#a42e16,#e5c5be,True,2025-04-06 07:49:32.243+00,2025-05-24 18:12:28.773+00,true
1503,The Life of Elizabeth I,Alison Weir,False,70,NULL,560,"{historical,biography}",1503.webp,#952c0a,#e1c4bb,True,2025-04-06 07:49:32.245+00,2025-05-24 18:12:40.293+00,true
1507,How Will You Measure Your Life?,Clayton M. Christensen,False,85,NULL,240,"{motivational,self-improvement}",1507.webp,#e8d0b7,#d1bba5,False,2025-04-06 07:49:32.25+00,2025-05-01 13:53:02.9+00,true
1506,Make Time: How to Focus on What Matters Every Day,Jake Knapp,False,80,NULL,304,"{self-improvement,motivational}",1506.webp,#0b709f,#bbd7e4,True,2025-04-06 07:49:32.249+00,2025-05-24 18:12:51.57+00,true
1504,"Mindful Being (AoL Mindfulness, #4)",Nataša Pantović,False,50,NULL,226,"{mindfulness,self-improvement}",1504.webp,NULL,NULL,NULL,2025-04-06 07:49:32.247+00,2025-04-26 14:46:18.219+00,true
1526,Gut: The Inside Story of Our Body's Most Underrated Organ,Giulia Enders,False,85,9781771641494,288,"{educational,bestseller}",1526.webp,#fff3d5,#e6dbc0,False,2025-04-06 07:49:32.271+00,2025-05-01 13:53:16.904+00,true
1508,"First, We Make the Beast Beautiful: A New Story About Anxiety",Sarah Wilson,False,75,NULL,320,"{self-improvement,""mental health""}",1508.webp,#ab83b0,#e7dce9,True,2025-04-06 07:49:32.252+00,2025-05-24 18:12:58.517+00,true
1490,Philosophy: Who Needs It,Ayn Rand,False,70,978-0451138931,320,"{influential,philosophical}",1490.webp,#315b65,#c5d1d4,True,2025-04-06 07:49:32.231+00,2025-05-24 18:11:52.6+00,true
1509,Plutarch's Lives: Volume I,Plutarch,False,80,NULL,800,"{classic,historical}",1509.webp,#d7d4c6,#c2bfb2,False,2025-04-06 07:49:32.253+00,2025-05-24 18:13:05.128+00,true
1512,Free Will,Sam Harris,False,75,NULL,96,"{philosophy,short-read}",1512.webp,#e36635,#f7d4c7,True,2025-04-06 07:49:32.256+00,2025-05-24 18:13:12.23+00,true
1519,The First American: The Life and Times of Benjamin Franklin,H.W. Brands,False,75,NULL,784,"{biography,historical}",1519.webp,#d85327,#f4cfc3,True,2025-04-06 07:49:32.264+00,2025-05-24 18:13:27.635+00,true
1520,"Born Free: A Lioness of Two Worlds (Story of Elsa, #1)",Joy Adamson,False,70,9780375714382,224,"{classic,influential}",1520.webp,#f59f30,#f8bc6e,True,2025-04-06 07:49:32.265+00,2025-05-24 18:13:35.264+00,true
1521,Seriously... I'm Kidding,Ellen DeGeneres,False,75,9780446585026,241,"{bestseller,humor}",1521.webp,#ef7a98,#fbdae2,True,2025-04-06 07:49:32.266+00,2025-05-24 18:13:50.54+00,true
1525,The Sisters: The Saga of the Mitford Family,Mary S. Lovell,False,70,9780393324143,640,"{historical,biography}",1525.webp,#e57d54,#f8dbcf,True,2025-04-06 07:49:32.27+00,2025-05-24 18:14:00.657+00,true
1522,The Man Who Loved China,Simon Winchester,False,65,9780060884598,336,"{historical,educational}",1522.webp,NULL,NULL,NULL,2025-04-06 07:49:32.267+00,2025-04-26 14:46:18.272+00,true
1529,Groundwork of the Metaphysics of Morals,Immanuel Kant,False,80,9780521626958,124,"{classic,philosophy}",1529.webp,#706052,#d7d3cf,True,2025-04-06 07:49:32.275+00,2025-05-24 18:14:12.473+00,true
1531,The Condition of the Working Class in England,Friedrich Engels,False,75,9780199555888,336,"{classic,historical}",1531.webp,#504a3e,#ceccc9,True,2025-04-06 07:49:32.277+00,2025-05-24 18:14:21.494+00,true
1528,Spare,Prince Harry,False,90,9780593593806,416,"{bestseller,biography}",1528.webp,NULL,NULL,NULL,2025-04-06 07:49:32.274+00,2025-04-26 14:46:18.292+00,true
1505,This is Going to Hurt: Secret Diaries of a Junior Doctor,Adam Kay,False,90,NULL,256,"{bestseller,humor}",1505.webp,#2d4335,#c4cac7,True,2025-04-06 07:49:32.248+00,2025-04-27 08:19:56.974+00,true
1543,The Golden Bough,James George Frazer,False,85,9780192835413,944,"{classic,influential}",1543.webp,#0b251a,#bbc2bf,True,2025-04-06 07:49:32.291+00,2025-05-01 13:53:44.32+00,true
1542,A Man,Oriana Fallaci,False,65,9780679414543,436,"{biography,politics}",1542.webp,#d8391b,#f4c7bf,True,2025-04-06 07:49:32.29+00,2025-05-24 18:15:28.128+00,true
1544,Washington's Crossing,David Hackett Fischer,False,75,9780195170344,576,"{award-winning,historical}",1544.webp,#afa380,#c7bfa6,True,2025-04-06 07:49:32.292+00,2025-05-24 18:15:38.564+00,true
1539,The Lost Continent,Bill Bryson,False,80,9780060920081,299,"{travel,humor}",1539.webp,NULL,NULL,NULL,2025-04-06 07:49:32.286+00,2025-04-26 14:46:18.323+00,true
1545,The Endurance: Shackleton's Legendary Antarctic Expedition,Caroline Alexander,False,80,9780375404030,224,"{historical,adventure}",1545.webp,#395e69,#c7d2d5,True,2025-04-06 07:49:32.293+00,2025-05-24 18:15:46.015+00,true
1547,The Speed of Trust: The One Thing that Changes Everything,Stephen M.R. Covey,False,85,9781416549000,354,"{bestseller,motivational}",1547.webp,#002d4f,#b8c4ce,True,2025-04-06 07:49:32.296+00,2025-05-01 13:53:58.541+00,true
1559,"Command and Control: Nuclear Weapons, the Damascus Accident, and the Illusion of Safety",Eric Schlosser,False,80,9780143125785,656,"{historical,science}",1559.webp,#c53b23,#efc8c1,True,2025-04-06 07:49:32.309+00,2025-05-24 18:15:53.268+00,true
1570,The Undercover Economist,Tim Harford,False,80,9780199926510,288,"{educational,economics}",1570.webp,#e5dcb8,#cec6a6,False,2025-04-06 07:49:32.322+00,2025-05-24 18:17:18.93+00,true
1554,The Smartest Guys in the Room: The Amazing Rise and Scandalous Fall of Enron,Bethany McLean,False,85,9781591840534,464,"{bestseller,business}",1554.webp,#202d28,#c1c4c3,True,2025-04-06 07:49:32.304+00,2025-05-01 13:54:05.104+00,true
1557,The Sun Does Shine: How I Found Life and Freedom on Death Row,Anthony Ray Hinton,False,85,9781250124715,368,"{bestseller,inspirational}",1557.webp,#673627,#d5c7c3,True,2025-04-06 07:49:32.307+00,2025-05-01 13:54:23.456+00,true
1571,Dare to Lead,Brené Brown,False,90,9780399592522,320,"{bestseller,motivational}",1571.webp,#713723,#d7c7c1,True,2025-04-06 07:49:32.323+00,2025-04-27 08:20:10.039+00,true
1573,The 33 Strategies of War,Robert Greene,False,85,9780143112785,496,"{motivational,strategy}",1573.webp,#4a1f15,#ccc0bd,True,2025-04-06 07:49:32.325+00,2025-05-01 13:54:45.743+00,true
1558,Heart of Darfur,Lisa French Blaker,False,60,9780340898241,320,"{biography,historical}",1558.webp,NULL,NULL,NULL,2025-04-06 07:49:32.308+00,2025-04-26 14:46:18.379+00,true
1575,Lincoln: A Photobiography,Russell Freedman,False,75,9780395518489,150,"{educational,historical}",1575.webp,#8b2d24,#dfc4c2,True,2025-04-06 07:49:32.327+00,2025-05-24 18:17:26.382+00,true
1534,It's Not About the Bike: My Journey Back to Life,Lance Armstrong,False,85,9780425179611,288,"{bestseller,motivational}",1534.webp,#f9b451,#fbcb85,True,2025-04-06 07:49:32.281+00,2025-05-01 13:53:25.482+00,true
1574,Stillness Is the Key,Ryan Holiday,False,85,9780525538585,288,"{bestseller,mindfulness}",1574.webp,#f3eade,#dbd3c8,False,2025-04-06 07:49:32.326+00,2025-05-01 13:54:54.231+00,true
1536,Essays and Aphorisms,Arthur Schopenhauer,False,75,9780140442274,240,"{classic,philosophy}",1536.webp,#be4c11,#edcdbc,True,2025-04-06 07:49:32.283+00,2025-05-24 18:14:38.591+00,true
1555,Say Nothing: A True Story of Murder and Memory in Northern Ireland,Patrick Radden Keefe,False,90,9780385521314,464,"{bestseller,historical}",1555.webp,#541b0d,#cfbfbb,True,2025-04-06 07:49:32.305+00,2025-04-27 08:20:03.631+00,true
1535,"The History of Sexuality, Volume 1: An Introduction",Michel Foucault,False,85,9780679724698,176,"{classic,philosophy}",1535.webp,#cc9f95,#dbbcb5,True,2025-04-06 07:49:32.282+00,2025-05-01 13:53:37.699+00,true
1585,Entropy: A New World View,Jeremy Rifkin,False,55,NULL,368,"{science,educational}",1585.webp,NULL,NULL,NULL,2025-04-06 07:49:32.337+00,2025-04-26 14:46:18.448+00,true
1591,Playing the Enemy: Nelson Mandela and the Game That Made a Nation,John Carlin,False,75,9780143115724,288,"{historical,influential}",1591.webp,#b93829,#ebc7c3,True,2025-04-06 07:49:32.344+00,2025-05-24 18:18:47.408+00,true
1595,The Road Back to You: An Enneagram Journey to Self-Discovery,Ian Morgan Cron,False,75,9780830846191,240,"{self-improvement,educational}",1595.webp,#ea5c2a,#f9d1c3,True,2025-04-06 07:49:32.348+00,2025-05-24 18:19:07.249+00,true
1602,What Got You Here Won't Get You There,Marshall Goldsmith,False,88,9781401301309,256,"{bestseller,motivational}",1602.webp,#d95e31,#f4d2c5,True,2025-04-06 07:49:32.355+00,2025-05-01 13:55:28.974+00,true
1597,Chaos: Making a New Science,James Gleick,False,80,9780140092509,384,"{science,educational}",1597.webp,#0d1426,#bbbdc2,True,2025-04-06 07:49:32.35+00,2025-05-24 18:19:14.257+00,true
1603,Clapton: The Autobiography,Eric Clapton,False,75,9780767925365,352,"{bestseller,biography}",1603.webp,#c75130,#efcec5,True,2025-04-06 07:49:32.356+00,2025-05-24 18:20:22.556+00,true
1600,Amish Grace: How Forgiveness Transcended Tragedy,Donald B. Kraybill,False,60,9780787997618,288,"{historical,influential}",1600.webp,NULL,NULL,NULL,2025-04-06 07:49:32.353+00,2025-04-26 14:46:18.502+00,true
1616,The Greatest Generation,Tom Brokaw,False,85,9780812975291,464,"{bestseller,historical}",1616.webp,#65441a,#d4cbbf,True,2025-04-06 07:49:32.37+00,2025-05-01 13:55:47.344+00,true
1604,I Don't Have to Make Everything All Better,Gary B. Lundberg,False,65,9780140286434,320,"{self-improvement,educational}",1604.webp,#246161,#c2d3d3,True,2025-04-06 07:49:32.357+00,2025-05-24 18:20:51.168+00,true
1612,The Ancestor's Tale: A Pilgrimage to the Dawn of Evolution,Richard Dawkins,False,80,9780618619160,688,"{educational,science}",1612.webp,#f2a13c,#f6bd77,True,2025-04-06 07:49:32.365+00,2025-05-24 18:21:45.997+00,true
1605,One Hundred Eighty Two Days in Afghanistan,Ryan Manganiello,False,45,NULL,NULL,{historical},1605.webp,NULL,NULL,NULL,2025-04-06 07:49:32.358+00,2025-04-26 14:46:18.518+00,true
1613,Alcoholics Anonymous,Alcoholics Anonymous,False,90,9781893007161,576,"{bestseller,self-improvement}",1613.webp,#12374f,#bdc7ce,True,2025-04-06 07:49:32.367+00,2025-04-27 08:20:39.311+00,true
1611,Jesus Calling: Enjoying Peace in His Presence,Sarah Young,False,85,9781400320110,400,"{bestseller,religious}",1611.webp,NULL,NULL,NULL,2025-04-06 07:49:32.364+00,2025-04-26 14:46:18.531+00,true
1615,No One Would Listen,Harry Markopolos,False,75,9780470919002,376,"{historical,economics}",1615.webp,#576059,#d0d3d1,True,2025-04-06 07:49:32.369+00,2025-05-24 18:21:58.009+00,true
1594,The Discovery of India,Jawaharlal Nehru,False,85,NULL,656,"{historical,influential}",1594.webp,#f9eacc,#e0d3b8,False,2025-04-06 07:49:32.347+00,2025-05-01 13:55:14.345+00,true
1617,Agatha Christie: An Autobiography,Agatha Christie,False,80,9780062204578,560,"{biography,classic}",1617.webp,#225a5d,#c1d1d2,True,2025-04-06 07:49:32.371+00,2025-05-24 18:22:18.331+00,true
1578,The Witches Are Coming,Lindy West,False,75,9780316449887,272,"{society,culture}",1578.webp,#d44717,#f3cbbe,True,2025-04-06 07:49:32.33+00,2025-05-24 18:17:41.836+00,true
1619,The Flame Trees of Thika: Memories of an African Childhood,Elspeth Huxley,False,70,9780141183787,288,"{historical,biography}",1619.webp,#dd5015,#f5cebd,True,2025-04-06 07:49:32.373+00,2025-05-24 18:22:28.711+00,true
1606,The Miracle Morning: The Not-So-Obvious Secret Guaranteed to Transform Your Life: Before 8AM,Hal Elrod,False,90,9780979019715,172,"{bestseller,motivational}",1606.webp,#b3b293,#cac9b3,True,2025-04-06 07:49:32.359+00,2025-04-27 08:20:28.534+00,true
1587,Indistractable: How to Control Your Attention and Choose Your Life,Nir Eyal,False,80,9781948836531,290,"{self-improvement,motivational}",1587.webp,#e9bb2d,#f0cf6c,True,2025-04-06 07:49:32.339+00,2025-05-24 18:18:31.836+00,true
1623,Down to Earth Sociology: Introductory Readings,James M. Henslin,False,60,9781439042250,624,"{educational,sociology}",1623.webp,NULL,NULL,NULL,2025-04-06 07:49:32.378+00,2025-04-26 14:46:18.56+00,true
1625,Scientific Miracles in Ocean and Animals,Yusuf Al-Hajj Ahmad,False,50,NULL,NULL,"{science,educational}",1625.webp,NULL,NULL,NULL,2025-04-06 07:49:32.38+00,2025-04-26 14:46:18.563+00,true
1627,Scientific Wonders on Earth & in Space,Yusuf Al-Hajj Ahmad,False,50,NULL,NULL,"{science,educational}",1627.webp,NULL,NULL,NULL,2025-04-06 07:49:32.382+00,2025-04-26 14:46:18.569+00,true
1630,How to Do Nothing: Resisting the Attention Economy,Jenny Odell,False,78,9781612197494,256,"{self-improvement,influential}",1630.webp,#f7bfb5,#deaca3,False,2025-04-06 07:49:32.385+00,2025-05-24 18:23:51.629+00,true
1633,The Bed of Procrustes: Philosophical and Practical Aphorisms,Nassim Nicholas Taleb,False,70,9781400069972,128,"{philosophy,short-read}",1633.webp,#0b1c2b,#bbbfc4,True,2025-04-06 07:49:32.389+00,2025-05-24 18:23:57.968+00,true
1639,Muhammad: His Life Based on the Earliest Sources,Martin Lings,False,80,9781594771538,384,"{biography,historical}",1639.webp,#0e4f34,#bbcec6,True,2025-04-06 07:49:32.396+00,2025-05-24 18:24:14.724+00,true
1638,Fear and Trembling,Søren Kierkegaard,False,85,9780140444490,160,"{classic,philosophy}",1638.webp,#334750,#c6cbce,True,2025-04-06 07:49:32.394+00,2025-05-01 13:56:33.742+00,true
1632,ديوان الإمام الشافعي,محمد بن إدريس الشافعي,False,60,NULL,NULL,"{classic,poetry}",1632.webp,NULL,NULL,NULL,2025-04-06 07:49:32.388+00,2025-04-26 14:46:18.583+00,true
1641,"Nigella Express: Good Food, Fast",Nigella Lawson,False,70,NULL,NULL,"{bestseller,trending}",1641.webp,#e65334,#f8cfc6,True,2025-04-06 07:49:32.398+00,2025-05-24 18:24:29.014+00,true
1644,Extraordinary Popular Delusions and the Madness of Crowds,Charles Mackay,False,85,NULL,NULL,"{classic,influential}",1644.webp,#423a2c,#cac8c4,True,2025-04-06 07:49:32.401+00,2025-05-01 13:57:01.626+00,true
1642,In the Meantime: Finding Yourself and the Love You Want,Iyanla Vanzant,False,75,NULL,NULL,"{self-improvement,motivational}",1642.webp,#c69ec5,#d7bbd6,True,2025-04-06 07:49:32.399+00,2025-05-24 18:24:35.529+00,true
1640,And Then it Rained: Lessons for Life,Megan Morrison,False,50,NULL,NULL,{self-improvement},1640.webp,NULL,NULL,NULL,2025-04-06 07:49:32.397+00,2025-04-26 14:46:18.602+00,true
1647,How to Become a Straight-A Student,Cal Newport,False,78,NULL,NULL,"{educational,self-improvement}",1647.webp,#f8d6c2,#dfc1af,False,2025-04-06 07:49:32.404+00,2025-05-24 18:25:04.973+00,true
1650,Solitude of Self,Elizabeth Cady Stanton,False,75,NULL,NULL,"{influential,classic}",1650.webp,#c097b7,#d3b6cd,True,2025-04-06 07:49:32.407+00,2025-05-24 18:25:18.559+00,true
1648,Your Money or Your Life,Joe Dominguez,False,88,NULL,NULL,"{bestseller,self-improvement}",1648.webp,#f05235,#fbcfc7,True,2025-04-06 07:49:32.405+00,2025-05-01 13:57:09.005+00,true
1651,Utopia for Realists: How We Can Build the Ideal World,Rutger Bregman,False,80,NULL,NULL,"{influential,trending}",1651.webp,#85c9b2,#aad9c9,True,2025-04-06 07:49:32.408+00,2025-05-24 18:25:25.672+00,true
1649,"Black Skin, White Masks",Frantz Fanon,False,85,NULL,NULL,"{influential,classic}",1649.webp,#000000,#b8b8b8,True,2025-04-06 07:49:32.406+00,2025-05-01 13:57:16.826+00,true
1652,Imperialism: The Highest Stage of Capitalism,Vladimir Lenin,False,85,NULL,NULL,"{classic,influential}",1652.webp,#411c0f,#cabfbc,True,2025-04-06 07:49:32.409+00,2025-05-01 13:57:23.117+00,true
1653,How Should We Then Live? The Rise and Decline of Western Thought and Culture,Francis A. Schaeffer,False,70,NULL,NULL,{influential},1653.webp,#484b36,#cccdc7,True,2025-04-06 07:49:32.41+00,2025-05-24 18:25:31.718+00,true
1657,The Worst Journey in the World,Apsley Cherry-Garrard,False,80,NULL,NULL,"{classic,historical}",1657.webp,#d0d8c8,#bbc2b4,False,2025-04-06 07:49:32.415+00,2025-05-24 18:25:44.805+00,true
1660,The Five Love Languages of Children,Gary Chapman,False,85,9780802412850,224,"{self-improvement,parenting}",1660.webp,#e2bb4c,#ebcf82,True,2025-04-06 07:49:32.418+00,2025-05-01 13:57:41.963+00,true
1661,My Life: An Attempt at an Autobiography,Leon Trotsky,False,70,9780486456098,256,"{historical,biography}",1661.webp,#bc3b1c,#ecc8bf,True,2025-04-06 07:49:32.419+00,2025-05-24 18:26:03.82+00,true
1656,Christ and the New Covenant: The Messianic Message of the Book of Mormon,Jeffrey R. Holland,False,65,NULL,NULL,{religious},1656.webp,NULL,NULL,NULL,2025-04-06 07:49:32.414+00,2025-04-26 14:46:18.643+00,true
1662,Godless: The Church of Liberalism,Ann Coulter,False,65,9781400054206,320,{politics},1662.webp,#b73a2b,#ebc8c4,True,2025-04-06 07:49:32.42+00,2025-05-24 18:26:16.752+00,true
1628,Nelson Mandela,Kadir Nelson,False,80,9780061783746,40,"{biography,historical}",1628.webp,#b5872d,#eaddc4,True,2025-04-06 07:49:32.383+00,2025-05-24 18:23:14.292+00,true
1631,Brief Answers to the Big Questions,Stephen Hawking,False,85,9781984819192,256,"{science,influential}",1631.webp,#0b0b13,#bbbbbd,True,2025-04-06 07:49:32.386+00,2025-05-01 13:56:19.678+00,true
1678,Born Again,Charles W. Colson,False,70,9780800796273,384,"{biography,religion}",1678.webp,#027c99,#b8dae3,True,2025-04-06 07:49:32.437+00,2025-05-24 18:27:17.411+00,true
1669,The Elephant Whisperer,Lawrence Anthony,False,80,9780312565787,368,"{nature,memoir}",1669.webp,#d2441c,#f3cbbf,True,2025-04-06 07:49:32.427+00,2025-05-24 18:26:48.893+00,true
1677,Justice: What's the Right Thing to Do?,Michael J. Sandel,False,85,9780374532505,320,"{philosophy,educational}",1677.webp,#2a3f38,#c3c9c7,True,2025-04-06 07:49:32.436+00,2025-05-01 13:58:05.216+00,true
1682,Getting the Love You Want: A Guide for Couples,Harville Hendrix,False,85,9780805087000,384,"{self-improvement,relationship}",1682.webp,#c973b0,#f0d8e9,True,2025-04-06 07:49:32.441+00,2025-05-01 13:58:21.301+00,true
1681,The Naked Ape,Desmond Morris,False,75,9780385334303,256,"{classic,influential}",1681.webp,#2c7c76,#c4dad9,True,2025-04-06 07:49:32.44+00,2025-05-24 18:27:48.621+00,true
1680,My Bondage and My Freedom,Frederick Douglass,False,80,9780486224573,464,"{classic,historical,influential}",1680.webp,NULL,NULL,NULL,2025-04-06 07:49:32.439+00,2025-04-26 14:46:18.695+00,true
1686,Jim Henson: The Biography,Brian Jay Jones,False,75,9780345526113,608,"{biography,influential}",1686.webp,#37514c,#c7cecd,True,2025-04-06 07:49:32.445+00,2025-05-24 18:28:17.575+00,true
1694,Leo Tolstoy's War and Peace,Harold Bloom,False,85,9780791093730,256,"{classic,educational}",1694.webp,#3e5446,#c9cfcb,True,2025-04-06 07:49:32.453+00,2025-05-01 13:58:30.353+00,true
1689,Last Words,George Carlin,False,75,9781439172957,320,"{biography,humor}",1689.webp,#c14228,#eecac3,True,2025-04-06 07:49:32.448+00,2025-05-24 18:28:24.643+00,true
1692,Self Matters: Creating Your Life from the Inside Out,Phillip C. McGraw,False,75,9780743224239,336,"{self-improvement,motivational}",1692.webp,#097193,#bad7e1,True,2025-04-06 07:49:32.452+00,2025-05-24 18:28:48.825+00,true
1699,Salt: A World History,Mark Kurlansky,False,80,9780142001615,484,"{historical,educational}",1699.webp,#2d99a7,#c4e3e6,True,2025-04-06 07:49:32.458+00,2025-05-24 18:29:03.808+00,true
1703,Stay Sexy & Don't Get Murdered: The Definitive How-To Guide,Karen Kilgariff,False,80,9781250178954,304,"{self-improvement,motivational}",1703.webp,#1c0e12,#bfbbbd,True,2025-04-06 07:49:32.462+00,2025-05-24 18:29:10.512+00,true
1697,Unfu*k Yourself: Get Out of Your Head and Into Your Life,Gary John Bishop,False,85,9780062803832,224,"{self-improvement,motivational}",1697.webp,#296a57,#c3d5d0,True,2025-04-06 07:49:32.456+00,2025-05-01 13:58:50.487+00,true
1705,Wintering: The Power of Rest and Retreat in Difficult Times,Katherine May,False,70,9780593189481,256,"{self-improvement,motivational}",1705.webp,#294479,#c3cbd9,True,2025-04-06 07:49:32.464+00,2025-05-24 18:29:16.465+00,true
1708,Tweak: Growing Up On Methamphetamines,Nic Sheff,False,70,9781416972198,352,"{biography,addiction}",1708.webp,#08465c,#bacbd1,True,2025-04-06 07:49:32.468+00,2025-05-24 18:29:23.581+00,true
1672,How to Be an Antiracist,Ibram X. Kendi,False,90,9780525509288,320,"{influential,society}",1672.webp,#141411,#bdbdbc,True,2025-04-06 07:49:32.431+00,2025-04-27 08:21:15.873+00,true
1724,The Goal: A Process of Ongoing Improvement,Eliyahu M. Goldratt,False,85,9780884271956,384,"{bestseller,educational}",1724.webp,#385954,#c7d1cf,True,2025-04-06 07:49:32.485+00,2025-05-01 13:59:06.142+00,true
1720,Love Does: Discover a Secretly Incredible Life in an Ordinary World,Bob Goff,False,70,9781400203758,240,"{motivational,self-improvement}",1720.webp,#009bbd,#b8e3ed,True,2025-04-06 07:49:32.481+00,2025-05-24 18:30:26.499+00,true
1730,Until Tuesday: A Wounded Warrior and the Golden Retriever Who Saved Him,Luis Carlos Montalván,False,70,9781401324292,252,"{influential,motivational}",1730.webp,#3b8e94,#c8dfe1,True,2025-04-06 07:49:32.492+00,2025-05-24 18:30:46.262+00,true
1719,Diet for a Small Planet: The Book That Started a Revolution in the Way Americans Eat,Frances Moore Lappé,False,80,9780345321206,528,"{health,nutrition}",1719.webp,#849c7c,#dde3da,True,2025-04-06 07:49:32.48+00,2025-05-24 18:30:04.252+00,true
1729,Legacy of Rescue: A Daughter's Tribute,Marta Fuchs,False,50,9781936782013,160,{historical},1729.webp,NULL,NULL,NULL,2025-04-06 07:49:32.491+00,2025-04-26 14:46:18.84+00,true
1731,Hard Wired: A Crash Course in Small College Football,Jebb A. Rebal,False,40,NULL,NULL,{},1731.webp,NULL,NULL,NULL,2025-04-06 07:49:32.493+00,2025-04-26 14:46:18.847+00,true
1733,From Hurt to Happiness: Emotional Rescue from the Ground Up,Mr Mike Van,False,55,NULL,NULL,{self-improvement},1733.webp,NULL,NULL,NULL,2025-04-06 07:49:32.495+00,2025-04-26 14:46:18.853+00,true
1740,Running with God: A discipleship guide to grow in faith and experience the power and love of God,Liz Hill-O'Shea,False,50,NULL,NULL,"{educational,religion}",1740.webp,NULL,NULL,NULL,2025-04-06 07:49:32.502+00,2025-04-26 14:46:18.872+00,true
1742,Beneath the Bamboo: A Vietnam War Story,Stan Taylor,False,60,NULL,NULL,{historical},1742.webp,NULL,NULL,NULL,2025-04-06 07:49:32.504+00,2025-04-26 14:46:18.878+00,true
1743,Why the World Sucks and What We Can Do About It,B. Regan Asher,False,55,NULL,NULL,"{society,self-improvement}",1743.webp,NULL,NULL,NULL,2025-04-06 07:49:32.506+00,2025-04-26 14:46:18.881+00,true
1750,The Savvy Woman's Secrets to Outwit a Cheating Man,Ellen Ames,False,55,NULL,NULL,"{self-improvement,relationships}",1750.webp,NULL,NULL,NULL,2025-04-06 07:49:32.513+00,2025-04-26 14:46:18.899+00,true
1752,Into Exile,Elin Toona Gottschalk,False,60,NULL,NULL,"{biography,historical}",1752.webp,NULL,NULL,NULL,2025-04-06 07:49:32.515+00,2025-04-26 14:46:18.902+00,true
1753,Love Them Back to LIFE,Ariane Page,False,55,NULL,NULL,"{self-improvement,relationships}",1753.webp,NULL,NULL,NULL,2025-04-06 07:49:32.516+00,2025-04-26 14:46:18.905+00,true
1755,The Rainbow Bridge: Bridge to Inner Peace and to World Peace,Brent N. Hunter,False,60,NULL,NULL,"{self-improvement,peace}",1755.webp,NULL,NULL,NULL,2025-04-06 07:49:32.519+00,2025-04-26 14:46:18.911+00,true
1758,Dyslexic and Un-Stoppable: How Dyslexia Helps Us Create the Life of Our Dreams and How You Can Do It Too,Lucie M. Curtiss,False,60,NULL,NULL,"{educational,self-improvement}",1758.webp,NULL,NULL,NULL,2025-04-06 07:49:32.522+00,2025-04-26 14:46:18.919+00,true
1716,No Easy Day: The Firsthand Account of the Mission That Killed Osama Bin Laden,Mark Owen,False,85,9780451468744,336,"{biography,military}",1716.webp,#494d57,#cccdd0,True,2025-04-06 07:49:32.476+00,2025-05-01 13:58:57.908+00,true
1763,Pray Hard & Speak Life: Finding Hope in the Midst of: Addictions Bankruptcy Suicide Cancer,Clifton J. Powell,False,55,NULL,NULL,"{motivational,self-improvement}",1763.webp,NULL,NULL,NULL,2025-04-06 07:49:32.527+00,2025-04-26 14:46:18.928+00,true
1768,"The End of the Jesus Era (An Investigation, #1)",Danail Hristov,False,55,NULL,NULL,"{historical,philosophical}",1768.webp,NULL,NULL,NULL,2025-04-06 07:49:32.532+00,2025-04-26 14:46:18.941+00,true
1769,How an iPhone Made Me the Youngest Billionairee,K SARAFF,False,60,NULL,NULL,"{entrepreneurship,motivational}",1769.webp,NULL,NULL,NULL,2025-04-06 07:49:32.533+00,2025-04-26 14:46:18.944+00,true
1771,Saltwater,Cathy McLennan,False,55,NULL,NULL,"{biography,influential}",1771.webp,NULL,NULL,NULL,2025-04-06 07:49:32.535+00,2025-04-26 14:46:18.95+00,true
1774,Action Words: Journey of a Journalist,Shaune Bordere,False,55,NULL,NULL,"{journalism,biography}",1774.webp,NULL,NULL,NULL,2025-04-06 07:49:32.538+00,2025-04-26 14:46:18.955+00,true
1775,Reminiscences Of A Seeker: Dark Face Of The White World,Kapil Kumar Bhaskar,False,55,NULL,NULL,"{spirituality,philosophical}",1775.webp,NULL,NULL,NULL,2025-04-06 07:49:32.54+00,2025-04-26 14:46:18.958+00,true
1776,Forty Autumns: A Family's Story of Survival in Communist China,L. Marie Williams,False,60,NULL,NULL,"{historical,biography}",1776.webp,NULL,NULL,NULL,2025-04-06 07:49:32.541+00,2025-04-26 14:46:18.961+00,true
1777,What Healing Should Be: How to relieve pain and stop suffering,George Alexandru,False,55,NULL,NULL,"{health,self-improvement}",1777.webp,NULL,NULL,NULL,2025-04-06 07:49:32.542+00,2025-04-26 14:46:18.963+00,true
1781,Are Men the Weaker Sex?,Josette Sona,False,40,NULL,NULL,{society},1781.webp,NULL,NULL,NULL,2025-04-06 07:49:32.547+00,2025-04-26 14:46:18.972+00,true
1782,Humanism: The Whore of Babylon and the Sleeping Church,Christina M. Lopez,False,30,NULL,NULL,{religion},1782.webp,NULL,NULL,NULL,2025-04-06 07:49:32.548+00,2025-04-26 14:46:18.974+00,true
1788,Going Off Grid,Dave Lewis,False,65,NULL,NULL,"{nature,self-improvement}",1788.webp,#f3e7bb,#dbd0a8,False,2025-04-06 07:49:32.555+00,2025-05-24 18:32:45.646+00,true
1785,Easy Money Management: A Give and Save 3-6-5 Approach to Personal Finance,Laurick Ingram,False,60,NULL,NULL,"{educational,money}",1785.webp,NULL,NULL,NULL,2025-04-06 07:49:32.551+00,2025-04-26 14:46:18.983+00,true
1787,Not Just Yet. Egypt 2011: News - Incidents - Causes,Mohamed Abdel-Maksoud,False,50,NULL,NULL,{historical},1787.webp,NULL,NULL,NULL,2025-04-06 07:49:32.553+00,2025-04-26 14:46:18.988+00,true
1800,The City of Joy,Dominique Lapierre,False,70,9780385313517,464,"{historical,influential}",1800.webp,#f56426,#fcd4c2,True,2025-04-06 07:49:32.567+00,2025-05-24 18:33:53.303+00,true
1789,The Explorer's Mindset: Unlock Health Happiness and Success the Fun Way,Francis Shenstone,False,60,NULL,NULL,"{motivational,self-improvement}",1789.webp,NULL,NULL,NULL,2025-04-06 07:49:32.556+00,2025-04-26 14:46:18.994+00,true
1791,To Love An Invisible God,Jocelyn Soriano,False,55,NULL,NULL,{religion},1791.webp,NULL,NULL,NULL,2025-04-06 07:49:32.558+00,2025-04-26 14:46:18.999+00,true
1794,"The Creation of Me, Them and Us",Heather Marsh,False,50,NULL,NULL,{society},1794.webp,NULL,NULL,NULL,2025-04-06 07:49:32.561+00,2025-04-26 14:46:19.004+00,true
1797,Living The Dream: My Life With Horses,Andrew Reeves,False,50,NULL,NULL,{biography},1797.webp,NULL,NULL,NULL,2025-04-06 07:49:32.564+00,2025-04-26 14:46:19.013+00,true
1805,Leadership: In Turbulent Times,Doris Kearns Goodwin,False,75,9781476795928,496,"{bestseller,influential}",1805.webp,#de937c,#e8b3a3,True,2025-04-06 07:49:32.573+00,2025-05-24 18:34:06.135+00,true
1801,"Muhammad, the World-Changer: An Intimate Portrait",Mohamad Jebara,False,60,9781250239648,384,"{historical,biography}",1801.webp,NULL,NULL,NULL,2025-04-06 07:49:32.569+00,2025-04-26 14:46:19.021+00,true
1802,Optimal Happiness: The Fastest & Surest Way to Reach Your Happiest Potential,Roman Russo,False,50,NULL,NULL,"{self-improvement,motivational}",1802.webp,NULL,NULL,NULL,2025-04-06 07:49:32.57+00,2025-04-26 14:46:19.023+00,true
1803,Oneless Oneness: Tao as an Existential Remedy,Marcel Eschauzier,False,40,NULL,NULL,{philosophy},1803.webp,NULL,NULL,NULL,2025-04-06 07:49:32.571+00,2025-04-26 14:46:19.026+00,true
1783,"Everybody, Always: Becoming Love in a World Full of Setbacks and Difficult People",Bob Goff,False,75,NULL,NULL,"{motivational,self-improvement}",1783.webp,#feca57,#e5b64e,False,2025-04-06 07:49:32.549+00,2025-05-24 18:31:47.7+00,true
1809,Jonbull’s Stock Guide,J.P. Obienugh,False,40,NULL,NULL,{economics},1809.webp,NULL,NULL,NULL,2025-04-06 07:49:32.578+00,2025-04-26 14:46:19.044+00,true
1808,The Corner: A Year in the Life of an Inner-City Neighborhood,David Simon,False,70,9780767900317,576,"{influential,adapted-to-film}",1808.webp,#031a1f,#b9bfc0,True,2025-04-06 07:49:32.577+00,2025-05-24 18:34:20.05+00,true
1816,LOVE ISN'T FOR COWARDS: Just Let Love Be,Francis Otieno,False,45,NULL,NULL,"{self-improvement,relationships}",1816.webp,NULL,NULL,NULL,2025-04-06 07:49:32.586+00,2025-04-26 14:46:19.061+00,true
1817,My Prison Without Bars: The Journey of a Damaged Woman to Someplace Normal,Taylor Evan Fulks,False,55,NULL,NULL,"{biography,inspirational}",1817.webp,NULL,NULL,NULL,2025-04-06 07:49:32.587+00,2025-04-26 14:46:19.064+00,true
1819,Win The Fight: The Fight Fore My Life,Jeremy Gant,False,50,NULL,NULL,"{inspirational,self-improvement}",1819.webp,NULL,NULL,NULL,2025-04-06 07:49:32.589+00,2025-04-26 14:46:19.07+00,true
1820,Divided By Seven Billion,Balkaran Singh Sidhu,False,0,NULL,NULL,{},1820.webp,NULL,NULL,NULL,2025-04-06 07:49:32.59+00,2025-04-26 14:46:19.074+00,true
1835,Solitary: Unbroken by Four Decades in Solitary Confinement,Albert Woodfox,False,80,9780802129086,448,"{award-winning,historical}",1835.webp,#bb6c09,#ecd6ba,True,2025-04-06 07:49:32.606+00,2025-05-24 18:34:49.687+00,true
1831,Chinese Astrology for Health and Wellbeing,Althea S.T.,False,50,NULL,NULL,{educational},1831.webp,NULL,NULL,NULL,2025-04-06 07:49:32.601+00,2025-04-26 14:46:19.101+00,true
1833,Resilience Road: Exploring Your Authentic Life Path,Beth Koritz,False,50,NULL,NULL,{self-improvement},1833.webp,NULL,NULL,NULL,2025-04-06 07:49:32.604+00,2025-04-26 14:46:19.107+00,true
1841,Just the Way You Are,Max Lucado,False,70,NULL,NULL,"{motivational,inspirational}",1841.webp,#da708f,#f5d7e0,True,2025-04-06 07:49:32.612+00,2025-05-24 18:35:19.774+00,true
1836,Anshuman krit Saral Vastu Gyan,Anshuman Srivastav,False,0,NULL,NULL,{educational},1836.webp,NULL,NULL,NULL,2025-04-06 07:49:32.607+00,2025-04-26 14:46:19.113+00,true
1838,"Gator Country: Deception, Danger, and Alligators in the Everglades",Rebecca Renner,False,50,NULL,NULL,{educational},1838.webp,NULL,NULL,NULL,2025-04-06 07:49:32.609+00,2025-04-26 14:46:19.119+00,true
1839,The You Beyond You: The Knowledge of the Willing,Ramzi Najjar,False,50,NULL,NULL,{self-improvement},1839.webp,NULL,NULL,NULL,2025-04-06 07:49:32.61+00,2025-04-26 14:46:19.123+00,true
1845,Cider with Rosie & As I Walked Out One Summer Morning,Laurie Lee,False,75,NULL,NULL,"{classic,memoir}",1845.webp,#8a8d27,#dedfc3,True,2025-04-06 07:49:32.616+00,2025-05-24 18:35:33.374+00,true
1843,Empty Chairs,Stacey Danson,False,60,NULL,NULL,"{biography,memoir}",1843.webp,NULL,NULL,NULL,2025-04-06 07:49:32.614+00,2025-04-26 14:46:19.135+00,true
1847,Nutrition and Physical Degeneration: A Comparison of Primitive and Modern Diets and Their Effects,Weston A. Price,False,80,NULL,NULL,"{educational,health}",1847.webp,#d66d54,#f3d6cf,True,2025-04-06 07:49:32.618+00,2025-05-24 18:35:42.637+00,true
1848,The Mind,John Fitzgerald,False,60,NULL,NULL,{psychology},1848.webp,NULL,NULL,NULL,2025-04-06 07:49:32.619+00,2025-04-26 14:46:19.147+00,true
1807,A Stronger Kinship: One Town's Extraordinary Story of Hope and Faith,Anna-Lisa Cox,False,55,9780316110181,288,{historical},1807.webp,NULL,NULL,NULL,2025-04-06 07:49:32.576+00,2025-04-26 14:46:19.168+00,true
1824,Theodore Roosevelt: An Autobiography,Theodore Roosevelt,False,70,9781508475095,354,"{classic,historical}",1824.webp,#416a78,#cad5d9,True,2025-04-06 07:49:32.594+00,2025-05-24 18:34:36.742+00,true
1811,Economics in One Lesson 1st edition by Henry Hazlitt (2008) Hardcover,Henry Hazlitt,False,90,9780517548233,218,"{bestseller,foundational}",1811.webp,#0c202a,#bbc1c3,True,2025-04-06 07:49:32.58+00,2025-04-27 08:22:03.825+00,true
1862,From Antarctica to Zimbabwe: How I Hit the Reset Button On My Life,Quinta,False,55,NULL,NULL,"{travel,memoir}",1862.webp,NULL,NULL,NULL,2025-04-06 07:49:32.635+00,2025-04-26 14:46:19.178+00,true
1864,Chinese Astrology for Wealth and Prosperity,Althea S.T.,False,50,NULL,NULL,"{self-improvement,wealth}",1864.webp,NULL,NULL,NULL,2025-04-06 07:49:32.637+00,2025-04-26 14:46:19.184+00,true
1865,"God, the Evolver: A Secular Approach to the Divine",Faiz King,False,55,NULL,NULL,"{philosophy,spirituality}",1865.webp,NULL,NULL,NULL,2025-04-06 07:49:32.638+00,2025-04-26 14:46:19.188+00,true
1883,Cosmic Connection: An Extraterrestrial Perspective,Carl Sagan,False,85,NULL,NULL,"{science,influential}",1883.webp,#183b6f,#bec8d7,True,2025-04-06 07:49:32.658+00,2025-05-01 14:00:19.44+00,true
1878,"The Man Who Warned America: The Life and Death of John O'Neill, the FBI's Embattled Counterterror Warrior",Murray Weiss,False,65,NULL,NULL,"{biography,history}",1878.webp,#211f1d,#c1c0c0,True,2025-04-06 07:49:32.652+00,2025-05-24 18:36:50.315+00,true
1896,Damn Right!: Behind the Scenes with Berkshire Hathaway Billionaire Charlie Munger,Janet Lowe,False,75,NULL,NULL,"{biography,business}",1896.webp,#c04320,#edcac1,True,2025-04-06 07:49:32.672+00,2025-05-24 18:37:25.787+00,true
1880,Desert Rose: The Life and Legacy of Coretta Scott King,Edythe Scott Bagley,False,50,NULL,NULL,"{biography,historical}",1880.webp,NULL,NULL,NULL,2025-04-06 07:49:32.655+00,2025-04-26 14:46:19.239+00,true
1858,Walking the Path of Compassion,Amit Ray,False,65,NULL,NULL,"{spirituality,mindfulness}",1858.webp,#f69812,#f9b759,True,2025-04-06 07:49:32.63+00,2025-05-24 18:36:14.936+00,true
1889,The Bookmaker of Business: A Financial Tale,Murray H. Williams,False,55,NULL,NULL,{business},1889.webp,NULL,NULL,NULL,2025-04-06 07:49:32.665+00,2025-04-26 14:46:19.264+00,true
1890,The Unknown She,Brooksie D. Thompson,False,45,NULL,NULL,{niche},1890.webp,NULL,NULL,NULL,2025-04-06 07:49:32.666+00,2025-04-26 14:46:19.267+00,true
1891,True Stories,Lev Emmanuilovich Razgon,False,60,NULL,NULL,{historical},1891.webp,NULL,NULL,NULL,2025-04-06 07:49:32.667+00,2025-04-26 14:46:19.27+00,true
1869,The Essays of Warren Buffett : Lessons for Corporate America,Warren Buffett,False,85,NULL,NULL,"{bestseller,business}",1869.webp,#2c4c3a,#c4cdc8,True,2025-04-06 07:49:32.643+00,2025-05-01 14:00:12.022+00,true
1894,Essence Of Being,Mimi Novic,False,55,NULL,NULL,{self-improvement},1894.webp,NULL,NULL,NULL,2025-04-06 07:49:32.67+00,2025-04-26 14:46:19.28+00,true
1902,"The World as Will and Representation, Volume I",Arthur Schopenhauer,False,75,9780486217611,534,"{philosophy,classic}",1902.webp,#493a3d,#ccc8c9,True,2025-04-06 07:49:32.679+00,2025-05-24 18:38:04.077+00,true
1899,Vanished: True Stories from Families of Australian Missing Persons,Nicole Morris,False,50,NULL,NULL,"{""true crime""}",1899.webp,NULL,NULL,NULL,2025-04-06 07:49:32.675+00,2025-04-26 14:46:19.293+00,true
1875,Beyond Civilization: Humanity's Next Great Adventure,Daniel Quinn,False,70,NULL,NULL,"{philosophy,society}",1875.webp,#249990,#c2e3e0,True,2025-04-06 07:49:32.649+00,2025-05-24 18:36:38.285+00,true
1892,I Am Malala: How One Girl Stood Up for Education and Changed the World,Malala Yousafzai,False,90,NULL,NULL,"{bestseller,influential}",1892.webp,#e45652,#f7d0cf,True,2025-04-06 07:49:32.668+00,2025-04-27 08:22:26.347+00,true
1910,Be Great!: 365 Inspirational Quotes from the World's Most Influential People,Daniel Willey,False,50,NULL,NULL,"{motivational,inspirational}",1910.webp,NULL,NULL,NULL,2025-04-06 07:49:32.687+00,2025-04-26 14:46:19.319+00,true
1911,"365 Fun, Uplifting, and Inspirational Quotes from all the Top Movies",Daniel Willey,False,50,NULL,NULL,"{motivational,inspirational}",1911.webp,NULL,NULL,NULL,2025-04-06 07:49:32.688+00,2025-04-26 14:46:19.323+00,true
1915,Liberty Defined: 50 Essential Issues That Affect Our Freedom,Ron Paul,False,75,9781455501441,352,"{politics,society}",1915.webp,#eccfb8,#d4baa6,False,2025-04-06 07:49:32.692+00,2025-05-24 18:39:29.047+00,true
1917,The Secret of Childhood,Maria Montessori,False,80,9780345305831,240,"{educational,foundational}",1917.webp,#e8ceeb,#d1b9d4,False,2025-04-06 07:49:32.694+00,2025-05-24 18:39:51.485+00,true
1922,"Proposed Roads to Freedom: Socialism, Anarchism and Syndicalism",Bertrand Russell,False,75,NULL,NULL,"{classic,influential}",1922.webp,#c03a0d,#edc8bb,True,2025-04-06 07:49:32.7+00,2025-05-24 18:40:30.733+00,true
1919,The Quran: English Meanings and Notes,Saheeh International,False,90,9786039018509,604,"{religion,influential}",1919.webp,NULL,NULL,NULL,2025-04-06 07:49:32.697+00,2025-04-26 14:46:19.345+00,true
1923,Standing for Something: 10 Neglected Virtues That Will Heal Our Hearts and Homes,Gordon B. Hinckley,False,65,NULL,NULL,"{motivational,self-improvement}",1923.webp,#f1e4bc,#d9cda9,False,2025-04-06 07:49:32.701+00,2025-05-24 18:40:38.556+00,true
1926,Destiny of Souls: New Case Studies of Life Between Lives,Michael Newton,False,70,NULL,NULL,{influential},1926.webp,#061638,#b9bec7,True,2025-04-06 07:49:32.704+00,2025-05-24 18:40:54.047+00,true
1924,Billy The Kid: An Autobiography,Daniel A. Edwards,False,55,NULL,NULL,{historical},1924.webp,NULL,NULL,NULL,2025-04-06 07:49:32.702+00,2025-04-26 14:46:19.362+00,true
1930,Stories Of The Prophets,Ibn Kathir,False,75,NULL,NULL,"{classic,historical}",1930.webp,#275b31,#c3d1c5,True,2025-04-06 07:49:32.709+00,2025-05-24 18:41:05.804+00,true
1927,I'd rather Starve than Cook!,Lisa M. Orban,False,45,NULL,NULL,{},1927.webp,NULL,NULL,NULL,2025-04-06 07:49:32.705+00,2025-04-26 14:46:19.372+00,true
1929,The Truth-Seeker’s Handbook: A Science-Based Guide,Gleb Tsipursky,False,60,NULL,NULL,{educational},1929.webp,NULL,NULL,NULL,2025-04-06 07:49:32.708+00,2025-04-26 14:46:19.378+00,true
1932,And So it Goes: Kurt Vonnegut: A Life,Charles J. Shields,False,70,NULL,NULL,{biography},1932.webp,#4c7085,#cdd7dd,True,2025-04-06 07:49:32.711+00,2025-05-24 18:41:12.317+00,true
1933,Every Love Story Is a Ghost Story: A Life of David Foster Wallace,D.T. Max,False,70,NULL,NULL,{biography},1933.webp,#3b79a4,#c8d9e5,True,2025-04-06 07:49:32.712+00,2025-05-24 18:41:20.33+00,true
1940,Lincoln,David Herbert Donald,False,70,9780684825359,720,"{biography,historical}",1940.webp,#2b8b89,#c4dfde,True,2025-04-06 07:49:32.72+00,2025-05-24 18:41:36.476+00,true
1935,The Mystery of Marriage: Meditations on the Miracle,Mike Mason,False,60,NULL,NULL,{self-improvement},1935.webp,NULL,NULL,NULL,2025-04-06 07:49:32.714+00,2025-04-26 14:46:19.394+00,true
1941,Alicia: My Story,Alicia Appleman-Jurman,False,65,9780553569434,433,"{biography,historical}",1941.webp,#ceb792,#ddcdb3,True,2025-04-06 07:49:32.721+00,2025-05-24 18:41:43.375+00,true
1904,Art and Fear,David Bayles,False,70,9780961454739,122,"{creativity,motivational}",1904.webp,#467c7a,#cbdada,True,2025-04-06 07:49:32.681+00,2025-05-24 18:38:28.647+00,true
1914,"Opiate Addiction - The Painkiller Addiction Epidemic, Heroin Addiction and the Way Out",Taite Adams,False,65,9780985209500,198,"{educational,health}",1914.webp,#421816,#cabebe,True,2025-04-06 07:49:32.691+00,2025-05-24 18:38:45.912+00,true
1945,How the Mind Works,Steven Pinker,False,85,9780393318487,660,"{psychology,science}",1945.webp,#000521,#b8b9c1,True,2025-04-06 07:49:32.726+00,2025-05-01 14:00:49.049+00,true
1962,Land of the Seven Rivers: A Brief History of India's Geography,Sanjeev Sanyal,False,70,NULL,NULL,"{historical,educational}",1962.webp,#208878,#c1ded9,True,2025-04-06 07:49:32.743+00,2025-05-24 19:13:36.76+00,true
1966,The Doors of Perception,Aldous Huxley,False,85,9780061729072,208,"{classic,philosophy}",1966.webp,#112139,#bcc1c7,True,2025-04-06 07:49:32.748+00,2025-05-01 14:01:12.49+00,true
1961,From Ouch to Oops,Ramg Vallath,False,60,NULL,NULL,"{motivational,self-improvement}",1961.webp,NULL,NULL,NULL,2025-04-06 07:49:32.742+00,2025-04-26 14:46:19.467+00,true
1984,A Year of Biblical Womanhood,Rachel Held Evans,False,75,NULL,NULL,"{religion,inspirational}",1984.webp,#ffc652,#e6b24a,False,2025-04-06 07:49:32.768+00,2025-05-24 19:14:11.766+00,true
1975,The Story of Philosophy: The Lives and Opinions of the World's Greatest Philosophers,Will Durant,False,85,9780671739164,528,"{classic,educational}",1975.webp,#875820,#ddd0c1,True,2025-04-06 07:49:32.758+00,2025-05-01 14:01:38.662+00,true
1972,Corners: Voices on Change,Amy Lou Jenkins,False,50,NULL,NULL,"{society,culture}",1972.webp,NULL,NULL,NULL,2025-04-06 07:49:32.755+00,2025-04-26 14:46:19.495+00,true
1987,"Hyperspace: A Scientific Odyssey Through Parallel Universes, Time Warps, and the Tenth Dimension",Michio Kaku,False,85,NULL,NULL,"{science,educational}",1987.webp,#00062e,#b8b9c5,True,2025-04-06 07:49:32.771+00,2025-05-01 14:01:48.888+00,true
1980,Splitting the Arrow: Understanding the business of Life,Prem Rawat,False,50,NULL,NULL,{self-improvement},1980.webp,NULL,NULL,NULL,2025-04-06 07:49:32.763+00,2025-04-26 14:46:19.522+00,true
1982,Prairie Tale,Melissa Gilbert,False,60,NULL,NULL,{biography},1982.webp,NULL,NULL,NULL,2025-04-06 07:49:32.765+00,2025-04-26 14:46:19.525+00,true
1985,Manchild in the Promised Land,Claude Brown,False,80,NULL,NULL,"{classic,biography}",1985.webp,#e7935a,#eeb38c,True,2025-04-06 07:49:32.769+00,2025-05-24 19:14:18.548+00,true
1990,Pornography: Men Possessing Women,Andrea Dworkin,False,70,NULL,NULL,"{feminism,society}",1990.webp,#211826,#c1bec2,True,2025-04-06 07:49:32.774+00,2025-05-24 19:14:25.321+00,true
1994,Small Sacrifices,Ann Rule,False,85,NULL,NULL,"{""true crime"",bestseller}",1994.webp,#b5162c,#eabec4,True,2025-04-06 07:49:32.778+00,2025-05-01 14:01:56.6+00,true
1991,The Divine Heart of God the Father,Marcelle Bartolo-Abela,False,45,NULL,NULL,{religion},1991.webp,NULL,NULL,NULL,2025-04-06 07:49:32.775+00,2025-04-26 14:46:19.553+00,true
1950,The Forever War,Dexter Filkins,False,75,9780307279446,384,"{journalism,war}",1950.webp,#134047,#bdc9cb,True,2025-04-06 07:49:32.731+00,2025-05-24 18:42:08.47+00,true
1995,TOP SCHOOLS: Little Success Secrets,Francis Otieno,False,50,NULL,NULL,{education},1995.webp,NULL,NULL,NULL,2025-04-06 07:49:32.779+00,2025-04-26 14:46:19.563+00,true
1997,"Arthamulla Hindu Matham, Vols. 1-10",Kannadasan,False,70,NULL,NULL,"{religion,philosophy}",1997.webp,NULL,NULL,NULL,2025-04-06 07:49:32.781+00,2025-04-26 14:46:19.572+00,true
1953,There's More to Life Than This,Theresa Caputo,False,65,9781476727035,224,"{self-help,spiritual}",1953.webp,#082241,#bac1ca,True,2025-04-06 07:49:32.734+00,2025-05-24 19:13:29.72+00,true
1958,The Road to Wigan Pier,George Orwell,False,85,9780156767507,240,"{classic,sociology}",1958.webp,#bf8e2b,#eddfc4,True,2025-04-06 07:49:32.739+00,2025-05-01 14:01:03.897+00,true
2008,From Failure to Success: A Treasury of 50 Inspiring Stories,Abhinav Kushwaha,False,55,NULL,NULL,"{motivational,self-improvement}",2008.webp,NULL,NULL,NULL,2025-04-06 07:49:32.794+00,2025-04-26 14:46:19.598+00,true
2011,Self Growth - 3: Easy Way to Use Inspirational Quotes,Ron Millicent,False,50,NULL,NULL,{self-improvement},2011.webp,NULL,NULL,NULL,2025-04-06 07:49:32.797+00,2025-04-26 14:46:19.604+00,true
2012,"The Crazy Life of a Kid from Brooklyn: My Crazy Life in history, with celebrities, with travel & with business (2019 Update)",Bill Morgenstein,False,55,NULL,NULL,{biography},2012.webp,NULL,NULL,NULL,2025-04-06 07:49:32.798+00,2025-04-26 14:46:19.607+00,true
2014,The Translation of the Meanings of Summarized Sahih Al-Bukhari: Arabic-English,Muhammad M. Khan,False,75,978-9960899558,1096,{religion},2014.webp,NULL,NULL,NULL,2025-04-06 07:49:32.801+00,2025-04-26 14:46:19.613+00,true
2017,The Kitchen and the Studio: A Memoir of Food and Art,Mallory M. O'Connor,False,55,NULL,NULL,{biography},2017.webp,NULL,NULL,NULL,2025-04-06 07:49:32.804+00,2025-04-26 14:46:19.621+00,true
2028,Annihilation of Caste,B.R. Ambedkar,False,85,9788189059637,415,"{influential,politics}",2028.webp,#c73727,#efc7c3,True,2025-04-06 07:49:32.817+00,2025-05-01 14:02:47.64+00,true
2021,Commentaries on Living: First Series,J. Krishnamurti,False,65,9780835606204,256,"{philosophy,influential}",2021.webp,#584d79,#d0cdd9,True,2025-04-06 07:49:32.808+00,2025-05-24 19:15:06.695+00,true
2031,Tell It to the World: International Justice and the Secret Campaign to Hide Mass Murder in Kosovo,Eliott Behar,False,65,9781459722893,288,"{historical,politics}",2031.webp,#971f12,#e2c0bd,True,2025-04-06 07:49:32.82+00,2025-05-24 19:15:43.831+00,true
2024,The Making of a Surgeon,William A. Nolen,False,60,9780345313906,320,"{educational,biography}",2024.webp,NULL,NULL,NULL,2025-04-06 07:49:32.812+00,2025-04-26 14:46:19.636+00,true
2026,Les Méthodes Marketing Électronique: Comment se maintenir à flot dans un marché en constant changement,Maria Johnsen,False,55,NULL,NULL,"{marketing,technology}",2026.webp,NULL,NULL,NULL,2025-04-06 07:49:32.814+00,2025-04-26 14:46:19.642+00,true
2027,Multilingual Digital Marketing: How To Achieve Your Digital Marketing Objectives And Increase Sales,Maria Johnsen,False,60,NULL,NULL,"{marketing,technology}",2027.webp,NULL,NULL,NULL,2025-04-06 07:49:32.816+00,2025-04-26 14:46:19.645+00,true
2020,Shadow Divers,Robert Kurson,False,70,9780375760983,400,"{historical,adventure}",2020.webp,#013148,#b8c5cc,True,2025-04-06 07:49:32.807+00,2025-05-24 19:15:00.64+00,true
2029,Unleash The Power of Social Media Marketing: Explosive Proven Strategies to Boost Your Social Media Marketing Campaign,Joe Praveen Sequeira,False,50,NULL,NULL,"{marketing,technology}",2029.webp,NULL,NULL,NULL,2025-04-06 07:49:32.818+00,2025-04-26 14:46:19.651+00,true
2030,How to Make Her LET GO & GIVE IN: The No-Bullshit Guide to Great Sex,Stan Findus,False,40,NULL,NULL,"{relationships,self-improvement}",2030.webp,NULL,NULL,NULL,2025-04-06 07:49:32.819+00,2025-04-26 14:46:19.654+00,
2036,Your Soul's Plan: Discovering the Real Meaning of the Life You Planned Before You Were Born,Robert Schwartz,False,70,9781583942727,344,"{spirituality,self-improvement}",2036.webp,#4e4571,#cdcbd7,True,2025-04-06 07:49:32.827+00,2025-05-24 19:16:07.414+00,true
2032,Book of My Mother,Albert Cohen,False,60,9781590172483,144,"{biography,classic}",2032.webp,NULL,NULL,NULL,2025-04-06 07:49:32.821+00,2025-04-26 14:46:19.66+00,true
2034,"Understanding Human Psychology: Guide to Mastering the Art of Mind Control, Mentalism and Hypnosis (how to use that knowledge to control people's minds)",Gregory Zeller,False,55,NULL,NULL,"{psychology,self-improvement}",2034.webp,NULL,NULL,NULL,2025-04-06 07:49:32.824+00,2025-04-26 14:46:19.663+00,true
2037,Beyond Red Lines,Pierre Rehov,False,50,NULL,NULL,"{politics,society}",2037.webp,NULL,NULL,NULL,2025-04-06 07:49:32.828+00,2025-04-26 14:46:19.671+00,true
2038,No Longer Shy: Conquering Shyness and Social Anxiety,Reniel Anca,False,55,NULL,NULL,"{self-improvement,psychology}",2038.webp,NULL,NULL,NULL,2025-04-06 07:49:32.829+00,2025-04-26 14:46:19.675+00,true
2018,Always Looking Up: The Adventures of an Incurable Optimist,Michael J. Fox,False,85,978-1401310165,288,"{biography,motivational}",2018.webp,#20303a,#c1c5c8,True,2025-04-06 07:49:32.805+00,2025-05-01 14:02:36.667+00,true
2049,Human Action: A Treatise on Economics,Ludwig von Mises,False,85,NULL,NULL,"{economics,foundational}",2049.webp,#d73f1b,#f4c9bf,True,2025-04-06 07:49:32.842+00,2025-05-01 14:03:04.656+00,true
2057,"Chronicles, Volume One",Bob Dylan,False,85,NULL,NULL,"{memoir,music}",2057.webp,#ebe3d8,#d4ccc2,False,2025-04-06 07:49:32.851+00,2025-05-01 14:03:12.694+00,true
2051,"The Day the World Came to Town: 9/11 in Gander, Newfoundland",Jim DeFede,False,75,NULL,NULL,"{historical,9/11}",2051.webp,#569db1,#d0e3e9,True,2025-04-06 07:49:32.844+00,2025-05-24 19:17:27.229+00,true
2052,Here Comes Everybody: The Power of Organizing Without Organizations,Clay Shirky,False,70,NULL,NULL,"{technology,society}",2052.webp,#2c8383,#c4dcdc,True,2025-04-06 07:49:32.845+00,2025-05-24 19:17:41.384+00,true
2056,"Listen, Little Man!",Wilhelm Reich,False,65,NULL,NULL,"{psychology,philosophy}",2056.webp,#7163c4,#d7d3ef,True,2025-04-06 07:49:32.85+00,2025-05-24 19:18:01.342+00,true
2055,The Icon of the Divine Heart of God the Father: Apologia and Canon,Marcelle Bartolo-Abela,False,45,NULL,NULL,"{religion,spirituality}",2055.webp,NULL,NULL,NULL,2025-04-06 07:49:32.849+00,2025-04-26 14:46:19.719+00,true
2069,Models: Attract Women Through Honesty,Mark Manson,False,75,NULL,NULL,"{self-improvement,relationships}",2069.webp,#de5d32,#f6d2c6,True,2025-04-06 07:49:32.866+00,2025-05-24 19:18:24.566+00,true
2058,Quail Farming: Markets and Marketing Strategies,Francis Otieno,False,40,NULL,NULL,"{agriculture,business}",2058.webp,NULL,NULL,NULL,2025-04-06 07:49:32.853+00,2025-04-26 14:46:19.727+00,true
2041,The HP Way: How Bill Hewlett And I Built Our Company,David Packard,False,75,NULL,NULL,"{entrepreneurship,business}",2041.webp,#016b92,#b8d5e1,True,2025-04-06 07:49:32.833+00,2025-05-24 19:16:43.256+00,true
2063,The Art of Your Surrender,Celeste C Owens,False,60,NULL,NULL,{self-improvement},2063.webp,NULL,NULL,NULL,2025-04-06 07:49:32.859+00,2025-04-26 14:46:19.743+00,true
2064,Finding Your Colors: Fine Art Adult Coloring Book,Hertz Nazaire,False,55,NULL,NULL,{creativity},2064.webp,NULL,NULL,NULL,2025-04-06 07:49:32.86+00,2025-04-26 14:46:19.747+00,true
2066,Sahih Muslim,Imam Abul-Husain Muslim,False,85,NULL,NULL,"{classic,religious}",2066.webp,NULL,NULL,NULL,2025-04-06 07:49:32.862+00,2025-04-26 14:46:19.753+00,true
2070,The Fred Factor: How Passion in Your Work and Life Can Turn the Ordinary into the Extraordinary,Mark Sanborn,False,70,NULL,NULL,"{motivational,self-improvement}",2070.webp,#fdbc42,#fed07b,True,2025-04-06 07:49:32.867+00,2025-05-24 19:18:39.111+00,true
2071,Always Look on the Bright Side of Life: A Sortabiography,Eric Idle,False,75,NULL,NULL,"{memoir,humor}",2071.webp,#ffaa09,#ffc453,True,2025-04-06 07:49:32.868+00,2025-05-24 19:18:46.579+00,true
2073,'Tis,Frank McCourt,False,80,NULL,NULL,"{memoir,bestseller}",2073.webp,#e56243,#f8d3ca,True,2025-04-06 07:49:32.87+00,2025-05-24 19:19:06.552+00,true
2074,Hyperfocus: How to Be More Productive in a World of Distraction,Chris Bailey,False,75,NULL,NULL,"{self-improvement,productivity}",2074.webp,#bda230,#ede5c5,True,2025-04-06 07:49:32.872+00,2025-05-24 19:19:12.689+00,true
2077,The Future of Man: Extinction or Glory?,Peter Hollings,False,65,NULL,NULL,"{science,future}",2077.webp,#302d61,#c5c4d3,True,2025-04-06 07:49:32.875+00,2025-05-24 19:19:18.935+00,true
2080,Christian Controversies: Seeking the Truth,Scott S. Haraburda,False,50,NULL,NULL,{educational},2080.webp,NULL,NULL,NULL,2025-04-06 07:49:32.878+00,2025-04-26 14:46:19.788+00,true
2082,THE FOUR PAINFUL LIFE STORIES: How We Contracted Hiv/Aids,Francis Okumu,False,40,NULL,NULL,{educational},2082.webp,NULL,NULL,NULL,2025-04-06 07:49:32.88+00,2025-04-26 14:46:19.793+00,true
2085,Depression: The Ultimate Cure: How To Get Rid Of Depression In 30 Days or Less,Cole Sisco,False,45,NULL,NULL,"{self-improvement,motivational}",2085.webp,NULL,NULL,NULL,2025-04-06 07:49:32.884+00,2025-04-26 14:46:19.802+00,true
2044,"Means of Ascent (The Years of Lyndon Johnson, #2)",Robert A. Caro,False,85,NULL,NULL,"{historical,politics}",2044.webp,#b35746,#ead0cb,True,2025-04-06 07:49:32.837+00,2025-05-01 14:02:54.167+00,true
2050,Home with God: In a Life That Never Ends,Neale Donald Walsch,False,70,NULL,NULL,"{spirituality,philosophy}",2050.webp,#1a4959,#bfccd1,True,2025-04-06 07:49:32.843+00,2025-05-24 19:17:19.766+00,true
2043,The Tree Lady: The True Story of How One Tree-Loving Woman Changed a City Forever,H. Joseph Hopkins,False,60,NULL,NULL,"{biography,environment}",2043.webp,NULL,NULL,NULL,2025-04-06 07:49:32.836+00,2025-04-26 14:46:19.687+00,true
2086,Das Kapital,Karl Marx,False,90,NULL,NULL,"{classic,foundational}",2086.webp,#8f2514,#e0c2bd,True,2025-04-06 07:49:32.885+00,2025-04-27 08:22:39.726+00,true
2093,The Toyota Way: 14 Management Principles from the World's Greatest Manufacturer,Jeffrey K. Liker,False,80,NULL,NULL,"{bestseller,educational}",2093.webp,#e72211,#f8c1bc,True,2025-04-06 07:49:32.892+00,2025-05-24 19:19:45.063+00,true
2097,The Adventure of English: The Biography of a Language,Melvyn Bragg,False,70,NULL,NULL,{educational},2097.webp,#ec9736,#f2b672,True,2025-04-06 07:49:32.897+00,2025-05-24 19:19:59.421+00,true
2095,"Suffering, Redemption and Triumph: The first wave of post-war Australian immigrants 1945-66",Peter Brune,False,55,NULL,NULL,{historical},2095.webp,NULL,NULL,NULL,2025-04-06 07:49:32.895+00,2025-04-26 14:46:19.819+00,true
2092,The Marshmallow Test: Mastering Self-Control,Walter Mischel,False,75,NULL,NULL,"{educational,self-improvement}",2092.webp,#e1931f,#f7e1c0,True,2025-04-06 07:49:32.891+00,2025-05-24 19:19:31.369+00,true
2099,The Everlasting Man,G.K. Chesterton,False,75,NULL,NULL,"{classic,influential}",2099.webp,#dc4d1a,#f5cdbf,True,2025-04-06 07:49:32.899+00,2025-05-24 19:20:09.65+00,true
2100,Start-up Nation: The Story of Israel's Economic Miracle,Dan Senor,False,75,9780446541466,320,"{bestseller,influential}",2100.webp,#1b6593,#bfd4e1,True,2025-04-06 07:49:32.9+00,2025-05-24 19:20:29.062+00,true
2103,Musicophilia: Tales of Music and the Brain,Oliver Sacks,False,80,9781400033539,425,"{influential,educational}",2103.webp,#234961,#c1ccd3,True,2025-04-06 07:49:32.904+00,2025-05-24 19:20:43.036+00,true
2101,بيكاسو وستاربكس,ياسر حارب,False,60,NULL,160,{self-improvement},2101.webp,NULL,NULL,NULL,2025-04-06 07:49:32.902+00,2025-04-26 14:46:19.837+00,true
2104,Modoc: The True Story of the Greatest Elephant That Ever Lived,Ralph Helfer,False,70,9780060929510,352,{historical},2104.webp,#226995,#c1d5e1,True,2025-04-06 07:49:32.905+00,2025-05-24 19:20:49.768+00,true
2107,The Laramie Project,Moisés Kaufman,False,75,9780375727191,128,"{award-winning,adapted-to-film}",2107.webp,#6b3959,#d5c7d1,True,2025-04-06 07:49:32.908+00,2025-05-24 19:21:06.517+00,true
2109,The Trouble With Islam Today: A Muslim's Call for Reform in Her Faith,Irshad Manji,False,70,9780312327000,288,{influential},2109.webp,#e85d40,#f9d2c9,True,2025-04-06 07:49:32.91+00,2025-05-24 19:21:14.403+00,true
2118,Revolutionary Suicide,Huey P. Newton,False,70,9780143105329,384,{historical},2118.webp,#c11b15,#eebfbd,True,2025-04-06 07:49:32.921+00,2025-05-24 19:21:26.407+00,true
2110,Catching Lightning Without the Bottle,Timothy F. Bouvine,False,40,NULL,NULL,{},2110.webp,NULL,NULL,NULL,2025-04-06 07:49:32.911+00,2025-04-26 14:46:19.861+00,true
2111,"Lobster Tales, Life Lessons, and Laughter",Dennis M. (Pap) Dupuis,False,35,NULL,NULL,{},2111.webp,NULL,NULL,NULL,2025-04-06 07:49:32.912+00,2025-04-26 14:46:19.865+00,true
2112,Edgy Conversations: How Ordinary People Can Achieve Outrageous Success,Dan Waldschmidt,False,55,9780989887503,256,{motivational},2112.webp,NULL,NULL,NULL,2025-04-06 07:49:32.914+00,2025-04-26 14:46:19.868+00,true
2113,Science of Happiness,Manuel Kraus,False,50,NULL,NULL,{educational},2113.webp,NULL,NULL,NULL,2025-04-06 07:49:32.915+00,2025-04-26 14:46:19.871+00,true
2123,The Beak of the Finch: A Story of Evolution in Our Time,Jonathan Weiner,False,80,NULL,NULL,"{award-winning,educational}",2123.webp,#df611e,#f6d3c0,True,2025-04-06 07:49:32.926+00,2025-05-24 19:21:44.934+00,true
2121,Prince William: At Olympics 2012,Mike Scantlebury,False,30,NULL,NULL,{historical},2121.webp,NULL,NULL,NULL,2025-04-06 07:49:32.924+00,2025-04-26 14:46:19.895+00,true
2128,Just as I Am,Billy Graham,False,75,NULL,NULL,"{biography,influential}",2128.webp,#e97a39,#f9dac7,True,2025-04-06 07:49:32.932+00,2025-05-24 19:21:56.491+00,true
2125,Jami' At-Tirmidhi,Muhammad al-Tirmidhi,False,85,NULL,NULL,"{classic,religious}",2125.webp,NULL,NULL,NULL,2025-04-06 07:49:32.929+00,2025-04-26 14:46:19.904+00,true
2129,The Boy Who Loved Math: The Improbable Life of Paul Erdos,Deborah Heiligman,False,65,NULL,NULL,"{educational,biography}",2129.webp,#2caeb4,#c4e8ea,True,2025-04-06 07:49:32.933+00,2025-05-24 19:22:02.923+00,true
2130,"Endurance: A Year in Space, A Lifetime of Discovery",Scott Kelly,False,80,NULL,NULL,"{influential,educational}",2130.webp,#03111b,#b9bcbf,True,2025-04-06 07:49:32.935+00,2025-05-24 19:22:09.839+00,true
2127,I Will Teach You to Be Rich: No Guilt. No Excuses. No BS. Just a 6-Week Program That Works,Ramit Sethi,False,90,NULL,NULL,"{bestseller,self-improvement,motivational}",2127.webp,#198e49,#bfdfcc,True,2025-04-06 07:49:32.931+00,2025-04-27 08:22:48.82+00,true
2143,The Dictator's Handbook: Why Bad Behavior Is Almost Always Good Politics,Bruce Bueno de Mesquita,False,80,9781610391849,352,{influential},2143.webp,#cc3e09,#f1c9ba,True,2025-04-06 07:49:32.949+00,2025-05-24 19:22:30.008+00,true
2148,Unglued: Making Wise Choices in the Midst of Raw Emotions,Lysa TerKeurst,False,75,9780310332794,208,"{self-improvement,motivational}",2148.webp,#a0beb4,#bdd2cb,True,2025-04-06 07:49:32.954+00,2025-05-24 19:22:43.223+00,true
2163,"Animal, Vegetable, Miracle: A Year of Food Life",Barbara Kingsolver,False,75,978-0060852566,384,"{educational,influential}",2163.webp,#d8410e,#f4cabb,True,2025-04-06 07:49:32.972+00,2025-05-24 19:23:09.77+00,true
2177,John Adams,David McCullough,False,85,978-0743223133,751,"{award-winning,historical}",2177.webp,#cc7162,#f1d7d3,True,2025-04-06 07:49:32.989+00,2025-05-01 14:04:44.101+00,true
2174,Move to Millions: The Proven Framework to Become a Million Dollar CEO with Grace & Ease Instead of Hustle & Grind,Darnyelle Jervey Harmon,False,65,NULL,NULL,"{motivational,entrepreneurship}",2174.webp,#d71379,#f4bdd9,True,2025-04-06 07:49:32.985+00,2025-05-24 19:23:16.57+00,true
2173,Becoming,Michelle Obama,False,95,978-1524763138,448,"{bestseller,influential}",2173.webp,#b9c9bc,#ced9d0,True,2025-04-06 07:49:32.984+00,2025-04-27 08:23:22.839+00,true
2167,Soul Cure: How to Heal Your Pain and Discover Your Purpose,Gregory Dickow,False,60,NULL,NULL,"{self-improvement,motivational}",2167.webp,NULL,NULL,NULL,2025-04-06 07:49:32.977+00,2025-04-26 14:46:20.019+00,true
2175,The Vagina Monologues,V (formerly Eve Ensler),False,90,978-0345498601,240,"{influential,award-winning}",2175.webp,#a7251f,#e6c2c0,True,2025-04-06 07:49:32.986+00,2025-04-27 08:23:28.461+00,true
2178,The Man Who Mistook His Wife for a Hat and Other Clinical Tales,Oliver Sacks,False,90,978-0684853949,243,"{bestseller,psychology}",2178.webp,#889289,#dee1de,True,2025-04-06 07:49:32.99+00,2025-04-27 08:23:41.362+00,true
2176,"Book of Mormon, Doctrine and Covenants, Pearl of Great Price",The Church of Jesus Christ of Latter-day Saints,False,85,978-1592975036,1524,"{religious,foundational}",2176.webp,NULL,NULL,NULL,2025-04-06 07:49:32.988+00,2025-04-26 14:46:20.043+00,true
2137,Run Baby Run,Nicky Cruz,False,80,NULL,NULL,"{biography,motivational}",2137.webp,#d53411,#f3c6bc,True,2025-04-06 07:49:32.942+00,2025-05-24 19:22:15.872+00,true
2155,Psychological Types,C.G. Jung,False,85,9780691018133,608,{foundational},2155.webp,#472e8a,#cbc5de,True,2025-04-06 07:49:32.962+00,2025-05-01 14:04:36.704+00,true
2138,The Day I Stopped Drinking Milk,Sudha Murty,False,65,NULL,NULL,"{biography,influential}",2138.webp,#f5a829,#f8c269,True,2025-04-06 07:49:32.943+00,2025-05-24 19:22:22.781+00,true
2164,The Joy of Cooking,Irma S. Rombauer,False,90,978-0743246262,1152,"{bestseller,classic}",2164.webp,#ffc0c0,#e6adad,False,2025-04-06 07:49:32.973+00,2025-04-27 08:23:18.652+00,true
2197,"Love is the Answer, God is the Cure: A True Story of Abuse, Betrayal and Unconditional Love",Aimee Cabo Nikolov,False,65,9781642793700,256,"{inspirational,biography}",2197.webp,#f49c80,#f7baa6,True,2025-04-06 07:49:33.013+00,2025-05-24 19:23:54.809+00,true
2207,The Confidence Code: The Science and Art of Self-Assurance – What Women Should Know,Katty Kay,False,80,9780062230621,256,"{self-improvement,motivational}",2207.webp,#e53f6a,#f8c9d5,True,2025-04-06 07:49:33.024+00,2025-05-24 19:24:01.31+00,true
2198,"Let's Talk: ...About Making Your Life Exciting, Easier, And Exceptional",Art Rios,False,60,9781642251644,160,"{self-improvement,motivational}",2198.webp,NULL,NULL,NULL,2025-04-06 07:49:33.014+00,2025-04-26 14:46:20.123+00,true
2199,Lost in Yaba: Down and Out in Laos,Walt Gleeson,False,50,NULL,200,"{travel,memoir}",2199.webp,NULL,NULL,NULL,2025-04-06 07:49:33.015+00,2025-04-26 14:46:20.127+00,true
2200,A Calamitous 14th Century: The Tuchman Controversy,Barbara W. Tuchman,False,50,NULL,NULL,{historical},2200.webp,NULL,NULL,NULL,2025-04-06 07:49:33.016+00,2025-04-26 14:46:20.131+00,true
2202,"Thinking, Fast and Slow",Daniel Kahneman,False,95,9780374533557,499,"{bestseller,influential,educational}",2202.webp,NULL,NULL,NULL,2025-04-06 07:49:33.019+00,2025-04-26 14:46:20.138+00,true
2187,Eating Animals,Jonathan Safran Foer,False,80,9780316069885,352,"{influential,environmental}",2187.webp,#dee0cc,#c8cab8,False,2025-04-06 07:49:33.001+00,2025-05-24 19:23:29.726+00,true
2210,Letters to a Young Poet,Rainer Maria Rilke,False,85,9780393310399,123,"{classic,influential}",2210.webp,#ebba98,#f1cfb7,True,2025-04-06 07:49:33.028+00,2025-05-24 19:24:18.727+00,true
2209,She Thinks Like a Boss: Leadership—9 Essential Skills for New Female Leaders in Business and the Workplace,Jemma Roedel,False,60,NULL,NULL,"{self-improvement,motivational}",2209.webp,NULL,NULL,NULL,2025-04-06 07:49:33.026+00,2025-04-26 14:46:20.158+00,true
2212,A Sand County Almanac and Sketches Here and There,Aldo Leopold,False,80,9780195059281,240,"{classic,influential}",2212.webp,#ecc383,#f2d5a8,True,2025-04-06 07:49:33.03+00,2025-05-24 19:24:25.216+00,true
2225,Gift from the Sea,Anne Morrow Lindbergh,False,80,9780679732419,144,"{classic,inspirational}",2225.webp,#3a8281,#c8dcdc,True,2025-04-06 07:49:33.044+00,2025-05-24 19:24:37.571+00,true
2217,Living in Harmony with the Real World Vol 3: Coping with Loss and Grief,Gary Edward Gedall,False,50,NULL,NULL,{self-improvement},2217.webp,NULL,NULL,NULL,2025-04-06 07:49:33.036+00,2025-04-26 14:46:20.182+00,true
2203,Democracy in America,Alexis de Tocqueville,False,85,9780140447606,992,"{classic,foundational}",2203.webp,#fef7e1,#e5decb,False,2025-04-06 07:49:33.02+00,2025-05-01 14:05:11.327+00,true
2226,The Right Stuff,Tom Wolfe,False,85,9780312427566,352,"{classic,historical}",2226.webp,#081d34,#bac0c6,True,2025-04-06 07:49:33.045+00,2025-05-24 19:24:44.266+00,true
2229,Dear Barack: The Extraordinary Partnership of Barack Obama and Angela Merkel,Claudia Clark,False,60,9781640124117,352,"{political,biography}",2229.webp,NULL,NULL,NULL,2025-04-06 07:49:33.049+00,2025-04-26 14:46:20.217+00,true
2218,Mindset: The New Psychology of Success,Carol S. Dweck,False,90,9780345472328,320,"{bestseller,self-improvement,motivational}",2218.webp,#c8cab5,#d9dacb,True,2025-04-06 07:49:33.037+00,2025-04-27 08:24:19.159+00,true
2185,Educated,Tara Westover,False,95,9780399590504,334,"{bestseller,award-winning,influential}",2185.webp,#bab99f,#cfcebc,True,2025-04-06 07:49:32.998+00,2025-04-27 08:23:54.567+00,true
2238,Pilgrim at Tinker Creek,Annie Dillard,False,80,9780061233326,290,"{classic,nature}",2238.webp,#d69b31,#f3e3c5,True,2025-04-06 07:49:33.059+00,2025-05-24 19:25:33.683+00,true
2239,"Brave, Not Perfect: Fear Less, Fail More, and Live Bolder",Reshma Saujani,False,75,9781524762351,208,"{motivational,self-improvement}",2239.webp,#f7850f,#fdddbc,True,2025-04-06 07:49:33.06+00,2025-05-24 19:25:40.66+00,true
2240,The Greatest Show on Earth: The Evidence for Evolution,Richard Dawkins,False,85,978-1416594789,480,"{educational,influential}",2240.webp,#851f0c,#ddc0bb,True,2025-04-06 07:49:33.061+00,2025-05-24 19:25:47.126+00,true
2242,"How Women Rise: Break the 12 Habits Holding You Back from Your Next Raise, Promotion, or Job",Sally Helgesen,False,75,978-0316440127,256,"{self-improvement,career}",2242.webp,#4e4182,#cdcadc,True,2025-04-06 07:49:33.063+00,2025-05-24 19:25:53.905+00,true
2244,Financial Feminist: Overcome the Patriarchy's Bullsh*t to Master Your Money and Build a Life You Love,Tori Dunlap,False,70,978-0063260269,272,"{money,self-improvement}",2244.webp,#d27322,#f3d8c1,True,2025-04-06 07:49:33.066+00,2025-05-24 19:26:06.738+00,true
2245,The Book of Why: The New Science of Cause and Effect,Judea Pearl,False,78,978-0465097609,432,"{educational,science}",2245.webp,#9ed3bb,#bbe0cf,True,2025-04-06 07:49:33.067+00,2025-05-24 19:26:13.511+00,true
2249,"We Should All Be Millionaires: A Woman’s Guide to Earning More, Building Wealth, and Gaining Economic Power",Rachel Rodgers,False,72,978-1400221622,288,"{money,self-improvement}",2249.webp,#009693,#b8e2e1,True,2025-04-06 07:49:33.071+00,2025-05-24 19:26:19.88+00,true
2250,Unmasking AI: My Mission to Protect What Is Human in a World of Machines,Joy Buolamwini,False,65,NULL,NULL,"{technology,society}",2250.webp,#422f82,#cac5dc,True,2025-04-06 07:49:33.072+00,2025-05-24 19:26:26.296+00,true
2246,Autobiography of a Yogi,Paramahansa Yogananda,False,88,978-0876120835,520,"{classic,spiritual}",2246.webp,NULL,NULL,NULL,2025-04-06 07:49:33.068+00,2025-04-26 14:46:20.288+00,true
2247,Think and Grow Rich,Napoleon Hill,False,95,978-1585424337,238,"{bestseller,motivational,self-improvement}",2247.webp,NULL,NULL,NULL,2025-04-06 07:49:33.069+00,2025-04-26 14:46:20.293+00,true
2248,Now What?!!,Michael G. Kramer,False,50,NULL,NULL,{self-improvement},2248.webp,NULL,NULL,NULL,2025-04-06 07:49:33.07+00,2025-04-26 14:46:20.297+00,true
2251,Civil Disobedience and Other Essays,Henry David Thoreau,False,85,978-0486275635,96,"{classic,philosophy}",2251.webp,#8c2314,#dfc1bd,True,2025-04-06 07:49:33.074+00,2025-05-24 19:26:32.174+00,true
2255,Bossypants,Tina Fey,False,85,978-0316056892,288,"{bestseller,humor}",2255.webp,#fac49e,#e1b08e,False,2025-04-06 07:49:33.079+00,2025-05-24 19:26:38.476+00,true
2256,AI 2041: Ten Visions for Our Future,Kai-Fu Lee,False,75,978-0593238295,480,"{technology,future}",2256.webp,#034064,#b9c9d4,True,2025-04-06 07:49:33.08+00,2025-05-24 19:26:48.377+00,true
2252,New Startup Mindset: Ten Mindset Shifts to Build the Company of Your Dreams,Sandra Shpilberg,False,60,978-1734205108,160,"{entrepreneurship,self-improvement}",2252.webp,NULL,NULL,NULL,2025-04-06 07:49:33.075+00,2025-04-26 14:46:20.315+00,true
2263,Pre-Suasion: A Revolutionary Way to Influence and Persuade,Robert B. Cialdini,False,85,9781501109805,432,"{influential,psychology}",2263.webp,#e87129,#f9d7c3,True,2025-04-06 07:49:33.088+00,2025-05-24 19:26:55.654+00,true
2264,Freedom in Exile: The Autobiography of the Dalai Lama,Dalai Lama XIV,False,75,9780060391162,320,"{autobiography,influential}",2264.webp,#d4661f,#f3d4c0,True,2025-04-06 07:49:33.089+00,2025-05-24 19:27:02.88+00,true
2257,Deep Utopia: Life and Meaning in a Solved World,Nick Bostrom,False,60,NULL,NULL,"{philosophy,future}",2257.webp,NULL,NULL,NULL,2025-04-06 07:49:33.081+00,2025-04-26 14:46:20.337+00,true
2260,"The Year I Turned 25: A Memoir About Sex, Anxiety and a Dog Named She-Devil",Raquel Fletcher,False,50,NULL,NULL,{memoir},2260.webp,NULL,NULL,NULL,2025-04-06 07:49:33.084+00,2025-04-26 14:46:20.346+00,true
2262,An American Princess: The Many Lives of Allene Tew,Annejet van der Zijl,False,60,NULL,NULL,{biography},2262.webp,NULL,NULL,NULL,2025-04-06 07:49:33.086+00,2025-04-26 14:46:20.356+00,true
2266,Queen of Scots: The True Life of Mary Stuart,John Guy,False,70,9780618254118,608,"{historical,biography}",2266.webp,#58335b,#d0c6d1,True,2025-04-06 07:49:33.091+00,2025-05-24 19:27:11.548+00,true
2269,Iron John: A Book About Men,Robert Bly,False,80,9780201570907,268,"{influential,psychology}",2269.webp,#d2441e,#f3cbc0,True,2025-04-06 07:49:33.095+00,2025-05-24 19:27:18.264+00,true
2265,A Time for Change: How White Supremacy Ideology Harms All Americans,Martha R Bireda,False,55,NULL,NULL,"{society,politics}",2265.webp,NULL,NULL,NULL,2025-04-06 07:49:33.09+00,2025-04-26 14:46:20.368+00,true
2272,The Way of Zen,Alan W. Watts,False,85,9780375705106,256,"{philosophy,influential}",2272.webp,#50a65e,#cee6d2,True,2025-04-06 07:49:33.098+00,2025-05-24 19:27:31.797+00,true
2233,Reading Lolita in Tehran: A Memoir in Books,Azar Nafisi,False,80,9780812979305,356,"{memoir,influential}",2233.webp,#bb5115,#eccebd,True,2025-04-06 07:49:33.053+00,2025-05-24 19:25:09.935+00,
2280,"Conversations With God: An Uncommon Dialogue, Book 2",Neale Donald Walsch,False,70,NULL,NULL,"{spirituality,self-improvement}",2280.webp,#44746f,#cbd8d7,True,2025-04-06 07:49:33.107+00,2025-05-24 19:28:22.357+00,true
2279,معالم في الطريق,Sayyid Qutb,False,70,NULL,NULL,"{influential,philosophy}",2279.webp,NULL,NULL,NULL,2025-04-06 07:49:33.106+00,2025-04-26 14:46:20.437+00,true
2282,"The Heart of Everything That Is: The Untold Story of Red Cloud, An American Legend",Bob Drury,False,75,NULL,NULL,"{historical,biography}",2282.webp,#d66421,#f3d4c1,True,2025-04-06 07:49:33.109+00,2025-05-24 19:28:28.218+00,true
2281,Scarred for Life: A Boy's Brutal Suffering and a Man's Raging Regret,Joel Hunter Gun,False,50,NULL,NULL,"{biography,inspirational}",2281.webp,NULL,NULL,NULL,2025-04-06 07:49:33.108+00,2025-04-26 14:46:20.447+00,true
2284,The Minds of Billy Milligan,Daniel Keyes,False,80,NULL,NULL,"{psychology,biography}",2284.webp,#d13f27,#f2c9c3,True,2025-04-06 07:49:33.112+00,2025-05-24 19:28:35.145+00,true
2293,Invisible Influence: The Hidden Forces that Shape Behavior,Jonah Berger,False,85,NULL,NULL,"{psychology,influential}",2293.webp,#1bc7ae,#bfefe8,True,2025-04-06 07:49:33.122+00,2025-05-24 19:28:42.492+00,true
2285,Knowing People: The Personal Use of Social Psychology,Michael J. Lovaglia,False,60,NULL,NULL,"{psychology,educational}",2285.webp,NULL,NULL,NULL,2025-04-06 07:49:33.113+00,2025-04-26 14:46:20.467+00,true
2290,Sunan Abu Dawud,أبو داود السجستاني,False,85,NULL,NULL,"{religion,classic}",2290.webp,NULL,NULL,NULL,2025-04-06 07:49:33.119+00,2025-04-26 14:46:20.489+00,true
2304,Being and Nothingness,Jean-Paul Sartre,False,90,9780671867805,688,"{classic,philosophy}",2304.webp,#c8bca4,#d9d0bf,True,2025-04-06 07:49:33.135+00,2025-04-27 08:24:57.843+00,true
2301,Dianetics: The Modern Science of Mental Health,L. Ron Hubbard,False,85,9781403144861,678,"{influential,controversial}",2301.webp,#a1230a,#e5c1bb,True,2025-04-06 07:49:33.132+00,2025-05-24 19:29:15.496+00,true
2299,Not Even a Hint: Guarding Your Heart Against Lust,Joshua Harris,False,60,NULL,NULL,"{self-improvement,religion}",2299.webp,NULL,NULL,NULL,2025-04-06 07:49:33.129+00,2025-04-26 14:46:20.523+00,true
2318,EntreLeadership: 20 Years of Practical Business Wisdom from the Trenches,Dave Ramsey,False,80,9781451617856,320,"{business,leadership}",2318.webp,#d66528,#f3d4c3,True,2025-04-06 07:49:33.152+00,2025-05-24 19:29:48.486+00,true
2302,Crazy Love: Overwhelmed by a Relentless God,Francis Chan,False,75,9781434705945,224,"{religion,inspirational}",2302.webp,NULL,NULL,NULL,2025-04-06 07:49:33.133+00,2025-04-26 14:46:20.538+00,true
2303,Votive Mass of the Divine Heart of God the Father: Texts and Lectionary,Apostolate of the Divine Heart,False,40,NULL,NULL,{religion},2303.webp,NULL,NULL,NULL,2025-04-06 07:49:33.134+00,2025-04-26 14:46:20.543+00,true
2275,Teaching a Stone to Talk: Expeditions and Encounters,Annie Dillard,False,70,9780060915412,176,"{essays,nature}",2275.webp,#d77f22,#f4dbc1,True,2025-04-06 07:49:33.102+00,2025-05-24 19:27:45.592+00,true
2308,The Perennial Wanderer: An American in the World,Steven D. Orr,False,50,NULL,NULL,"{travel,memoir}",2308.webp,NULL,NULL,NULL,2025-04-06 07:49:33.14+00,2025-04-26 14:46:20.56+00,true
2310,"Self Growth (Life's Path, #1)",Ron Millicent,False,50,NULL,NULL,{self-improvement},2310.webp,NULL,NULL,NULL,2025-04-06 07:49:33.143+00,2025-04-26 14:46:20.571+00,true
2314,Goodpoint: We see only what we focus on. Although what we don't focus on can change our lives.,Roberto F. Canducci,False,50,NULL,NULL,{self-improvement},2314.webp,NULL,NULL,NULL,2025-04-06 07:49:33.148+00,2025-04-26 14:46:20.586+00,true
2316,Mary Me: One Woman’s Journey from Poverty to Power,Helen Grigsby Doss,False,55,NULL,NULL,{biography},2316.webp,NULL,NULL,NULL,2025-04-06 07:49:33.15+00,2025-04-26 14:46:20.595+00,true
2277,Essays and Poems,Ralph Waldo Emerson,False,80,NULL,NULL,"{classic,philosophy}",2277.webp,#7b8a6a,#daded5,True,2025-04-06 07:49:33.104+00,2025-05-24 19:28:03.567+00,true
2291,Mindfulness for Beginners: Reclaiming the Present Moment―and Your Life,Jon Kabat-Zinn,False,90,NULL,NULL,"{mindfulness,self-improvement}",2291.webp,#5fa08c,#d2e5df,True,2025-04-06 07:49:33.12+00,2025-04-27 08:24:44.811+00,true
2327,Young Men and Fire,Norman Maclean,False,70,9780226500621,301,"{historical,classic}",2327.webp,#93200c,#e1c1bb,True,2025-04-06 07:49:33.163+00,2025-05-24 19:31:28.45+00,true
2325,ابتسم,عائض القرني,False,50,NULL,NULL,{motivational},2325.webp,NULL,NULL,NULL,2025-04-06 07:49:33.16+00,2025-04-26 14:46:20.626+00,true
2329,"Outcasts United: A Refugee Team, an American Town",Warren St. John,False,70,9780385522045,320,"{inspirational,society}",2329.webp,#57968d,#d0e2df,True,2025-04-06 07:49:33.165+00,2025-05-24 19:31:44.427+00,true
2335,Reading Like a Writer: A Guide for People Who Love Books and for Those Who Want to Write Them,Francine Prose,False,75,9780060777050,288,"{educational,writing}",2335.webp,#f18d5b,#f5af8c,True,2025-04-06 07:49:33.171+00,2025-05-24 19:32:10.999+00,true
2343,This Time Together: Laughter and Reflection,Carol Burnett,False,65,NULL,NULL,{biography},2343.webp,#f5c1db,#ddaec5,False,2025-04-06 07:49:33.181+00,2025-05-24 19:32:18.075+00,true
2333,Alone... You're Not,serenity finlay,False,30,NULL,NULL,{self-help},2333.webp,NULL,NULL,NULL,2025-04-06 07:49:33.169+00,2025-04-26 14:46:20.659+00,true
2344,Tractatus Logico-Philosophicus,Ludwig Wittgenstein,False,85,NULL,NULL,"{classic,philosophical}",2344.webp,#09383e,#bac7c9,True,2025-04-06 07:49:33.182+00,2025-05-24 19:32:37.035+00,true
2336,Klondike: The Last Great Gold Rush,Charles M. Russell,False,55,NULL,NULL,{historical},2336.webp,NULL,NULL,NULL,2025-04-06 07:49:33.173+00,2025-04-26 14:46:20.668+00,true
2337,The Constitution of the Tunisian Republic: Unofficial Translation,Med-Ali Mekki,False,50,NULL,NULL,{political},2337.webp,NULL,NULL,NULL,2025-04-06 07:49:33.174+00,2025-04-26 14:46:20.672+00,true
2339,Daily Prayer: A Modern Guide to Ancient Practices,Joy F Hilley,False,45,NULL,NULL,"{religion,spirituality}",2339.webp,NULL,NULL,NULL,2025-04-06 07:49:33.176+00,2025-04-26 14:46:20.681+00,true
2340,Sunan An-Nasa'i,Tamuna Tsertsvadze,False,50,NULL,NULL,"{educational,historical}",2340.webp,NULL,NULL,NULL,2025-04-06 07:49:33.178+00,2025-04-26 14:46:20.686+00,true
2342,The Pleasures of God: Meditations on God's Delight in Being God,John Piper,False,60,NULL,NULL,{religious},2342.webp,NULL,NULL,NULL,2025-04-06 07:49:33.18+00,2025-04-26 14:46:20.695+00,true
2345,The World's Religions,Huston Smith,False,80,NULL,NULL,"{educational,influential}",2345.webp,#d09b3a,#f2e3c8,True,2025-04-06 07:49:33.184+00,2025-05-24 19:32:55.069+00,true
2350,Manual of Mineralogy,Cornelis Klein,False,65,NULL,NULL,{educational},2350.webp,#51a193,#cee5e1,True,2025-04-06 07:49:33.189+00,2025-05-24 19:33:18.66+00,true
2352,Socialism: Utopian and Scientific,Friedrich Engels,False,75,NULL,NULL,"{political,classic}",2352.webp,#bc4231,#eccac5,True,2025-04-06 07:49:33.192+00,2025-05-24 19:33:24.64+00,true
2347,Lit!: A Christian Guide to Reading Books,Tony Reinke,False,55,NULL,NULL,{educational},2347.webp,NULL,NULL,NULL,2025-04-06 07:49:33.186+00,2025-04-26 14:46:20.714+00,true
2349,Upside Down Kingdom,Jody Brown Vettori,False,60,NULL,NULL,{religious},2349.webp,NULL,NULL,NULL,2025-04-06 07:49:33.188+00,2025-04-26 14:46:20.722+00,true
2354,We Do This 'til We Free Us: Abolitionist Organizing and Transforming Justice,Mariame Kaba,False,65,NULL,NULL,{social-justice},2354.webp,#86cb9c,#aadbba,True,2025-04-06 07:49:33.194+00,2025-05-24 19:33:52.973+00,true
2355,Because Internet: Understanding the New Rules of Language,Gretchen McCulloch,False,75,NULL,NULL,"{language,trending}",2355.webp,#161515,#bebdbd,True,2025-04-06 07:49:33.195+00,2025-05-24 19:34:28.508+00,true
2356,"Lame Deer, Seeker of Visions",John Fire Lame Deer,False,70,NULL,NULL,"{biography,cultural}",2356.webp,#ca691c,#f0d5bf,True,2025-04-06 07:49:33.196+00,2025-05-24 19:34:37.081+00,true
2359,"Built to Last: Successful Habits of Visionary Companies (Good to Great, 2)",Jim Collins,False,85,NULL,NULL,"{business,bestseller}",2359.webp,#df6a1c,#f6d5bf,True,2025-04-06 07:49:33.2+00,2025-05-24 19:34:45.728+00,true
2361,The Personal MBA: Master the Art of Business,Josh Kaufman,False,85,978-1591845577,464,"{bestseller,educational,self-improvement}",2361.webp,#232f2d,#c1c5c4,True,2025-04-06 07:49:33.202+00,2025-05-24 19:34:58.554+00,true
2357,The Glory and the Dream: A Narrative History of America 1932-72,William Manchester,False,80,NULL,NULL,"{historical,influential}",2357.webp,NULL,NULL,NULL,2025-04-06 07:49:33.197+00,2025-04-26 14:46:20.78+00,true
2362,Pathways to Bliss: Mythology and Personal Transformation,Joseph Campbell,False,75,978-1577314714,249,"{influential,self-improvement}",2362.webp,#52a18a,#cfe5de,True,2025-04-06 07:49:33.203+00,2025-05-24 19:35:21.192+00,true
2363,Abundance: The Future Is Better Than You Think,Peter H. Diamandis,False,80,978-1451614213,432,"{influential,technology,future}",2363.webp,NULL,NULL,NULL,2025-04-06 07:49:33.204+00,2025-04-26 14:46:20.806+00,true
2364,"World War II London Blitz Diary, Volume 1",Ruby Side Thompson,False,60,NULL,364,"{historical,diary}",2364.webp,NULL,NULL,NULL,2025-04-06 07:49:33.205+00,2025-04-26 14:46:20.809+00,true
2324,The Denial of Death,Ernest Becker,False,80,9780684832401,336,"{award-winning,psychology}",2324.webp,#12110c,#bdbcbb,True,2025-04-06 07:49:33.159+00,2025-05-24 19:31:21.069+00,true
2322,The Secret Life of Houdini: The Making of America's First Superhero,William Kalush,False,60,9780743272087,608,"{biography,historical}",2322.webp,NULL,NULL,NULL,2025-04-06 07:49:33.157+00,2025-04-26 14:46:20.611+00,true
2320,FDR,Jean Edward Smith,False,70,9780812970494,880,"{biography,historical}",2320.webp,#033b5a,#b9c8d1,True,2025-04-06 07:49:33.155+00,2025-05-24 19:30:57.438+00,true
2371,The 1-Page Marketing Plan,Allan Dib,False,80,978-1989025017,228,"{bestseller,marketing}",2371.webp,#ce211a,#f1c1bf,True,2025-04-06 07:49:33.214+00,2025-05-24 19:35:46.251+00,true
2372,All Over But the Shoutin',Rick Bragg,False,75,978-0679774020,329,"{memoir,award-winning}",2372.webp,#cc9a55,#f1e3cf,True,2025-04-06 07:49:33.215+00,2025-05-24 19:35:58.676+00,true
2374,I Am Dynamite! A Life of Nietzsche,Sue Prideaux,False,75,978-1524760823,464,"{biography,award-winning}",2374.webp,#c2441b,#eecbbf,True,2025-04-06 07:49:33.221+00,2025-05-24 19:36:12.687+00,true
2375,Here I Stand: A Life of Martin Luther,Roland H. Bainton,False,80,978-0452011465,336,"{biography,classic}",2375.webp,#b96623,#ebd4c1,True,2025-04-06 07:49:33.222+00,2025-05-24 19:36:19.781+00,true
2376,The Body: A Guide for Occupants,Bill Bryson,False,85,978-0385539302,464,"{bestseller,educational}",2376.webp,#0f5f7b,#bcd2da,True,2025-04-06 07:49:33.224+00,2025-05-24 19:36:27.141+00,true
2378,The Happiest Man on Earth,Eddie Jaku,False,75,978-0063097681,208,"{memoir,motivational}",2378.webp,#ef9413,#fbe1bd,True,2025-04-06 07:49:33.226+00,2025-05-24 19:36:34.674+00,true
2377,My Own Words,Ruth Bader Ginsburg,False,80,978-1501145247,400,"{biography,influential}",2377.webp,NULL,NULL,NULL,2025-04-06 07:49:33.225+00,2025-04-26 14:46:20.836+00,true
2381,The Divided Self: An Existential Study in Sanity and Madness,R.D. Laing,False,75,9780140135374,240,"{psychology,classic}",2381.webp,#316175,#c5d3d8,True,2025-04-06 07:49:33.23+00,2025-05-24 19:36:47.876+00,true
2383,Better Never to Have Been: The Harm of Coming into Existence,David Benatar,False,65,9780199549269,236,"{philosophy,controversial}",2383.webp,#be9fd5,#d2bce2,True,2025-04-06 07:49:33.232+00,2025-05-24 19:36:54.314+00,true
2367,The Only Investment Guide You'll Ever Need,Andrew Tobias,False,85,978-0544781931,320,"{bestseller,self-improvement}",2367.webp,#fffac4,#e6e1b0,False,2025-04-06 07:49:33.209+00,2025-05-24 19:35:30.045+00,true
2384,Broken Open: How Difficult Times Can Help Us Grow,Elizabeth Lesser,False,70,9780375759910,352,"{self-improvement,motivational}",2384.webp,#e9987c,#f0b7a3,True,2025-04-06 07:49:33.233+00,2025-05-24 19:37:01.587+00,true
2386,The Book of Tea,Kakuzō Okakura,False,80,9780486200705,160,"{classic,cultural}",2386.webp,#487d45,#ccdbcb,True,2025-04-06 07:49:33.236+00,2025-05-24 19:37:11.883+00,true
2387,Wildflower,Drew Barrymore,False,75,9781101983799,288,"{biography,celebrity}",2387.webp,#fff1d7,#e6d9c2,False,2025-04-06 07:49:33.237+00,2025-05-24 19:37:27.856+00,true
2395,The New Strategic Selling: The Unique Sales System Proven Successful by the World's Best Companies,Robert B. Miller,False,75,9780446695190,448,"{sales,business}",2395.webp,#f28238,#fbdcc7,True,2025-04-06 07:49:33.246+00,2025-05-24 19:38:01.491+00,true
2388,Every Natural Heart: A Memoir,James Dobson,False,60,NULL,NULL,{memoir},2388.webp,NULL,NULL,NULL,2025-04-06 07:49:33.238+00,2025-04-26 14:46:20.863+00,true
2391,Spinning Black Hole Inside Our Earth,Ed Lukowich,False,40,NULL,NULL,{science},2391.webp,NULL,NULL,NULL,2025-04-06 07:49:33.241+00,2025-04-26 14:46:20.869+00,true
2402,"The Rising Sun: The Decline & Fall of the Japanese Empire, 1936-45",John Toland,False,85,9780812968583,976,"{award-winning,historical}",2402.webp,#c4290d,#efc3bb,True,2025-04-06 07:49:33.253+00,2025-05-24 19:38:21.811+00,true
2393,Self Growth - 2: Self Growth Through Self Esteem Techniques,Ron Millicent,False,55,NULL,NULL,{self-improvement},2393.webp,NULL,NULL,NULL,2025-04-06 07:49:33.244+00,2025-04-26 14:46:20.875+00,true
2405,Goodbye to All That,Robert Graves,False,75,9780141184593,288,"{classic,historical}",2405.webp,#913916,#e0c7be,True,2025-04-06 07:49:33.257+00,2025-05-24 19:38:37.09+00,true
2399,Am I Not a Man?: The Dred Scott Story,Mark L. Shurtleff,False,60,9781606410517,432,"{historical,biography}",2399.webp,NULL,NULL,NULL,2025-04-06 07:49:33.25+00,2025-04-26 14:46:20.886+00,true
2406,Authentic Happiness: Using the New Positive Psychology to Realize Your Potential for Lasting Fulfillment,Martin E.P. Seligman,False,80,9780743222983,321,"{self-improvement,motivational}",2406.webp,#e49e43,#ecbb7b,True,2025-04-06 07:49:33.258+00,2025-05-24 19:38:51.078+00,true
2403,The Tracker: The True Story of Tom Brown Jr.,Tom Brown Jr.,False,60,9780425101339,256,{influential},2403.webp,NULL,NULL,NULL,2025-04-06 07:49:33.254+00,2025-04-26 14:46:20.897+00,true
2404,Devotion to the Divine Heart of God the Father,Apostolate of the Divine Heart,False,30,NULL,150,{religious},2404.webp,NULL,NULL,NULL,2025-04-06 07:49:33.256+00,2025-04-26 14:46:20.901+00,true
2409,It Doesn't Have to Be Crazy at Work,Jason Fried,False,75,9780062874788,240,"{business,trending}",2409.webp,#9cbcbe,#bad0d2,True,2025-04-06 07:49:33.261+00,2025-05-24 19:38:59.491+00,true
2370,Games People Play,Eric Berne,False,85,978-0345410030,192,"{classic,psychology}",2370.webp,#998f7f,#e3e0db,True,2025-04-06 07:49:33.213+00,2025-05-24 19:35:36.884+00,true
2368,Sunan Ibn Majah,ابن ماجه,False,70,NULL,NULL,"{religion,classic}",2368.webp,NULL,NULL,NULL,2025-04-06 07:49:33.21+00,2025-04-26 14:46:20.815+00,true
2394,"First, Break All the Rules: What the World's Greatest Managers Do Differently",Marcus Buckingham,False,90,9780684852867,255,"{bestseller,management}",2394.webp,#003856,#b8c7d0,True,2025-04-06 07:49:33.245+00,2025-04-27 08:25:29.624+00,true
2411,The Game of Life and How to Play It,Florence Scovel Shinn,False,70,9780875162577,96,"{self-improvement,classic}",2411.webp,#cfb45b,#ddcb8c,True,2025-04-06 07:49:33.263+00,2025-05-24 19:39:12.278+00,true
2418,On Becoming a Person: A Therapist's View of Psychotherapy,Carl R. Rogers,False,85,9780395755310,420,"{psychology,influential}",2418.webp,#ebb49d,#f1cbba,True,2025-04-06 07:49:33.271+00,2025-05-24 19:39:35.709+00,true
2420,"One, Two, Three...Infinity: Facts and Speculations of Science",George Gamow,False,70,9780486256641,384,"{classic,educational}",2420.webp,#1d1b36,#c0bfc7,True,2025-04-06 07:49:33.273+00,2025-05-24 19:39:44.289+00,true
2430,"Nietzsche: Philosopher, Psychologist, Antichrist",Walter Kaufmann,False,75,9780691160269,560,"{educational,influential}",2430.webp,#a4592f,#e5d1c5,True,2025-04-06 07:49:33.284+00,2025-05-24 19:39:58.092+00,true
2431,The Map That Changed the World: William Smith and the Birth of Modern Geology,Simon Winchester,False,70,9780060931803,352,"{historical,educational}",2431.webp,#f5ad20,#f8c663,True,2025-04-06 07:49:33.285+00,2025-05-24 19:40:05.267+00,true
2436,The Leadership Challenge,James M. Kouzes,False,85,9781119278962,400,"{bestseller,motivational}",2436.webp,#0083a8,#b8dce7,True,2025-04-06 07:49:33.291+00,2025-05-24 19:40:14.619+00,true
2432,Kingdom Wealth: The Power to Get It - 2nd Edition,Apostle J. Vernon Duncan,False,55,NULL,NULL,{motivational},2432.webp,NULL,NULL,NULL,2025-04-06 07:49:33.286+00,2025-04-26 14:46:20.973+00,true
2443,Song of Myself,Walt Whitman,False,75,NULL,NULL,{classic},2443.webp,#79aa84,#d9e7dd,True,2025-04-06 07:49:33.299+00,2025-05-24 19:40:43.976+00,true
2444,In the Kingdom of Ice: The Grand and Terrible Polar Voyage of the USS Jeannette,Hampton Sides,False,70,NULL,NULL,{historical},2444.webp,#1c475b,#bfcbd1,True,2025-04-06 07:49:33.3+00,2025-05-24 19:41:06.991+00,true
2454,Contagious: Why Things Catch On,Jonah Berger,False,85,NULL,NULL,"{bestseller,influential}",2454.webp,#ee6718,#fad5be,True,2025-04-06 07:49:33.312+00,2025-05-24 19:41:28.143+00,true
2455,"A Little Bit Wicked: Life, Love, and Faith in Stages",Kristin Chenoweth,False,65,NULL,NULL,{biography},2455.webp,#d98c97,#e4afb6,True,2025-04-06 07:49:33.313+00,2025-05-24 19:41:53.446+00,true
2457,You Are What You Love: The Spiritual Power of Habit,James K.A. Smith,False,70,NULL,NULL,{spiritual},2457.webp,#f9c198,#e0ae89,False,2025-04-06 07:49:33.315+00,2025-05-24 19:42:29.756+00,true
2417,Dirt: The Erosion of Civilizations,David R. Montgomery,False,70,9780520248700,295,"{educational,historical}",2417.webp,#90420d,#e0cabb,True,2025-04-06 07:49:33.27+00,2025-05-24 19:39:28.994+00,true
2438,A Treatise of Human Nature,David Hume,False,90,9780198751724,688,"{classic,foundational}",2438.webp,#ddb667,#e7cc95,True,2025-04-06 07:49:33.293+00,2025-04-27 08:25:42.924+00,true
2466,This Divided Island: Stories from the Sri Lankan War,Samanth Subramanian,False,70,9781250069740,336,"{historical,society}",2466.webp,#ef7767,#fbd9d5,True,2025-04-06 07:49:33.325+00,2025-05-24 19:43:16.852+00,true
2465,A Shot of Faith (to the Head): Be a Confident Believer in an Age of Cranky Atheists,Mitch Stokes,False,60,9781595554468,272,"{religion,philosophy}",2465.webp,NULL,NULL,NULL,2025-04-06 07:49:33.324+00,2025-04-26 14:46:21.056+00,true
2468,Caesar: Life of a Colossus,Adrian Goldsworthy,False,75,9780300120486,592,"{biography,historical}",2468.webp,#ad3e0f,#e8c9bc,True,2025-04-06 07:49:33.327+00,2025-05-24 19:43:23.646+00,true
2467,Know that I am God,P. Ritwik,False,50,NULL,NULL,{religion},2467.webp,NULL,NULL,NULL,2025-04-06 07:49:33.326+00,2025-04-26 14:46:21.062+00,true
2470,The Complete Dead Sea Scrolls in English,Géza Vermes,False,80,9780141197319,720,"{historical,religion}",2470.webp,#4c7162,#cdd7d3,True,2025-04-06 07:49:33.329+00,2025-05-24 19:43:30.989+00,true
2475,First Man: The Life of Neil A. Armstrong,James R. Hansen,False,85,9781476727813,784,"{biography,influential}",2475.webp,#273f4b,#c3c9cd,True,2025-04-06 07:49:33.335+00,2025-05-24 19:43:45.854+00,true
2476,The Only Plane in the Sky: An Oral History of 9/11,Garrett M. Graff,False,80,9781501182211,512,"{historical,society}",2476.webp,#003755,#b8c7cf,True,2025-04-06 07:49:33.336+00,2025-05-24 19:43:52.595+00,true
2483,"The Black Count: Glory, Revolution, Betrayal, and the Real Count of Monte Cristo",Tom Reiss,False,75,9780307382474,414,"{award-winning,historical}",2483.webp,#b45237,#eacfc7,True,2025-04-06 07:49:33.343+00,2025-05-24 19:44:05.813+00,true
2485,Reclaim Your Heart: Personal Insights on Breaking Free from Life's Shackles,Yasmin Mogahed,False,80,9780985751203,192,"{self-improvement,motivational}",2485.webp,#2d6f77,#c4d7d9,True,2025-04-06 07:49:33.346+00,2025-05-24 19:44:14.719+00,true
2484,A Dance in the Woods: A Mother's Insight,Janet K. Brennan,False,30,NULL,NULL,{parenting},2484.webp,NULL,NULL,NULL,2025-04-06 07:49:33.344+00,2025-04-26 14:46:21.106+00,true
2486,My Place,Sally Morgan,False,70,9780949206312,358,"{biography,influential}",2486.webp,#d86d29,#f4d6c3,True,2025-04-06 07:49:33.347+00,2025-05-24 19:44:31.759+00,true
2487,Phantoms in the Brain: Probing the Mysteries of the Human Mind,V.S. Ramachandran,False,85,9780688172176,328,"{psychology,science}",2487.webp,#c08b2f,#eddfc5,True,2025-04-06 07:49:33.348+00,2025-05-24 19:44:47.271+00,true
2491,Skin in the Game: The Hidden Asymmetries in Daily Life,Nassim Nicholas Taleb,False,85,9780425284629,304,"{influential,economics}",2491.webp,#699c8f,#d5e3e0,True,2025-04-06 07:49:33.353+00,2025-05-24 19:44:59.437+00,true
2488,Disabling Professions,Ivan Illich,False,60,NULL,96,"{educational,society}",2488.webp,NULL,NULL,NULL,2025-04-06 07:49:33.35+00,2025-04-26 14:46:21.118+00,true
2490,PRAYERS & POETRY,Rashawn Johnson,False,20,NULL,NULL,"{poetry,religion}",2490.webp,NULL,NULL,NULL,2025-04-06 07:49:33.352+00,2025-04-26 14:46:21.124+00,true
2495,Reagan: The Life,H.W. Brands,False,80,9780385536394,816,"{biography,politics}",2495.webp,#b57a48,#eadacc,True,2025-04-06 07:49:33.358+00,2025-05-24 19:45:40.921+00,true
2497,Lean Thinking: Banish Waste and Create Wealth in Your Corporation,James P. Womack,False,85,9780743249270,400,"{business,management}",2497.webp,#ffce3e,#e6b938,False,2025-04-06 07:49:33.36+00,2025-05-24 19:45:59.736+00,true
2498,"Mistakes Were Made, but Not by Me: Why We Justify Foolish Beliefs, Bad Decisions, and Hurtful Acts",Carol Tavris,False,80,9780151010981,304,"{psychology,self-improvement}",2498.webp,#d6331b,#f3c6bf,True,2025-04-06 07:49:33.361+00,2025-05-24 19:46:05.978+00,true
2499,Midnight in Chernobyl: The Untold Story of the World's Greatest Nuclear Disaster,Adam Higginbotham,False,85,9781501134616,560,"{historical,science}",2499.webp,#000d18,#b8bbbe,True,2025-04-06 07:49:33.362+00,2025-05-24 19:46:14.541+00,true
2503,John Lennon: The Life,Philip Norman,False,80,NULL,NULL,"{biography,influential}",2503.webp,#204770,#c1cbd7,True,2025-04-06 07:49:33.367+00,2025-05-24 19:46:21.262+00,true
2505,The New Drawing on the Right Side of the Brain,Betty Edwards,False,75,NULL,NULL,"{educational,creativity}",2505.webp,#b3aed6,#cac6e2,True,2025-04-06 07:49:33.369+00,2025-05-24 19:46:27.604+00,true
2502,The Theory and Practice of Hell,Eugen Kogon,False,60,NULL,NULL,{historical},2502.webp,NULL,NULL,NULL,2025-04-06 07:49:33.365+00,2025-04-26 14:46:21.153+00,true
2464,My American Journey,Colin Powell,False,85,9780345466419,656,"{biography,influential}",2464.webp,#092642,#bac2ca,True,2025-04-06 07:49:33.323+00,2025-05-24 19:43:11.221+00,true
2462,"Tough Times Never Last, But Tough People Do!",Robert H. Schuller,False,80,9780553273328,240,"{motivational,self-improvement}",2462.webp,#ad1f0e,#e8c0bb,True,2025-04-06 07:49:33.32+00,2025-05-24 19:42:56.462+00,true
2509,One: The Power of One Step,Kellie McNabb,False,60,NULL,NULL,{motivational},2509.webp,NULL,NULL,NULL,2025-04-06 07:49:33.373+00,2025-04-26 14:46:21.167+00,true
2521,The Shadow of the Sun,Ryszard Kapuściński,False,75,NULL,336,"{influential,historical}",2521.webp,#7ab8dc,#a2cde7,True,2025-04-06 07:49:33.387+00,2025-05-24 19:47:22.244+00,true
2523,Radical Candor: Be a Kickass Boss Without Losing Your Humanity,Kim Malone Scott,False,85,9781250103505,272,"{bestseller,motivational}",2523.webp,#c23713,#eec7bd,True,2025-04-06 07:49:33.39+00,2025-05-24 19:47:28.287+00,true
2524,La educación de Henry Adams,Henry Adams,False,65,NULL,519,"{classic,historical}",2524.webp,#e95d45,#f9d2cb,True,2025-04-06 07:49:33.391+00,2025-05-24 19:47:39.415+00,true
2529,Selected Poems,W.H. Auden,False,70,NULL,384,"{classic,poetry}",2529.webp,#cda1c4,#dcbdd6,True,2025-04-06 07:49:33.397+00,2025-05-24 19:47:46.657+00,true
2530,And Still I Rise,Maya Angelou,False,85,9780679457087,64,"{classic,poetry,influential}",2530.webp,#b92a4b,#ebc3cd,True,2025-04-06 07:49:33.398+00,2025-05-24 19:47:58.952+00,true
2531,Where Men Win Glory: The Odyssey of Pat Tillman,Jon Krakauer,False,80,9780385522267,416,"{bestseller,historical}",2531.webp,#6b2e2c,#d5c5c4,True,2025-04-06 07:49:33.399+00,2025-05-24 19:48:05.41+00,true
2532,Four Quartets,T.S. Eliot,False,75,9780156332255,64,"{classic,poetry}",2532.webp,#b69cc5,#ccbad6,True,2025-04-06 07:49:33.401+00,2025-05-24 19:48:14.457+00,true
2537,Hard Choices,Hillary Rodham Clinton,False,85,9781476751443,656,"{bestseller,political}",2537.webp,#0e2532,#bbc2c6,True,2025-04-06 07:49:33.406+00,2025-05-24 19:48:27.842+00,true
2533,The autobiography of Howard Spring;,Howard Spring,False,50,NULL,NULL,{niche},2533.webp,NULL,NULL,NULL,2025-04-06 07:49:33.402+00,2025-04-26 14:46:21.228+00,true
2547,Genome: The Autobiography of a Species in 23 Chapters,Matt Ridley,False,85,9780060894085,344,"{science,educational}",2547.webp,#0b2235,#bbc1c7,True,2025-04-06 07:49:33.417+00,2025-05-24 19:48:55.377+00,true
2538,The Path to Tyranny: A History of Free Society's Descent into Tyranny,Michael E. Newton,False,60,NULL,320,{historical},2538.webp,NULL,NULL,NULL,2025-04-06 07:49:33.408+00,2025-04-26 14:46:21.24+00,true
2544,"Stories of Music, Volume 1",Holly E. Tripp,False,50,NULL,300,"{music,anthology}",2544.webp,NULL,NULL,NULL,2025-04-06 07:49:33.414+00,2025-04-26 14:46:21.256+00,true
2548,The Happiness of Pursuit: Finding the Quest That Will Bring Purpose to Your Life,Chris Guillebeau,False,75,9780385348843,304,"{motivational,self-improvement}",2548.webp,#687d8f,#d5dbe0,True,2025-04-06 07:49:33.418+00,2025-05-24 19:49:02.824+00,true
2546,The Book of Houdini,Harry Houdini,False,60,NULL,200,"{magic,biography}",2546.webp,NULL,NULL,NULL,2025-04-06 07:49:33.416+00,2025-04-26 14:46:21.262+00,true
2549,The Transitional Program for Socialist Revolution,Leon Trotsky,False,70,NULL,100,"{political,historical}",2549.webp,#d43d20,#f3c9c1,True,2025-04-06 07:49:33.42+00,2025-05-24 19:49:09.077+00,true
2550,Mark Twain: A Life,Ron Powers,False,65,9780743249010,752,"{biography,historical}",2550.webp,#e2600c,#f7d3bb,True,2025-04-06 07:49:33.421+00,2025-05-24 19:49:33.571+00,true
2551,"Furious Hours: Murder, Fraud, and the Last Trial of Harper Lee",Casey Cep,False,80,9781101972052,336,"{historical,crime}",2551.webp,#2a151e,#c3bdc0,True,2025-04-06 07:49:33.422+00,2025-05-24 19:49:39.751+00,true
2552,Does the Noise in My Head Bother You?,Steven Tyler,False,70,9780061767890,400,"{biography,music}",2552.webp,#f54f2a,#fccec3,True,2025-04-06 07:49:33.423+00,2025-05-24 19:49:46.475+00,true
2519,Happy Accidents: A Memoir,Jane Lynch,False,75,NULL,NULL,"{biography,influential}",2519.webp,#3dbfba,#c9edec,True,2025-04-06 07:49:33.385+00,2025-05-24 19:47:10.671+00,true
2507,"Where the Wild Things Were: Life, Death, and Ecological Wreckage in a Land of Vanishing Predators",William Stolzenburg,False,65,NULL,NULL,{environmental},2507.webp,#3e3e56,#c9c9d0,True,2025-04-06 07:49:33.371+00,2025-05-24 19:46:48.649+00,true
2561,Imagine: How Creativity Works,Jonah Lehrer,False,65,9780547386072,279,"{creativity,educational}",2561.webp,#62a9b6,#d3e7eb,True,2025-04-06 07:49:33.433+00,2025-05-24 19:51:08.273+00,true
2565,Fermat's Enigma,Simon Singh,False,80,9780385493628,315,"{educational,science}",2565.webp,#425361,#cacfd3,True,2025-04-06 07:49:33.438+00,2025-05-24 19:51:14.276+00,true
2570,"Nudge: Improving Decisions About Health, Wealth, and Happiness",Richard H. Thaler,False,90,9780143115267,312,"{bestseller,influential,educational}",2570.webp,#01252d,#b8c2c4,True,2025-04-06 07:49:33.444+00,2025-04-27 08:26:31.67+00,true
2569,Black Lamb and Grey Falcon,Rebecca West,False,80,9780143104902,1150,"{historical,classic}",2569.webp,#3d2825,#c9c3c2,True,2025-04-06 07:49:33.443+00,2025-05-24 19:51:49.628+00,true
2571,From the Holy Mountain: A Journey Among the Christians of the Middle East,William Dalrymple,False,70,9780805061772,512,"{historical,educational}",2571.webp,#3d1d69,#c9c0d5,True,2025-04-06 07:49:33.445+00,2025-05-24 19:52:07.398+00,true
2590,Wild: From Lost to Found on the Pacific Crest Trail,Cheryl Strayed,False,90,9780307476074,315,"{bestseller,adapted-to-film,motivational}",2590.webp,#f88e2f,#fab06d,True,2025-04-06 07:49:33.467+00,2025-04-27 08:27:01.288+00,true
2579,"The Inklings: C.S. Lewis, J.R.R. Tolkien, Charles Williams, and Their Friends",Humphrey Carpenter,False,75,9780395285565,304,"{historical,educational}",2579.webp,#355173,#c7ced8,True,2025-04-06 07:49:33.454+00,2025-05-24 19:52:29.277+00,true
2581,The Shallows: What the Internet is Doing to Our Brains,Nicholas Carr,False,75,NULL,NULL,"{educational,influential}",2581.webp,#97d8b7,#b6e4cd,True,2025-04-06 07:49:33.456+00,2025-05-24 19:52:39.693+00,true
2583,How I Found Freedom in an Unfree World: A Handbook for Personal Liberty,Harry Browne,False,70,NULL,NULL,"{self-improvement,motivational}",2583.webp,#72b29c,#d7e9e3,True,2025-04-06 07:49:33.459+00,2025-05-24 19:52:51.961+00,true
2591,In Defense of Food: An Eater's Manifesto,Michael Pollan,False,85,9780143114963,256,"{influential,educational}",2591.webp,#80a17c,#dbe5da,True,2025-04-06 07:49:33.469+00,2025-05-24 19:53:20.856+00,true
2555,Napalm & Silly Putty,George Carlin,False,70,9780786887583,269,"{humor,""social commentary""}",2555.webp,#d7421f,#f4cac0,True,2025-04-06 07:49:33.426+00,2025-05-24 19:50:11.668+00,true
2592,"Firestarters: How Innovators, Instigators, and Initiators Can Inspire You to Ignite Your Own Life",Raoul Davis Jr.,False,50,NULL,240,"{motivational,self-improvement}",2592.webp,NULL,NULL,NULL,2025-04-06 07:49:33.47+00,2025-04-26 14:46:21.388+00,true
2562,Eat That Frog!: 21 Great Ways to Stop Procrastinating and Get More Done in Less Time,Brian Tracy,False,85,9781576754221,144,"{self-improvement,motivational,bestseller}",2562.webp,#548867,#cfded5,True,2025-04-06 07:49:33.435+00,2025-04-27 08:26:02.755+00,true
2559,Tortured for Christ,Richard Wurmbrand,False,75,9780882640006,172,"{religion,inspirational}",2559.webp,#515b61,#ced1d3,True,2025-04-06 07:49:33.431+00,2025-05-24 19:50:35.323+00,true
2600,What Happened,Hillary Rodham Clinton,False,85,9781501175565,512,"{bestseller,political}",2600.webp,NULL,NULL,NULL,2025-04-06 07:49:33.479+00,2025-04-26 14:46:21.41+00,true
2610,An Inquiry into the Nature and Causes of the Wealth of Nations,Adam Smith,False,90,978-0199535927,1264,"{classic,foundational}",2610.webp,#892c1d,#dec4c0,True,2025-04-06 07:49:33.49+00,2025-05-01 14:06:44.844+00,true
2604,All I Really Need to Know I Learned in Kindergarten,Robert Fulghum,False,85,9780345466396,240,"{bestseller,motivational}",2604.webp,NULL,NULL,NULL,2025-04-06 07:49:33.484+00,2025-04-26 14:46:21.44+00,true
2611,"Superintelligence: Paths, Dangers, Strategies",Nick Bostrom,False,80,978-0199678112,352,"{influential,educational}",2611.webp,#164049,#bec9cc,True,2025-04-06 07:49:33.491+00,2025-05-24 19:53:41.352+00,true
2617,A Long Way Gone: Memoirs of a Boy Soldier,Ishmael Beah,False,85,978-0374531263,240,"{award-winning,historical}",2617.webp,#cf5608,#f1d0ba,True,2025-04-06 07:49:33.498+00,2025-05-24 19:54:08.055+00,true
2618,The Age of AI and Our Human Future,Henry Kissinger,False,70,978-0316273800,272,"{trending,educational}",2618.webp,#022a54,#b8c3cf,True,2025-04-06 07:49:33.499+00,2025-05-24 19:54:14.492+00,true
2625,Being and Time,Martin Heidegger,False,80,978-0061575594,589,"{philosophical,foundational}",2625.webp,#8d9594,#dfe1e1,True,2025-04-06 07:49:33.507+00,2025-05-24 19:54:47.023+00,true
2626,Good to Great: Why Some Companies Make the Leap... and Others Don't,Jim Collins,False,85,9780066620992,320,"{bestseller,influential}",2626.webp,#6a181d,#d5bec0,True,2025-04-06 07:49:33.508+00,2025-05-24 19:54:52.861+00,true
2622,The Guns of August,Barbara W. Tuchman,False,85,978-0345386236,640,"{award-winning,historical}",2622.webp,NULL,NULL,NULL,2025-04-06 07:49:33.504+00,2025-04-26 14:46:21.488+00,true
2636,Scary Smart: The Future of Artificial Intelligence and How You Can Save Our World,Mo Gawdat,False,70,9781529077181,256,"{technology,future}",2636.webp,#df2261,#f6c1d3,True,2025-04-06 07:49:33.519+00,2025-05-24 19:55:19.479+00,true
2638,We Should All Be Feminists,Chimamanda Ngozi Adichie,False,85,9781101911761,64,"{influential,short-read}",2638.webp,#c7a6ca,#d8c1da,True,2025-04-06 07:49:33.522+00,2025-05-24 19:55:38.466+00,true
2627,Co-Intelligence: Living and Working with AI,Ethan Mollick,False,60,NULL,NULL,"{technology,future}",2627.webp,NULL,NULL,NULL,2025-04-06 07:49:33.509+00,2025-04-26 14:46:21.499+00,true
2632,How to Hack Back Your Mind: Reclaim Control Over Your Life,Ramzi Najjar,False,55,NULL,NULL,"{self-improvement,motivational}",2632.webp,NULL,NULL,NULL,2025-04-06 07:49:33.515+00,2025-04-26 14:46:21.514+00,true
2639,Fierce Love: Creating a Love that Lasts—One Conversation at a Time,Susan Scott,False,60,NULL,NULL,"{relationships,self-improvement}",2639.webp,NULL,NULL,NULL,2025-04-06 07:49:33.523+00,2025-04-26 14:46:21.531+00,true
2606,The World Is Flat: A Brief History of the Twenty-first Century,Thomas L. Friedman,False,85,978-0374292881,672,"{influential,educational}",2606.webp,#a3c7a7,#bfd8c1,True,2025-04-06 07:49:33.486+00,2025-05-24 19:53:35.295+00,true
2603,The Power of Habit: Why We Do What We Do in Life and Business,Charles Duhigg,False,90,9780812981605,371,"{bestseller,self-improvement}",2603.webp,#453a95,#cbc8e1,True,2025-04-06 07:49:33.482+00,2025-05-01 14:06:28.732+00,true
2648,The Hot Zone: The Terrifying True Story of the Origins of the Ebola Virus,Richard Preston,False,75,9780385479561,420,"{historical,educational}",2648.webp,#0d9c9e,#bbe3e4,True,2025-04-06 07:49:33.534+00,2025-05-24 19:56:15.652+00,true
2651,Look Me in the Eye,John Elder Robison,False,70,9780307396181,320,"{biography,influential}",2651.webp,#1d7871,#c0d9d7,True,2025-04-06 07:49:33.538+00,2025-05-24 19:56:36.265+00,true
2659,Principles: Life and Work,Ray Dalio,False,90,9781501124020,592,"{bestseller,motivational}",2659.webp,#1a1414,#bfbdbd,True,2025-04-06 07:49:33.547+00,2025-05-01 14:07:35.626+00,true
2655,To Hell and Back,Audie Murphy,False,75,9780805070866,288,"{historical,biography}",2655.webp,#495d53,#ccd2cf,True,2025-04-06 07:49:33.542+00,2025-05-24 19:56:43.145+00,true
2653,The Invention of Religion,Alexander Drake,False,50,NULL,NULL,{niche},2653.webp,NULL,NULL,NULL,2025-04-06 07:49:33.54+00,2025-04-26 14:46:21.566+00,true
2658,The Highly Sensitive Person: How to Thrive When the World Overwhelms You,Elaine N. Aron,False,80,9780553062182,251,"{self-improvement,influential}",2658.webp,#037380,#b9d8db,True,2025-04-06 07:49:33.546+00,2025-05-24 19:57:08.883+00,true
2663,Smart Brevity: The Power of Saying More with Less,Jim Vandehei,False,65,9781523516971,224,{educational},2663.webp,#f8ce28,#fadd69,True,2025-04-06 07:49:33.551+00,2025-05-24 19:57:32.46+00,true
2664,Lone Survivor: The Eyewitness Account of Operation Redwing and the Lost Heroes of SEAL Team 10,Marcus Luttrell,False,80,9780316067591,390,"{historical,biography}",2664.webp,#31230c,#c5c1bb,True,2025-04-06 07:49:33.552+00,2025-05-24 19:57:38.57+00,true
2669,"The Body Keeps the Score: Brain, Mind, and Body in the Healing of Trauma",Bessel van der Kolk,False,90,9780143127741,464,"{psychology,bestseller}",2669.webp,#3c6362,#c9d3d3,True,2025-04-06 07:49:33.558+00,2025-05-01 14:07:41.694+00,true
2660,"Vision to Reality: Stop Working, Start Living",Curtis L. Jenkins,False,60,NULL,NULL,{motivational},2660.webp,NULL,NULL,NULL,2025-04-06 07:49:33.548+00,2025-04-26 14:46:21.584+00,true
2661,The Fire Next Time,James Baldwin,False,85,9780679744726,128,"{classic,influential}",2661.webp,NULL,NULL,NULL,2025-04-06 07:49:33.549+00,2025-04-26 14:46:21.587+00,true
2667,The Stranger Beside Me: Ted Bundy: The Shocking Inside Story,Ann Rule,False,80,9780451164930,560,"{""true crime"",bestseller}",2667.webp,#7d0f0a,#dbbcbb,True,2025-04-06 07:49:33.556+00,2025-05-24 19:57:45.502+00,true
2668,Flags of Our Fathers,James D. Bradley,False,75,9780553384154,576,"{historical,adapted-to-film}",2668.webp,#13171f,#bdbec0,True,2025-04-06 07:49:33.557+00,2025-05-24 19:57:54.089+00,true
2665,Living the Best Day Ever,Hendri Coetzee,False,60,NULL,NULL,{inspirational},2665.webp,NULL,NULL,NULL,2025-04-06 07:49:33.553+00,2025-04-26 14:46:21.595+00,true
2666,Einstein: His Life and Universe,Walter Isaacson,False,85,9780743264747,704,"{biography,influential}",2666.webp,NULL,NULL,NULL,2025-04-06 07:49:33.555+00,2025-04-26 14:46:21.598+00,true
2670,Hold Me Tight: Seven Conversations for a Lifetime of Love,Sue Johnson,False,70,9780316113007,320,"{relationships,self-improvement}",2670.webp,#f86854,#fdd5cf,True,2025-04-06 07:49:33.559+00,2025-05-24 19:58:08.716+00,true
2674,Homage to Catalonia,George Orwell,False,80,9780156421171,232,"{classic,historical}",2674.webp,#c03623,#edc7c1,True,2025-04-06 07:49:33.563+00,2025-05-24 19:58:22.531+00,true
2645,Not Without My Daughter,Betty Mahmoody,False,80,9780312925888,432,"{biography,inspirational}",2645.webp,#f57b24,#fcdac2,True,2025-04-06 07:49:33.531+00,2025-05-24 19:56:02.661+00,true
2676,Anger: Wisdom for Cooling the Flames,Thich Nhat Hanh,False,75,9781573229371,240,"{mindfulness,self-improvement}",2676.webp,#d43000,#f3c5b8,True,2025-04-06 07:49:33.566+00,2025-05-24 19:58:29.365+00,true
2671,Floating in Darkness - A Journey of Evolution,Ron Garan,False,60,9781544519681,320,"{space,inspirational}",2671.webp,NULL,NULL,NULL,2025-04-06 07:49:33.56+00,2025-04-26 14:46:21.613+00,true
2672,1776,David McCullough,False,85,9780743226721,386,"{historical,bestseller}",2672.webp,NULL,NULL,NULL,2025-04-06 07:49:33.561+00,2025-04-26 14:46:21.615+00,true
2680,Letter to a Christian Nation,Sam Harris,False,75,9780307278777,112,"{philosophy,religion}",2680.webp,#b51d11,#eac0bc,True,2025-04-06 07:49:33.571+00,2025-05-24 19:58:35.512+00,true
2675,The Light We Carry: Overcoming in Uncertain Times,Michelle Obama,False,85,9780593237465,336,"{inspirational,bestseller}",2675.webp,NULL,NULL,NULL,2025-04-06 07:49:33.565+00,2025-04-26 14:46:21.621+00,true
2683,Traveling Mercies: Some Thoughts on Faith,Anne Lamott,False,70,9780385496094,275,"{faith,memoir}",2683.webp,#c0a3ce,#d3bfdd,True,2025-04-06 07:49:33.574+00,2025-05-24 19:58:42.123+00,true
2685,Ways of Seeing,John Berger,False,80,9780140135152,176,"{art,philosophy}",2685.webp,#b86531,#ebd4c5,True,2025-04-06 07:49:33.576+00,2025-05-24 19:58:59.683+00,true
2681,Predictably Irrational: The Hidden Forces That Shape Our Decisions,Dan Ariely,False,85,9780061353246,384,"{psychology,bestseller}",2681.webp,NULL,NULL,NULL,2025-04-06 07:49:33.572+00,2025-04-26 14:46:21.635+00,true
2682,The Gettysburg Address,Abraham Lincoln,False,95,NULL,3,"{historical,classic}",2682.webp,NULL,NULL,NULL,2025-04-06 07:49:33.573+00,2025-04-26 14:46:21.638+00,true
2646,Why We Sleep: Unlocking the Power of Sleep and Dreams,Matthew Walker,False,85,9781501144318,368,"{educational,influential}",2646.webp,#1d2a49,#c0c3cc,True,2025-04-06 07:49:33.532+00,2025-05-24 19:56:09.43+00,true
2649,"Men Are from Mars, Women Are from Venus",John Gray,False,90,9780060574215,368,"{bestseller,self-improvement}",2649.webp,#bf4967,#edccd5,True,2025-04-06 07:49:33.535+00,2025-05-01 14:07:21.454+00,true
2690,Get Rich or Get Lucky,Max Nowaz,False,40,NULL,NULL,{economics},2690.webp,NULL,NULL,NULL,2025-04-06 07:49:33.582+00,2025-04-26 14:46:21.656+00,true
2691,The You Beyond You - The Knowledge of the Willing,Ramzi Najjar,False,55,NULL,NULL,{self-improvement},2691.webp,NULL,NULL,NULL,2025-04-06 07:49:33.583+00,2025-04-26 14:46:21.658+00,true
2695,As a Man Thinketh,James Allen,False,85,9781585426386,68,"{classic,motivational}",2695.webp,NULL,NULL,NULL,2025-04-06 07:49:33.587+00,2025-04-26 14:46:21.667+00,true
2696,Blind Pony: As True A Story As I Can Tell,Samantha Hart,False,50,NULL,NULL,{biography},2696.webp,NULL,NULL,NULL,2025-04-06 07:49:33.588+00,2025-04-26 14:46:21.67+00,true
2707,Power And Prediction: The Disruptive Economics of Artificial Intelligence,Ajay Agrawal,False,70,NULL,NULL,"{technology,economics}",2707.webp,#23205a,#c1c1d1,True,2025-04-06 07:49:33.6+00,2025-05-24 19:59:49.395+00,true
2698,Just Mercy,Bryan Stevenson,False,88,9780812984965,368,"{award-winning,influential}",2698.webp,NULL,NULL,NULL,2025-04-06 07:49:33.59+00,2025-04-26 14:46:21.676+00,true
2717,Catherine the Great: Portrait of a Woman,Robert K. Massie,False,88,NULL,NULL,"{biography,historical}",2717.webp,#203d43,#c1c9ca,True,2025-04-06 07:49:33.612+00,2025-05-01 14:07:58.534+00,true
2702,"Pro Leadership: Establishing Your Credibility, Building Your Following and Leading With Impact",Andrew Wyatt,False,60,NULL,NULL,{leadership},2702.webp,NULL,NULL,NULL,2025-04-06 07:49:33.595+00,2025-04-26 14:46:21.693+00,true
2703,The 4-Hour Workweek,Timothy Ferriss,False,92,9780307465351,308,"{bestseller,motivational}",2703.webp,NULL,NULL,NULL,2025-04-06 07:49:33.596+00,2025-04-26 14:46:21.696+00,true
2704,The Invisible Game: The Mindset of a Winning Team,Zoltan Andrejkovics,False,55,NULL,NULL,{teamwork},2704.webp,NULL,NULL,NULL,2025-04-06 07:49:33.597+00,2025-04-26 14:46:21.699+00,true
2718,The Power of Regret: How Looking Backward Moves Us Forward,Daniel H. Pink,False,75,NULL,NULL,"{self-improvement,psychology}",2718.webp,#179494,#bee1e1,True,2025-04-06 07:49:33.613+00,2025-05-24 20:00:08.555+00,true
2710,"Triumph: Life on the Other Side of Trials, Transplants, Transition and Transformation",Gregory S. Works,False,60,NULL,NULL,"{biography,inspirational}",2710.webp,NULL,NULL,NULL,2025-04-06 07:49:33.603+00,2025-04-26 14:46:21.714+00,true
2714,Mere Christianity and The Screwtape Letters,C.S. Lewis,False,95,NULL,NULL,"{classic,religion}",2714.webp,NULL,NULL,NULL,2025-04-06 07:49:33.608+00,2025-04-26 14:46:21.724+00,true
2716,Bad Science,Ben Goldacre,False,85,NULL,NULL,"{science,educational}",2716.webp,NULL,NULL,NULL,2025-04-06 07:49:33.611+00,2025-04-26 14:46:21.73+00,true
2697,An Inconvenient Truth: The Planetary Emergency of Sustainability,Bill Mesce Jr.,False,70,NULL,NULL,{environmental},2697.webp,#605b50,#d3d1ce,True,2025-04-06 07:49:33.589+00,2025-05-24 19:59:34.923+00,true
2723,The Gift of Fear: Survival Signals That Protect Us from Violence,Gavin de Becker,False,80,NULL,NULL,"{self-improvement,psychology}",2723.webp,#002039,#b8c1c7,True,2025-04-06 07:49:33.619+00,2025-05-24 20:00:21.923+00,true
2720,Animal Liberation,Peter Singer,False,90,NULL,NULL,"{influential,philosophy}",2720.webp,NULL,NULL,NULL,2025-04-06 07:49:33.615+00,2025-04-26 14:46:21.742+00,true
2721,The Ride of a Lifetime,Bob Iger,False,85,NULL,NULL,"{biography,business}",2721.webp,NULL,NULL,NULL,2025-04-06 07:49:33.616+00,2025-04-26 14:46:21.746+00,true
2726,Team of Rivals: The Political Genius of Abraham Lincoln,Doris Kearns Goodwin,False,85,9780743270755,916,"{award-winning,historical}",2726.webp,#495359,#cccfd1,True,2025-04-06 07:49:33.622+00,2025-05-24 20:00:28.328+00,true
2725,Killers of the Flower Moon: The Osage Murders and the Birth of the FBI,David Grann,False,85,NULL,NULL,"{historical,""true crime""}",2725.webp,NULL,NULL,NULL,2025-04-06 07:49:33.621+00,2025-04-26 14:46:21.757+00,true
2729,Empire of Pain: The Secret History of the Sackler Dynasty,Patrick Radden Keefe,False,82,9780385545686,560,"{award-winning,historical}",2729.webp,#061827,#b9bec3,True,2025-04-06 07:49:33.626+00,2025-05-24 20:00:34.297+00,true
2731,Born a Crime: Stories From a South African Childhood,Trevor Noah,False,92,9780399588198,304,"{bestseller,award-winning}",2731.webp,NULL,NULL,NULL,2025-04-06 07:49:33.628+00,2025-04-26 14:46:21.772+00,true
2689,The Power of Dao: A Timeless Guide to Happiness and Harmony,Lou Marinoff,False,60,NULL,NULL,"{philosophy,self-improvement}",2689.webp,NULL,NULL,NULL,2025-04-06 07:49:33.581+00,2025-04-26 14:46:21.653+00,true
2699,21 Lessons for the 21st Century,Yuval Noah Harari,False,90,9780525512172,372,"{bestseller,influential}",2699.webp,#fcdebe,#e3c8ab,False,2025-04-06 07:49:33.591+00,2025-05-01 14:07:51.47+00,true
2738,Rights of Man,Thomas Paine,False,85,9780140390155,304,"{classic,influential}",2738.webp,#f9e1c2,#e0cbaf,False,2025-04-06 07:49:33.637+00,2025-05-24 20:00:59.835+00,true
2741,The Wretched of the Earth,Frantz Fanon,False,85,9780802141323,320,"{classic,influential}",2741.webp,#b85742,#ebd0ca,True,2025-04-06 07:49:33.641+00,2025-05-24 20:01:10.274+00,true
2742,Half the Sky: Turning Oppression into Opportunity for Women Worldwide,Nicholas D. Kristof,False,88,9780307387097,320,"{bestseller,influential}",2742.webp,#6d3f79,#d6c9d9,True,2025-04-06 07:49:33.642+00,2025-05-01 14:08:39.555+00,true
2746,Just Kids,Patti Smith,False,80,9780060936228,320,"{award-winning,biography}",2746.webp,#c1513a,#eecec8,True,2025-04-06 07:49:33.647+00,2025-05-24 20:01:23.408+00,true
2750,Homo Deus: A History of Tomorrow,Yuval Noah Harari,False,90,9780062464316,449,"{bestseller,influential}",2750.webp,#052d35,#b9c4c7,True,2025-04-06 07:49:33.651+00,2025-05-01 14:08:46.728+00,true
2751,"Elon Musk: Tesla, SpaceX, and the Quest for a Fantastic Future",Ashlee Vance,False,85,9780062301239,400,"{bestseller,biography}",2751.webp,#040f1b,#b9bcbf,True,2025-04-06 07:49:33.652+00,2025-05-24 20:01:42.497+00,true
2745,Who Has Buried the Dead?: From Stalin to Putin … The last great secret of World War Two,K.G.E. Konkel,False,50,NULL,NULL,{historical},2745.webp,NULL,NULL,NULL,2025-04-06 07:49:33.645+00,2025-04-26 14:46:21.808+00,true
2753,Hope: A Memoir of Survival in Cleveland,Amanda Berry,False,70,9780525427650,320,"{biography,inspirational}",2753.webp,#338b81,#c6dfdc,True,2025-04-06 07:49:33.654+00,2025-05-24 20:01:48.036+00,true
2752,"Zero to One: Notes on Startups, or How to Build the Future",Peter Thiel,False,88,9780804139298,224,"{bestseller,entrepreneurship}",2752.webp,#001434,#b8bdc6,True,2025-04-06 07:49:33.653+00,2025-05-01 14:08:53.214+00,true
2755,"Limitless: Upgrade Your Brain, Learn Anything Faster, and Unlock Your Exceptional Life",Jim Kwik,False,75,9781401958237,344,"{self-improvement,motivational}",2755.webp,#255672,#c2d0d7,True,2025-04-06 07:49:33.657+00,2025-05-24 20:01:54.171+00,true
2762,Influence: The Psychology of Persuasion,Robert B. Cialdini,False,90,9780061241895,320,"{bestseller,educational}",2762.webp,#e54528,#f8cbc3,True,2025-04-06 07:49:33.665+00,2025-05-01 14:09:00.829+00,true
2756,"Finding Me: A Decade of Darkness, a Life Reclaimed - A Memoir of the Cleveland Kidnappings",Michelle Knight,False,70,9781602862562,280,"{biography,inspirational}",2756.webp,#703b23,#d7c8c1,True,2025-04-06 07:49:33.658+00,2025-05-24 20:02:00.074+00,true
2757,The Decline and Fall of the Roman Empire,Edward Gibbon,False,85,9780140437645,1232,"{classic,historical}",2757.webp,#b05d26,#e9d2c2,True,2025-04-06 07:49:33.659+00,2025-05-24 20:02:06.238+00,true
2758,Orange Is the New Black,Piper Kerman,False,85,9780385523394,327,"{bestseller,adapted-to-film}",2758.webp,#eee7e0,#d6d0ca,False,2025-04-06 07:49:33.66+00,2025-05-24 20:02:36.908+00,true
2763,We Were Soldiers Once... and Young: Ia Drang - The Battle that Changed the War in Vietnam,Harold G. Moore,False,80,9780345472649,480,"{historical,adapted-to-film}",2763.webp,#cf6f00,#f1d7b8,True,2025-04-06 07:49:33.666+00,2025-05-24 20:03:00.64+00,true
2767,Yes Please,Amy Poehler,False,75,9780062268358,329,"{bestseller,humor}",2767.webp,#ffa8b7,#ffc2cd,True,2025-04-06 07:49:33.67+00,2025-05-24 20:03:08.018+00,true
2735,A History of the World in 6 Glasses,Tom Standage,False,75,9780802715524,311,"{educational,historical}",2735.webp,#a2c8b8,#bed9cd,True,2025-04-06 07:49:33.634+00,2025-05-24 20:00:45.628+00,true
2770,Left to Tell: Discovering God Amidst the Rwandan Holocaust,Immaculée Ilibagiza,False,78,9781401908973,215,"{inspirational,historical}",2770.webp,#7cb49e,#daeae4,True,2025-04-06 07:49:33.674+00,2025-05-24 20:03:13.894+00,true
2764,The Case for Christ,Lee Strobel,False,75,9780310209300,304,"{religion,influential}",2764.webp,NULL,NULL,NULL,2025-04-06 07:49:33.667+00,2025-04-26 14:46:21.853+00,true
2772,Harriet Tubman: Imagining a Life,Beverly Lowry,False,65,9780385496074,432,"{historical,biography}",2772.webp,#caa4d5,#dabfe2,True,2025-04-06 07:49:33.676+00,2025-05-24 20:03:19.998+00,true
2771,The Duke of D.C.: The American Dream,James Allen Moseley,False,45,NULL,NULL,{politics},2771.webp,NULL,NULL,NULL,2025-04-06 07:49:33.675+00,2025-04-26 14:46:21.872+00,true
2737,Is Everyone Hanging Out Without Me?,Mindy Kaling,False,80,9780307886279,240,"{bestseller,humor}",2737.webp,#d12f39,#f2c5c7,True,2025-04-06 07:49:33.636+00,2025-05-24 20:00:52.909+00,true
2739,The Gifts of Imperfection,Brené Brown,False,90,9781592858491,160,"{bestseller,self-improvement}",2739.webp,#633b3f,#d3c8c9,True,2025-04-06 07:49:33.638+00,2025-05-01 14:08:32.175+00,true
2782,The Year of Magical Thinking,Joan Didion,False,85,9781400078431,227,"{award-winning,biography}",2782.webp,#d0c9c5,#bbb5b1,False,2025-04-06 07:49:33.687+00,2025-05-24 20:03:51.598+00,true
2785,Pelosi,Molly Ball,False,70,9781250252869,368,"{politics,biography}",2785.webp,#fbbd4e,#fcd183,True,2025-04-06 07:49:33.69+00,2025-05-24 20:04:00.14+00,true
2786,Evicted: Poverty and Profit in the American City,Matthew Desmond,False,85,9780553447453,432,"{award-winning,influential}",2786.webp,#f5eee1,#ddd6cb,False,2025-04-06 07:49:33.691+00,2025-05-24 20:04:23.879+00,true
2787,You Are Not So Smart,David McRaney,False,70,9781592407361,320,"{educational,psychology}",2787.webp,#f8894c,#faac82,True,2025-04-06 07:49:33.692+00,2025-05-24 20:04:30.226+00,true
2789,The Symposium,Plato,False,85,9780140449273,128,"{classic,philosophy}",2789.webp,#ede5d8,#d5cec2,False,2025-04-06 07:49:33.695+00,2025-05-24 20:04:43.863+00,true
2793,The Emperor of All Maladies: A Biography of Cancer,Siddhartha Mukherjee,False,90,9781439170915,592,"{award-winning,educational}",2793.webp,#eccf9d,#d4ba8d,False,2025-04-06 07:49:33.699+00,2025-05-01 14:09:29.701+00,true
2792,Steal Like an Artist: 10 Things Nobody Told You About Being Creative,Austin Kleon,False,80,9780761169253,160,"{creativity,motivational}",2792.webp,#3c3c3a,#c9c9c8,True,2025-04-06 07:49:33.698+00,2025-05-24 20:04:56.974+00,true
2794,Deep Work: Rules for Focused Success in a Distracted World,Cal Newport,False,85,9781455586691,304,"{self-improvement,motivational}",2794.webp,#1b2228,#bfc1c3,True,2025-04-06 07:49:33.701+00,2025-05-24 20:05:03.792+00,true
2808,The Feminine Mystique,Betty Friedan,False,90,9780393322576,592,"{classic,influential}",2808.webp,#47286b,#cbc3d5,True,2025-04-06 07:49:33.716+00,2025-05-01 14:09:43.874+00,true
2795,Last Chance to See,Douglas Adams,False,75,9780345371980,240,"{nature,environment}",2795.webp,#508c7c,#cedfda,True,2025-04-06 07:49:33.702+00,2025-05-24 20:05:10.017+00,true
2796,Apology,Plato,False,80,9780199540501,64,"{classic,philosophy}",2796.webp,#4c6e68,#cdd7d5,True,2025-04-06 07:49:33.703+00,2025-05-24 20:05:17.595+00,true
2797,Zeitoun,Dave Eggers,False,80,9781934781630,368,"{historical,influential}",2797.webp,#20445a,#c1cbd1,True,2025-04-06 07:49:33.704+00,2025-05-24 20:05:33.354+00,true
2800,My Story,Elizabeth Smart,False,75,9781250040152,320,"{biography,inspirational}",2800.webp,#e7b7c3,#eecdd5,True,2025-04-06 07:49:33.707+00,2025-05-24 20:05:59.006+00,true
2799,The Imitation of Christ,Thomas à Kempis,False,85,9780140440270,240,"{classic,religion}",2799.webp,NULL,NULL,NULL,2025-04-06 07:49:33.706+00,2025-04-26 14:46:21.946+00,true
2802,Poetics,Aristotle,False,80,9780140446364,144,"{classic,philosophy}",2802.webp,#ba542b,#eccfc4,True,2025-04-06 07:49:33.709+00,2025-05-24 20:06:05.839+00,true
2803,Waking the Tiger: Healing Trauma,Peter A. Levine,False,70,9781556432330,288,"{psychology,self-improvement}",2803.webp,#c35508,#eecfba,True,2025-04-06 07:49:33.711+00,2025-05-24 20:06:15.854+00,true
2806,What It is Like to Go to War,Karl Marlantes,False,70,9780802145925,272,"{historical,influential}",2806.webp,#d95833,#f4d0c6,True,2025-04-06 07:49:33.714+00,2025-05-24 20:06:23.727+00,true
2807,"Operation Pedestal: The Fleet That Battled to Malta, 1942",Max Hastings,False,65,9780062980151,400,{historical},2807.webp,#425361,#cacfd3,True,2025-04-06 07:49:33.715+00,2025-05-24 20:06:29.542+00,true
2810,Huée 1968: A Turning Point of the American War in Vietnam,Mark Bowden,False,75,9780802127006,608,{historical},2810.webp,#3a2208,#c8c1ba,True,2025-04-06 07:49:33.718+00,2025-05-24 20:06:47.642+00,true
2780,"The Coaching Habit: Say Less, Ask More & Change the Way You Lead Forever",Michael Bungay Stanier,False,78,9780978440749,242,"{self-improvement,leadership}",2780.webp,#60b5b8,#d3eaeb,True,2025-04-06 07:49:33.685+00,2025-05-24 20:03:45.843+00,true
2811,Surrounded by Idiots,Thomas Erikson,False,85,9781250179944,304,"{self-improvement,trending}",2811.webp,#faf3e9,#e1dbd2,False,2025-04-06 07:49:33.72+00,2025-05-24 20:06:54.473+00,true
2815,A Woman of No Importance: The Untold Story of the American Spy Who Helped Win World War II,Sonia Purnell,False,80,9780735225312,368,"{historical,award-winning}",2815.webp,#ce371e,#f1c7c0,True,2025-04-06 07:49:33.724+00,2025-05-24 20:07:09.672+00,true
2812,Praying the Bible,Donald S. Whitney,False,60,9781433547843,112,"{religion,short-read}",2812.webp,NULL,NULL,NULL,2025-04-06 07:49:33.721+00,2025-04-26 14:46:21.983+00,true
2814,Stolen Innocence,Elissa Wall,False,65,9780061628016,448,{biography},2814.webp,NULL,NULL,NULL,2025-04-06 07:49:33.723+00,2025-04-26 14:46:21.986+00,true
2816,"Speaking for Myself: Faith, Freedom, and the Fight of Our Lives Inside the Trump White House",Sarah Huckabee Sanders,False,70,9781250271334,288,{politics},2816.webp,#2c4d67,#c4cdd5,True,2025-04-06 07:49:33.726+00,2025-05-24 20:07:27.184+00,true
2817,Salt Sugar Fat: How the Food Giants Hooked Us,Michael Moss,False,85,9780812982190,480,"{influential,health}",2817.webp,#121211,#bdbdbc,True,2025-04-06 07:49:33.727+00,2025-05-24 20:07:42.658+00,true
2778,Transcending Depression: Quest Without a Compass,Larry Godwin,False,50,NULL,NULL,{psychology},2778.webp,NULL,NULL,NULL,2025-04-06 07:49:33.682+00,2025-04-26 14:46:22.001+00,true
2788,The Gulag Archipelago 1918–1956,Aleksandr Solzhenitsyn,False,90,9780061253805,704,"{classic,historical}",2788.webp,#4a120d,#ccbdbb,True,2025-04-06 07:49:33.693+00,2025-05-01 14:09:10.031+00,true
2826,How to Read Literature Like a Professor,Thomas C. Foster,False,70,9780062301673,368,"{educational,classic}",2826.webp,#b7341c,#ebc6bf,True,2025-04-06 07:49:33.737+00,2025-05-24 20:08:40.72+00,true
2828,The Little Book of Hygge: The Danish Way to Live Well,Meik Wiking,False,85,9780062658807,240,"{trending,self-improvement}",2828.webp,#d5dce0,#c0c6ca,False,2025-04-06 07:49:33.74+00,2025-05-24 20:08:47.763+00,true
2834,A Bright Shining Lie: John Paul Vann and America in Vietnam,Neil Sheehan,False,80,9780679724148,861,"{historical,award-winning}",2834.webp,#882e29,#dec5c3,True,2025-04-06 07:49:33.746+00,2025-05-24 20:09:01.437+00,true
2829,Leaving Isn't the Hardest Thing,Lauren Hough,False,65,9780593080764,304,"{memoir,influential}",2829.webp,NULL,NULL,NULL,2025-04-06 07:49:33.741+00,2025-04-26 14:46:22.023+00,true
2842,Antifragile: Things That Gain from Disorder,Nassim Nicholas Taleb,False,90,9780812979688,519,"{bestseller,influential}",2842.webp,#00192d,#b8bfc4,True,2025-04-06 07:49:33.755+00,2025-05-01 14:10:16.885+00,true
2835,West with the Night,Beryl Markham,False,70,9780865477636,320,"{classic,memoir}",2835.webp,#673a53,#d5c8cf,True,2025-04-06 07:49:33.747+00,2025-05-24 20:09:08.256+00,true
2837,History of the Peloponnesian War,Thucydides,False,80,9780140440393,648,"{classic,historical}",2837.webp,#6a3918,#d5c7be,True,2025-04-06 07:49:33.75+00,2025-05-24 20:09:21.087+00,true
2838,Hillbilly Elegy: A Memoir of a Family and Culture in Crisis,J.D. Vance,False,85,9780062300546,272,"{bestseller,memoir}",2838.webp,#a2a99b,#bec3b9,True,2025-04-06 07:49:33.751+00,2025-05-24 20:09:31.399+00,true
2839,Find Your People: Building Deep Community in a Lonely World,Jennie Allen,False,70,9780593193389,256,"{self-improvement,motivational}",2839.webp,#5c9055,#d1e0cf,True,2025-04-06 07:49:33.752+00,2025-05-24 20:09:45.126+00,true
2840,Freedom: My Book of Firsts,Jaycee Dugard,False,75,9781501147623,272,"{memoir,influential}",2840.webp,#99d3ba,#b8e0cf,True,2025-04-06 07:49:33.753+00,2025-05-24 20:09:52.171+00,true
2841,How to Read a Book: The Classic Guide to Intelligent Reading,Mortimer J. Adler,False,85,9780671212094,426,"{classic,educational}",2841.webp,#fcf3e3,#e3dbcc,False,2025-04-06 07:49:33.754+00,2025-05-24 20:09:58.454+00,true
2846,While Time Remains: A North Korean Defector's Search for Freedom in America,Yeon-mi Park,False,70,NULL,NULL,"{influential,2020s}",2846.webp,#ed9c12,#f2ba59,True,2025-04-06 07:49:33.76+00,2025-05-24 20:10:12.143+00,true
2848,How to Change Your Mind: The New Science of Psychedelics,Michael Pollan,False,85,NULL,NULL,"{influential,science}",2848.webp,#1e3f64,#c0c9d4,True,2025-04-06 07:49:33.762+00,2025-05-24 20:10:27.182+00,true
2858,Being Mortal: Medicine and What Matters in the End,Atul Gawande,False,90,NULL,NULL,"{bestseller,influential}",2858.webp,#86af8d,#dde9df,True,2025-04-06 07:49:33.773+00,2025-05-01 14:10:33.742+00,true
2843,Killing Yourself to Live: 85% of a True Story,Chuck Klosterman,False,65,9780743264457,256,"{memoir,society}",2843.webp,NULL,NULL,NULL,2025-04-06 07:49:33.756+00,2025-04-26 14:46:22.063+00,true
2849,The Life and Times of the Thunderbolt Kid,Bill Bryson,False,75,NULL,NULL,"{humor,memoir}",2849.webp,#e2a519,#ebc05e,True,2025-04-06 07:49:33.763+00,2025-05-24 20:10:33.566+00,true
2850,The Moment of Lift: How Empowering Women Changes the World,Melinda French Gates,False,80,NULL,NULL,"{influential,2020s}",2850.webp,#016a7e,#b8d5db,True,2025-04-06 07:49:33.764+00,2025-05-24 20:10:41.578+00,true
2855,The Stranger in the Woods: The Extraordinary Story of the Last True Hermit,Michael Finkel,False,75,NULL,NULL,"{unique,biography}",2855.webp,#20463b,#c1cbc8,True,2025-04-06 07:49:33.77+00,2025-05-24 20:11:15.837+00,true
2856,The Brain that Changes Itself: Stories of Personal Triumph from the Frontiers of Brain Science,Norman Doidge,False,85,NULL,NULL,"{science,influential}",2856.webp,#091129,#babcc3,True,2025-04-06 07:49:33.771+00,2025-05-24 20:11:22.252+00,true
2852,Dewey: The Small-Town Library Cat Who Touched the World,Vicki Myron,False,65,NULL,NULL,{heartwarming},2852.webp,NULL,NULL,NULL,2025-04-06 07:49:33.766+00,2025-04-26 14:46:22.089+00,true
2859,Never Split the Difference: Negotiating As If Your Life Depended On It,Chris Voss,False,85,NULL,NULL,"{bestseller,business}",2859.webp,#161511,#bebdbc,True,2025-04-06 07:49:33.774+00,2025-05-24 20:11:34.913+00,true
2860,The Design of Everyday Things,Donald A. Norman,False,80,NULL,NULL,"{influential,design}",2860.webp,#d8ac0f,#e4c557,True,2025-04-06 07:49:33.776+00,2025-05-24 20:11:56.705+00,true
2857,Busting Loose: How to Make Your Dreams a Reality,Caroline Myss,False,60,NULL,NULL,{motivational},2857.webp,NULL,NULL,NULL,2025-04-06 07:49:33.772+00,2025-04-26 14:46:22.103+00,true
2821,Scrappy Little Nobody,Anna Kendrick,False,75,9781501117202,304,"{biography,entertainment}",2821.webp,#504f9a,#cecee3,True,2025-04-06 07:49:33.732+00,2025-05-24 20:08:25.946+00,true
2861,Originals: How Non-Conformists Move the World,Adam M. Grant,False,80,NULL,NULL,"{influential,business}",2861.webp,#cfa40d,#f1e5bb,True,2025-04-06 07:49:33.777+00,2025-05-24 20:12:14.866+00,true
2862,Wir Kinder vom Bahnhof Zoo,Christiane V. Felscherinow,False,75,NULL,NULL,"{classic,biography}",2862.webp,#32206b,#c6c1d5,True,2025-04-06 07:49:33.778+00,2025-05-24 20:12:24.782+00,true
2824,"What Happened To You?: Conversations on Trauma, Resilience, and Healing",Bruce D. Perry,False,85,9780063076587,304,"{psychology,self-improvement}",2824.webp,#cecdf4,#b9b9dc,False,2025-04-06 07:49:33.735+00,2025-05-24 20:08:34.305+00,true
2822,The Top Five Teachings: An Asian Exploration of the Mysteries of Christ,Randy Loubier,False,50,NULL,NULL,{religion},2822.webp,NULL,NULL,NULL,2025-04-06 07:49:33.733+00,2025-04-26 14:46:22.004+00,true
2830,"Gödel, Escher, Bach: An Eternal Golden Braid",Douglas R. Hofstadter,False,90,9780465026562,777,"{classic,award-winning}",2830.webp,#601d16,#d3c0be,True,2025-04-06 07:49:33.742+00,2025-05-01 14:09:58.204+00,true
2875,Melania and Me,Stephanie Winston Wolkoff,False,70,9781982151228,352,"{politics,memoir}",2875.webp,#bf343e,#edc6c9,True,2025-04-06 07:49:33.793+00,2025-05-24 20:12:44.47+00,true
2871,Slave to the Dream: Everyone’s Dream,Gaylan D. Wright,False,45,NULL,NULL,{niche},2871.webp,NULL,NULL,NULL,2025-04-06 07:49:33.788+00,2025-04-26 14:46:22.142+00,true
2880,The Mosquito Bowl: A Game of Life and Death in World War II,Buzz Bissinger,False,75,9780062879929,480,"{historical,war}",2880.webp,#3c6937,#c9d5c7,True,2025-04-06 07:49:33.798+00,2025-05-24 20:13:02.321+00,true
2882,"Don't Bite the Hook: Finding Freedom from Anger, Resentment, and Other Destructive Emotions",Pema Chödrön,False,70,9781590304341,128,"{self-improvement,mindfulness}",2882.webp,#e15f2b,#f7d2c4,True,2025-04-06 07:49:33.8+00,2025-05-24 20:13:09.394+00,true
2883,Made to Stick: Why Some Ideas Survive and Others Die,Chip Heath,False,85,9781400064281,291,"{bestseller,business}",2883.webp,#eb631a,#f9d3bf,True,2025-04-06 07:49:33.802+00,2025-05-24 20:13:15.984+00,true
2887,Kitchen Confidential: Adventures in the Culinary Underbelly,Anthony Bourdain,False,85,9780060899226,320,"{bestseller,influential,award-winning}",2887.webp,#37403c,#c7c9c9,True,2025-04-06 07:49:33.806+00,2025-05-24 20:13:28.412+00,true
2889,Neither Here nor There: Travels in Europe,Bill Bryson,False,75,9780380713806,254,"{travel,humor}",2889.webp,#7f5971,#dbd1d7,True,2025-04-06 07:49:33.808+00,2025-05-24 20:13:39.868+00,true
2890,Big Magic: Creative Living Beyond Fear,Elizabeth Gilbert,False,80,9781594634727,288,"{motivational,self-improvement,bestseller}",2890.webp,#bb7da4,#ecdbe5,True,2025-04-06 07:49:33.81+00,2025-05-24 20:13:55.972+00,true
2892,Hell's Angels,Hunter S. Thompson,False,85,9780345410085,288,"{classic,influential}",2892.webp,#29251b,#c3c2bf,True,2025-04-06 07:49:33.812+00,2025-05-24 20:14:03.48+00,true
2893,The Richest Man in Babylon,George S. Clason,False,90,9780451205360,144,"{bestseller,classic,foundational}",2893.webp,#fcbb2e,#fdcf6d,True,2025-04-06 07:49:33.813+00,2025-05-01 14:11:12.204+00,true
2895,Wishful Drinking,Carrie Fisher,False,80,9781439153710,176,"{memoir,humor,bestseller}",2895.webp,#32a29b,#c6e5e3,True,2025-04-06 07:49:33.815+00,2025-05-24 20:14:09.749+00,true
2869,In a Sunburned Country,Bill Bryson,False,80,9780767903868,335,"{travel,humor}",2869.webp,#fe9509,#feb553,True,2025-04-06 07:49:33.786+00,2025-05-24 20:12:31.413+00,true
2901,"Everybody Lies: Big Data, New Data, and What the Internet Can Tell Us About Who We Really Are",Seth Stephens-Davidowitz,False,75,9780062390851,352,"{data,society,trending}",2901.webp,#064b73,#b9cdd8,True,2025-04-06 07:49:33.822+00,2025-05-24 20:14:19.713+00,true
2896,Is Elvis Alive?,Gail Brewer-Giorgio,False,50,9780446345972,256,"{niche,conspiracy}",2896.webp,NULL,NULL,NULL,2025-04-06 07:49:33.816+00,2025-04-26 14:46:22.208+00,true
2898,The Blindspots Between Us: How to Overcome Unconscious Cognitive Bias and Build Better Relationships,Gleb Tsipursky,False,65,9781684035083,216,"{educational,psychology}",2898.webp,NULL,NULL,NULL,2025-04-06 07:49:33.819+00,2025-04-26 14:46:22.215+00,true
2899,The Road to Serfdom,Friedrich A. Hayek,False,90,9780226320557,274,"{classic,influential,economics}",2899.webp,NULL,NULL,NULL,2025-04-06 07:49:33.82+00,2025-04-26 14:46:22.218+00,true
2904,"84, Charing Cross Road",Helene Hanff,False,75,9780140143508,112,"{classic,memoir}",2904.webp,#ffdcd7,#e6c6c2,False,2025-04-06 07:49:33.826+00,2025-05-24 20:14:26.892+00,true
2905,"A Girl Named Zippy: Growing Up Small in Mooreland, Indiana",Haven Kimmel,False,70,9780767915052,275,"{memoir,humor}",2905.webp,#8c6997,#dfd5e2,True,2025-04-06 07:49:33.827+00,2025-05-24 20:14:33.389+00,true
2906,Secret Slave: Kidnapped and abused for 13 years. This is my story of survival.,Anna Ruston,False,60,NULL,NULL,"{survival,memoir}",2906.webp,NULL,NULL,NULL,2025-04-06 07:49:33.828+00,2025-04-26 14:46:22.24+00,
2891,What If?: Serious Scientific Answers to Absurd Hypothetical Questions,Randall Munroe,False,90,9780544272996,320,"{bestseller,science,humor}",2891.webp,#a05f51,#e5d2ce,True,2025-04-06 07:49:33.811+00,2025-05-01 14:11:05.419+00,true
2912,The Best and the Brightest,David Halberstam,False,85,9780449908709,720,"{historical,politics}",2912.webp,#313e45,#c5c9cb,True,2025-04-06 07:49:33.834+00,2025-05-24 20:15:11.633+00,true
2914,102 Minutes: The Untold Story of the Fight to Survive Inside the Twin Towers,Jim Dwyer,False,75,9780805094213,400,"{historical,survival}",2914.webp,#3c3b3d,#c9c8c9,True,2025-04-06 07:49:33.836+00,2025-05-24 20:15:17.449+00,true
2916,An Astronaut's Guide to Life on Earth,Chris Hadfield,False,85,9780316253017,304,"{motivational,space}",2916.webp,#141b2c,#bdbfc4,True,2025-04-06 07:49:33.838+00,2025-05-24 20:15:23.547+00,true
2915,All My Knotted-Up Life: A Memoir,Beth Moore,False,65,NULL,NULL,"{memoir,personal}",2915.webp,NULL,NULL,NULL,2025-04-06 07:49:33.837+00,2025-04-26 14:46:22.264+00,true
2917,A Book of Five Rings: The Classic Guide to Strategy,Miyamoto Musashi,False,80,9781590309841,160,"{classic,strategy}",2917.webp,#a02411,#e5c2bc,True,2025-04-06 07:49:33.84+00,2025-05-24 20:15:38.979+00,true
2920,The First 90 Days: Critical Success Strategies for New Leaders at All Levels,Michael D. Watkins,False,85,9781422188613,304,"{career,leadership}",2920.webp,#d89b3d,#e4b977,True,2025-04-06 07:49:33.843+00,2025-05-24 20:15:54.324+00,true
2918,Tears of the Silenced,Misty Griffin,False,60,NULL,NULL,"{memoir,abuse}",2918.webp,NULL,NULL,NULL,2025-04-06 07:49:33.841+00,2025-04-26 14:46:22.275+00,true
2922,The Body Code: Unlocking Your Body's Ability to Heal Itself,Bradley Nelson,False,70,NULL,NULL,"{health,self-improvement}",2922.webp,#1d786c,#c0d9d6,True,2025-04-06 07:49:33.845+00,2025-05-24 20:16:11.908+00,true
2925,The Righteous Mind: Why Good People Are Divided by Politics and Religion,Jonathan Haidt,False,85,9780307455772,500,"{psychology,politics}",2925.webp,#236184,#c1d3dd,True,2025-04-06 07:49:33.848+00,2025-05-24 20:16:21.796+00,true
2929,Understanding Comics: The Invisible Art,Scott McCloud,False,85,9780060976255,224,"{influential,educational}",2929.webp,#a73f14,#e6c9bd,True,2025-04-06 07:49:33.853+00,2025-05-24 20:16:28.166+00,true
2930,Wild at Heart: Discovering the Secret of a Man's Soul,John Eldredge,False,80,9781400200399,256,"{motivational,self-improvement}",2930.webp,#211c20,#c1bfc1,True,2025-04-06 07:49:33.854+00,2025-05-24 20:16:47.513+00,true
2933,Self-Reliance and Other Essays,Ralph Waldo Emerson,False,80,9780486277905,128,"{classic,philosophical}",2933.webp,#794724,#d9cbc2,True,2025-04-06 07:49:33.857+00,2025-05-24 20:16:54.902+00,true
2948,Atomic Habits: An Easy & Proven Way to Build Good Habits & Break Bad Ones,James Clear,False,95,9780735211292,320,"{bestseller,self-improvement,motivational}",2948.webp,#141314,#bdbdbd,True,2025-04-06 07:49:33.874+00,2025-04-27 08:27:17.702+00,true
2936,Desert Solitaire,Edward Abbey,False,70,9780345326492,336,"{classic,environmental}",2936.webp,#ca3b02,#f0c8b8,True,2025-04-06 07:49:33.861+00,2025-05-24 20:17:24.645+00,true
2938,"Isaac's Storm: A Man, a Time, and the Deadliest Hurricane in History",Erik Larson,False,80,9780375708275,336,"{historical,bestseller}",2938.webp,#152831,#bdc3c5,True,2025-04-06 07:49:33.863+00,2025-05-24 20:17:36.821+00,true
2942,Feminism Is for Everybody: Passionate Politics,bell hooks,False,80,9781138821620,140,"{influential,cultural}",2942.webp,#bd0951,#edbace,True,2025-04-06 07:49:33.868+00,2025-05-24 20:17:51.309+00,true
2943,How We Decide,Jonah Lehrer,False,70,9780547247991,302,"{psychology,educational}",2943.webp,#3f1b6c,#c9bfd6,True,2025-04-06 07:49:33.869+00,2025-05-24 20:17:58.541+00,true
2939,How To NOT Be An Idiot When You Get Divorced,Jaeson D. Rau,False,50,NULL,NULL,{self-improvement},2939.webp,NULL,NULL,NULL,2025-04-06 07:49:33.864+00,2025-04-26 14:46:22.334+00,true
2941,Equating the Equations of Insanity: A Journey from Grief to Victory,Durgesh Satpathy,False,40,NULL,NULL,{niche},2941.webp,NULL,NULL,NULL,2025-04-06 07:49:33.867+00,2025-04-26 14:46:22.338+00,true
2945,Rising Strong: The Reckoning. The Rumble. The Revolution.,Brené Brown,False,85,9780812985801,336,"{bestseller,motivational}",2945.webp,#96a2a3,#e2e5e5,True,2025-04-06 07:49:33.871+00,2025-05-24 20:18:04.958+00,true
2947,"Same Kind of Different as Me: A Modern-Day Slave, an International Art Dealer, and the Unlikely Woman Who Bound Them Together",Ron Hall,False,70,NULL,NULL,{influential},2947.webp,#f8b33c,#faca77,True,2025-04-06 07:49:33.873+00,2025-05-24 20:18:11.226+00,true
2909,Four Thousand Weeks: Time Management for Mortals,Oliver Burkeman,False,80,9780374159122,288,"{self-improvement,""time management""}",2909.webp,#fecc4d,#e5b845,False,2025-04-06 07:49:33.831+00,2025-05-24 20:14:51.238+00,true
2911,The Law,Frédéric Bastiat,False,70,9781614274199,78,"{classic,philosophy}",2911.webp,#e0b643,#e9cc7b,True,2025-04-06 07:49:33.833+00,2025-05-24 20:15:04.279+00,true
2910,"Look Here, Sir, What a Curious Bird: Searching for Ali, Alfred Russel Wallace's Faithful Companion",Paul Spencer Sochaczewski,False,50,NULL,NULL,"{historical,exploration}",2910.webp,NULL,NULL,NULL,2025-04-06 07:49:33.832+00,2025-04-26 14:46:22.247+00,true
2931,The Last Lecture,Randy Pausch,False,90,9781401323257,224,"{bestseller,motivational}",2931.webp,#0d1f2a,#bbc0c3,True,2025-04-06 07:49:33.855+00,2025-04-27 08:27:10.699+00,true
2955,The Perfect Storm: A True Story of Men Against the Sea,Sebastian Junger,False,85,9780393337013,233,"{adapted-to-film,historical}",2955.webp,#1a4754,#bfcbcf,True,2025-04-06 07:49:33.881+00,2025-05-24 20:19:08.354+00,true
2956,Bird by Bird,Anne Lamott,False,75,9780385480017,237,"{self-improvement,creativity}",2956.webp,#b2695a,#e9d5d1,True,2025-04-06 07:49:33.883+00,2025-05-24 20:19:23.278+00,true
2958,The Coldest Winter: America and the Korean War,David Halberstam,False,80,9781401300524,736,{historical},2958.webp,#276380,#c3d3db,True,2025-04-06 07:49:33.885+00,2025-05-24 20:19:55.913+00,true
2959,The Mountain Is You: Transforming Self-Sabotage Into Self-Mastery,Brianna Wiest,False,70,9781949759228,248,"{self-improvement,motivational}",2959.webp,#f1973d,#f5b677,True,2025-04-06 07:49:33.886+00,2025-05-24 20:20:03.15+00,true
2962,A Shepherd Looks at Psalm 23,W. Phillip Keller,False,70,9780310274414,142,{religion},2962.webp,#fbc678,#e2b26c,False,2025-04-06 07:49:33.89+00,2025-05-24 20:20:16.29+00,true
2961,I Guess I Haven't Learned That Yet: Discovering New Ways of Living When the Old Ways Stop Working,Shauna Jeffs,False,60,NULL,NULL,{self-improvement},2961.webp,NULL,NULL,NULL,2025-04-06 07:49:33.888+00,2025-04-26 14:46:22.384+00,true
2964,Slouching Towards Bethlehem,Joan Didion,False,85,9780374531386,238,"{classic,influential}",2964.webp,#e8b45b,#efcb8c,True,2025-04-06 07:49:33.892+00,2025-05-24 20:20:38.718+00,true
2963,Unwifeable: A Memoir,Mandy Stadtmiller,False,65,9781501174038,336,{memoir},2963.webp,NULL,NULL,NULL,2025-04-06 07:49:33.891+00,2025-04-26 14:46:22.389+00,true
2968,"Finding Chika: A Little Girl, an Earthquake, and the Making of a Family",Mitch Albom,False,75,9780062952394,256,"{influential,2020s}",2968.webp,#3cb4b6,#c9eaeb,True,2025-04-06 07:49:33.896+00,2025-05-24 20:20:44.924+00,true
2967,The Pale-Faced Lie,David Crow,False,60,9780997487153,352,{influential},2967.webp,NULL,NULL,NULL,2025-04-06 07:49:33.895+00,2025-04-26 14:46:22.401+00,true
2972,The Boy Who Was Raised as a Dog: And Other Stories from a Child Psychiatrist's Notebook,Bruce D. Perry,False,78,9780465056538,288,"{educational,influential}",2972.webp,#fecd70,#e5b965,False,2025-04-06 07:49:33.901+00,2025-05-24 20:20:57.846+00,true
2969,Kicker,R. Grey Hoover,False,40,NULL,NULL,{niche},2969.webp,NULL,NULL,NULL,2025-04-06 07:49:33.897+00,2025-04-26 14:46:22.407+00,true
2970,Can't Hurt Me: Master Your Mind and Defy the Odds,David Goggins,False,85,9781544512280,364,"{motivational,bestseller}",2970.webp,NULL,NULL,NULL,2025-04-06 07:49:33.898+00,2025-04-26 14:46:22.41+00,true
2974,Drive: The Surprising Truth About What Motivates Us,Daniel H. Pink,False,85,9781594484803,242,"{motivational,bestseller}",2974.webp,#e08d62,#f6dfd3,True,2025-04-06 07:49:33.903+00,2025-05-24 20:21:04.386+00,true
2976,Think Like a Freak,Steven D. Levitt,False,80,9780062218339,288,"{educational,bestseller}",2976.webp,#da9401,#f5e1b8,True,2025-04-06 07:49:33.905+00,2025-05-24 20:21:12.641+00,true
2981,A Beautiful Mind,Sylvia Nasar,False,85,9781451628425,464,"{award-winning,adapted-to-film}",2981.webp,#e26825,#f7d5c2,True,2025-04-06 07:49:33.911+00,2025-05-24 20:21:25.206+00,true
2978,"Jesus the Christ: A Study of the Messiah and His Mission According to Holy Scriptures, Both Ancient and Modern",James E. Talmage,False,70,9781606410546,804,"{religious,foundational}",2978.webp,NULL,NULL,NULL,2025-04-06 07:49:33.908+00,2025-04-26 14:46:22.43+00,true
2982,Let's Pretend This Never Happened: A Memoir - Kindle Edition,Jenny Lawson,False,75,9780425261019,384,"{humor,bestseller}",2982.webp,#d5939b,#e2b3b9,True,2025-04-06 07:49:33.913+00,2025-05-24 20:21:32.787+00,true
2983,Hunger: A Memoir of (My) Body,Roxane Gay,False,80,9780062362599,320,"{influential,2020s}",2983.webp,#cb4727,#f1cbc3,True,2025-04-06 07:49:33.914+00,2025-05-24 20:21:45.068+00,true
2987,Better Than Before: Mastering the Habits of Our Everyday Lives,Gretchen Rubin,False,75,9780385348612,320,"{self-improvement,motivational}",2987.webp,#fde9c6,#e4d2b2,False,2025-04-06 07:49:33.918+00,2025-05-24 20:22:22.375+00,true
2992,So You Want to Talk About Race,Ijeoma Oluo,False,85,9781580058827,256,"{trending,educational}",2992.webp,#f58422,#fcddc1,True,2025-04-06 07:49:33.924+00,2025-05-24 20:22:56.803+00,true
2988,The Lonely City: Adventures in the Art of Being Alone,Olivia Laing,False,65,9781250039576,336,"{psychology,society}",2988.webp,NULL,NULL,NULL,2025-04-06 07:49:33.919+00,2025-04-26 14:46:22.456+00,true
2990,Letters From Your Soul,Victor Noble,False,40,NULL,NULL,{motivational},2990.webp,NULL,NULL,NULL,2025-04-06 07:49:33.921+00,2025-04-26 14:46:22.459+00,true
2954,Facing the Mountain: A True Story of Japanese American Heroes in World War II,Daniel James Brown,False,80,9780525557401,560,"{historical,award-winning}",2954.webp,#b53711,#eac7bc,True,2025-04-06 07:49:33.88+00,2025-05-24 20:18:55.43+00,true
2953,The Psychopath Test: A Journey Through the Madness Industry,John Marrs,False,70,9781594485756,288,{psychology},2953.webp,#c94b24,#f0cdc2,True,2025-04-06 07:49:33.879+00,2025-05-24 20:18:47.819+00,true
3016,12 Rules for Life: An Antidote to Chaos,Jordan B. Peterson,False,90,NULL,NULL,"{bestseller,self-improvement}",3016.webp,#fad291,#e1bd83,False,2025-04-06 07:49:33.958+00,2025-05-01 14:12:07.37+00,true
3004,Dark Money: The Hidden History of the Billionaires Behind the Rise of the Radical Right,Jane Mayer,False,85,9780307947901,464,"{politics,influential}",3004.webp,#0e1310,#bbbdbc,True,2025-04-06 07:49:33.94+00,2025-05-24 20:23:58.146+00,true
3007,"The Witches: Salem, 1692",Stacy Schiff,False,70,NULL,NULL,"{historical,award-winning}",3007.webp,#bb471a,#eccbbf,True,2025-04-06 07:49:33.944+00,2025-05-24 20:24:03.737+00,true
3006,Pro Truth: A Practical Plan for Putting Truth Back into the Public Conversation,Stephen A. Reger,False,50,NULL,NULL,{educational},3006.webp,NULL,NULL,NULL,2025-04-06 07:49:33.943+00,2025-04-26 14:46:22.501+00,true
3009,Women Who Run With the Wolves,Clarissa Pinkola Estés,False,85,NULL,NULL,"{influential,classic}",3009.webp,#1c404c,#bfc9cd,True,2025-04-06 07:49:33.946+00,2025-05-24 20:24:13.815+00,true
3010,Switch: How to Change Things When Change Is Hard,Chip Heath,False,80,NULL,NULL,"{self-improvement,motivational}",3010.webp,#eb3d1c,#f9c9bf,True,2025-04-06 07:49:33.948+00,2025-05-24 20:24:21.06+00,true
3012,Kon-Tiki,Thor Heyerdahl,False,75,NULL,NULL,"{classic,historical}",3012.webp,#f5ac43,#f8c57b,True,2025-04-06 07:49:33.951+00,2025-05-24 20:24:27.707+00,true
3011,Love is the Answer God is the Cure,Aimee Cabo Nikolov,False,45,NULL,NULL,{},3011.webp,NULL,NULL,NULL,2025-04-06 07:49:33.949+00,2025-04-26 14:46:22.517+00,true
3014,"Julie and Julia: 365 Days, 524 Recipes, 1 Tiny Apartment Kitchen",Julie Powell,False,80,NULL,NULL,"{adapted-to-film,bestseller}",3014.webp,#ccc398,#dbd5b7,True,2025-04-06 07:49:33.955+00,2025-05-24 20:24:40.528+00,true
3017,What the Dog Saw and Other Adventures,Malcolm Gladwell,False,85,NULL,NULL,"{bestseller,influential}",3017.webp,#e2a729,#ebc169,True,2025-04-06 07:49:33.959+00,2025-05-24 20:24:49.577+00,true
3015,"Africa's Child (Dancing Soul Trilogy, #1)",Maria Nhambu,False,40,NULL,NULL,{},3015.webp,NULL,NULL,NULL,2025-04-06 07:49:33.956+00,2025-04-26 14:46:22.527+00,true
3021,Two Treatises of Government,John Locke,False,90,NULL,NULL,"{classic,foundational}",3021.webp,#a48358,#e5dcd0,True,2025-04-06 07:49:33.964+00,2025-05-01 14:12:17.992+00,true
3018,How to Be a Woman,Caitlin Moran,False,75,NULL,NULL,"{influential,bestseller}",3018.webp,#316f69,#c5d7d5,True,2025-04-06 07:49:33.96+00,2025-05-24 20:24:57.84+00,true
3019,Girl Wash your Face,Rachel Hollis,False,85,NULL,NULL,"{bestseller,motivational}",3019.webp,#f8bd41,#fad17a,True,2025-04-06 07:49:33.962+00,2025-05-24 20:25:04.343+00,true
3022,Alexander Hamilton,Ron Chernow,False,85,NULL,NULL,"{bestseller,historical}",3022.webp,#da9527,#f5e1c3,True,2025-04-06 07:49:33.965+00,2025-05-24 20:25:10.745+00,true
3034,The Sixth Extinction: An Unnatural History,Elizabeth Kolbert,False,90,9780805092998,336,"{award-winning,influential}",3034.webp,#482511,#ccc2bc,True,2025-04-06 07:49:33.98+00,2025-05-01 14:12:34.907+00,true
3024,"Behind the Beautiful Forevers: Life, Death, and Hope in a Mumbai Undercity",Katherine Boo,False,80,NULL,NULL,"{award-winning,historical}",3024.webp,#8f4444,#e0cbcb,True,2025-04-06 07:49:33.968+00,2025-05-24 20:34:30.397+00,true
3025,Talking as Fast as I Can: From Gilmore Girls to Gilmore Girls,Lauren Graham,False,75,NULL,NULL,"{bestseller,adapted-to-film}",3025.webp,#259ea1,#c2e4e5,True,2025-04-06 07:49:33.969+00,2025-05-24 20:34:37.395+00,true
3026,Women & Power: A Manifesto,Mary Beard,False,70,9781631494758,115,"{influential,short-read}",3026.webp,#781813,#d9bebd,True,2025-04-06 07:49:33.97+00,2025-05-24 20:34:51.632+00,true
3029,Very Good Lives: The Fringe Benefits of Failure and the Importance of Imagination,J.K. Rowling,False,75,9780316369152,80,"{motivational,short-read}",3029.webp,#be1d1a,#edc0bf,True,2025-04-06 07:49:33.974+00,2025-05-24 20:34:58.003+00,true
3027,But What If We're Wrong? Thinking About the Present As If It Were the Past,Chuck Klosterman,False,65,9780399184130,288,"{trending,thought-provoking}",3027.webp,NULL,NULL,NULL,2025-04-06 07:49:33.971+00,2025-04-26 14:46:22.562+00,true
3033,Business Model Generation,Alexander Osterwalder,False,85,9780470876411,288,"{bestseller,educational}",3033.webp,#2e2032,#c5c1c6,True,2025-04-06 07:49:33.978+00,2025-05-24 20:35:10.912+00,true
3037,The Age of Reason,Thomas Paine,False,85,9780486433936,192,"{classic,philosophy}",3037.webp,#da8932,#f5dec6,True,2025-04-06 07:49:33.983+00,2025-05-24 20:35:17.631+00,true
2994,A Mother's Reckoning: Living in the Aftermath of Tragedy,Sue Klebold,False,80,9781101902752,336,"{psychology,influential}",2994.webp,#f3aaa2,#f7c4be,True,2025-04-06 07:49:33.926+00,2025-05-24 20:23:13.301+00,true
3035,"Penis Politics: A Memoir of Women, Men and Power",Karen Hinton,False,60,NULL,NULL,"{memoir,society}",3035.webp,NULL,NULL,NULL,2025-04-06 07:49:33.981+00,2025-04-26 14:46:22.585+00,true
3036,Murder At The Fort: A Double Homicide Cold Case And Cover Up!,Bob Marmion,False,50,NULL,NULL,"{historical,crime}",3036.webp,NULL,NULL,NULL,2025-04-06 07:49:33.982+00,2025-04-26 14:46:22.588+00,true
2995,Understanding Power: The Indispensable Chomsky,Noam Chomsky,False,70,9781565847033,432,"{educational,influential}",2995.webp,#1a1d1e,#bfc0c0,True,2025-04-06 07:49:33.927+00,2025-05-24 20:23:20.264+00,true
2997,The Looming Tower: Al-Qaeda and the Road to 9/11,Lawrence Wright,False,90,9781400030842,560,"{award-winning,historical}",2997.webp,#c9a770,#d9c19b,True,2025-04-06 07:49:33.932+00,2025-05-01 14:11:53.698+00,true
3000,Hunger Makes Me a Modern Girl,Carrie Brownstein,False,75,9781594488218,256,"{biography,influential}",3000.webp,#b14436,#e9cbc7,True,2025-04-06 07:49:33.935+00,2025-05-24 20:23:41.871+00,true
3048,Obama: From Promise to Power,David Mendell,False,70,NULL,NULL,"{political,biography}",3048.webp,#d24a31,#f3ccc5,True,2025-04-06 07:49:33.997+00,2025-05-24 20:36:06.016+00,true
3051,Man and His Symbols,C.G. Jung,False,90,NULL,NULL,"{psychology,classic}",3051.webp,#2d3428,#c4c6c3,True,2025-04-06 07:49:34.001+00,2025-05-01 14:13:00.109+00,true
3049,Good Strategy Bad Strategy: The Difference and Why It Matters,Richard P. Rumelt,False,75,NULL,NULL,"{educational,business}",3049.webp,#328e8c,#c6dfdf,True,2025-04-06 07:49:33.998+00,2025-05-24 20:36:11.726+00,true
3050,Dispatches,Michael Herr,False,85,NULL,NULL,"{historical,classic}",3050.webp,#dc3c22,#f5c9c1,True,2025-04-06 07:49:34+00,2025-05-24 20:36:28.153+00,true
3056,"The Hidden Life of Trees: What They Feel, How They Communicate: Discoveries from a Secret World",Peter Wohlleben,False,85,NULL,NULL,"{nature,influential}",3056.webp,#bbd77d,#cfe3a4,True,2025-04-06 07:49:34.008+00,2025-05-24 20:36:59.791+00,true
3057,The Sleepwalkers: How Europe Went to War in 1914,Christopher Clark,False,80,NULL,NULL,"{historical,educational}",3057.webp,#5d3528,#d2c7c3,True,2025-04-06 07:49:34.009+00,2025-05-24 20:37:06.951+00,true
3067,The Nicomachean Ethics,Aristotle,False,90,NULL,NULL,"{classic,foundational}",3067.webp,#bdb9a4,#d1cebf,True,2025-04-06 07:49:34.02+00,2025-05-01 14:13:19.596+00,true
3045,Vietnam: A History,Stanley Karnow,False,90,9780140265477,768,"{bestseller,historical}",3045.webp,#c37426,#eed8c2,True,2025-04-06 07:49:33.993+00,2025-05-01 14:12:42.693+00,true
3054,Secrets of a Prayer Warrior,Derek Prince,False,60,NULL,NULL,"{religion,spirituality}",3054.webp,NULL,NULL,NULL,2025-04-06 07:49:34.005+00,2025-04-26 14:46:22.633+00,true
3055,The Intelligent Investor,Benjamin Graham,False,95,NULL,NULL,"{bestseller,foundational}",3055.webp,NULL,NULL,NULL,2025-04-06 07:49:34.007+00,2025-04-26 14:46:22.637+00,true
3062,The Argonauts,Maggie Nelson,False,70,NULL,NULL,"{memoir,influential}",3062.webp,#ec945b,#f2b48c,True,2025-04-06 07:49:34.015+00,2025-05-24 20:37:13.954+00,true
3064,Shakespeare: The World as Stage,Bill Bryson,False,80,NULL,NULL,"{biography,historical}",3064.webp,#276a34,#c3d5c6,True,2025-04-06 07:49:34.017+00,2025-05-24 20:37:27.601+00,true
3060,"Past, Present, and Promises",Patricia H. Graham,False,50,NULL,NULL,{educational},3060.webp,NULL,NULL,NULL,2025-04-06 07:49:34.013+00,2025-04-26 14:46:22.649+00,true
3061,"Father Forgive Us, for We Know Not What We Do",Helmut Glavar,False,50,NULL,NULL,{religion},3061.webp,NULL,NULL,NULL,2025-04-06 07:49:34.014+00,2025-04-26 14:46:22.652+00,true
3065,"A Higher Loyalty: Truth, Lies, and Leadership",James Comey,False,75,NULL,NULL,"{political,leadership}",3065.webp,#14668e,#bdd4df,True,2025-04-06 07:49:34.018+00,2025-05-24 20:37:34.009+00,true
3063,Live Digital or Be Irrelevant: My Firsthand Narrative of Transformation to Becoming a Digital Citizen Ready for a Dynamic Future,A.K. Smith-Ford,False,55,NULL,NULL,"{technology,educational}",3063.webp,NULL,NULL,NULL,2025-04-06 07:49:34.016+00,2025-04-26 14:46:22.658+00,true
3070,The Library Book,Susan Orlean,False,75,9781476740188,336,"{bestseller,historical}",3070.webp,#af4521,#e9cbc1,True,2025-04-06 07:49:34.024+00,2025-05-24 20:37:41.232+00,true
3072,Missoula: Rape and the Justice System in a College Town,Jon Krakauer,False,80,9780385538732,384,"{bestseller,influential}",3072.webp,#982c23,#e2c4c1,True,2025-04-06 07:49:34.026+00,2025-05-24 20:38:00.674+00,true
3066,The Most Popular President Who Ever Lived [So Far],Nancy Omeara,False,0,NULL,NULL,{},3066.webp,NULL,NULL,NULL,2025-04-06 07:49:34.019+00,2025-04-26 14:46:22.667+00,true
3039,The Power of a Praying Wife,Stormie Omartian,False,75,9780736957496,208,"{motivational,spiritual}",3039.webp,#b65b21,#ebd1c1,True,2025-04-06 07:49:33.986+00,2025-05-24 20:35:24.173+00,true
3074,Notes from a Small Island,Bill Bryson,False,75,9780380727506,324,"{bestseller,humor}",3074.webp,#eb733e,#f9d8c9,True,2025-04-06 07:49:34.028+00,2025-05-24 20:38:07.478+00,true
3077,"One Summer: America, 1927",Bill Bryson,False,80,9780767919418,528,"{bestseller,historical}",3077.webp,#9f5f32,#e4d2c6,True,2025-04-06 07:49:34.031+00,2025-05-24 20:38:39.723+00,true
3081,Ghettoside: A True Story of Murder in America,Jill Leovy,False,80,9780385529990,384,"{bestseller,influential}",3081.webp,#f14f19,#fbcebf,True,2025-04-06 07:49:34.036+00,2025-05-24 20:38:52.071+00,true
3083,Out of Africa,Isak Dinesen,False,85,9780679724759,416,"{classic,adapted-to-film}",3083.webp,#ea9f2f,#f0bc6d,True,2025-04-06 07:49:34.038+00,2025-05-24 20:39:00.347+00,true
3079,Why We Never Repeat Jokes?,Ramzy Sweis,False,0,NULL,NULL,{},3079.webp,NULL,NULL,NULL,2025-04-06 07:49:34.033+00,2025-04-26 14:46:22.704+00,true
3082,A Promised Land,Barack Obama,False,95,9781524763169,768,"{bestseller,award-winning,2020s}",3082.webp,NULL,NULL,NULL,2025-04-06 07:49:34.037+00,2025-04-26 14:46:22.713+00,true
3040,10% Happier,Dan Harris,False,85,9780062265435,256,"{self-improvement,mindfulness}",3040.webp,#fd5070,#ffced7,True,2025-04-06 07:49:33.987+00,2025-05-24 20:35:37.291+00,true
3043,Modern Romance,Aziz Ansari,False,80,9781594206276,288,"{humor,relationships}",3043.webp,#000000,#b8b8b8,True,2025-04-06 07:49:33.991+00,2025-05-24 20:35:53.767+00,true
3053,Plato: Complete Works,Plato,False,95,NULL,NULL,"{classic,philosophy}",3053.webp,#dec7a7,#c8b396,False,2025-04-06 07:49:34.004+00,2025-04-27 08:27:55.997+00,true
3091,"Going Clear: Scientology, Hollywood, and the Prison of Belief",Lawrence Wright,False,85,9780307745309,560,"{award-winning,influential}",3091.webp,#022541,#b8c2ca,True,2025-04-06 07:49:34.047+00,2025-05-24 20:39:19.271+00,true
3093,The River of Doubt: Theodore Roosevelt's Darkest Journey,Candice Millard,False,80,9780767913737,432,{historical},3093.webp,#00262c,#b8c2c4,True,2025-04-06 07:49:34.049+00,2025-05-24 20:39:25.666+00,true
3097,Sex at Dawn: The Prehistoric Origins of Modern Sexuality,Christopher Ryan,False,75,9780061707803,432,{influential},3097.webp,#df4028,#f6c9c3,True,2025-04-06 07:49:34.054+00,2025-05-24 20:39:51.827+00,true
3095,From Time to Time,Daniel Mangena,False,50,NULL,NULL,{},3095.webp,NULL,NULL,NULL,2025-04-06 07:49:34.052+00,2025-04-26 14:46:22.748+00,true
3096,"Awaken Your Alpha: 31 actions to step up, master your identity & lead a life with impact",Adam Lewis Walker,False,60,NULL,NULL,{motivational},3096.webp,NULL,NULL,NULL,2025-04-06 07:49:34.053+00,2025-04-26 14:46:22.751+00,true
3100,Joni: An Unforgettable Story,Joni Eareckson Tada,False,70,9780310240013,192,{inspirational},3100.webp,#73629b,#d8d3e3,True,2025-04-06 07:49:34.057+00,2025-05-24 20:39:58.721+00,true
3098,The Power of Positive Thinking,Norman Vincent Peale,False,95,9780743234801,240,"{bestseller,motivational}",3098.webp,NULL,NULL,NULL,2025-04-06 07:49:34.055+00,2025-04-26 14:46:22.757+00,true
3103,The Female Eunuch,Germaine Greer,False,85,9780060972059,432,"{influential,classic}",3103.webp,#dd3a0c,#f5c8bb,True,2025-04-06 07:49:34.061+00,2025-05-24 20:40:15.161+00,true
3108,Grunt: The Curious Science of Humans at War,Mary Roach,False,75,9780393245448,288,"{science,historical}",3108.webp,#904b1c,#e0cdbf,True,2025-04-06 07:49:34.066+00,2025-05-24 20:40:50.751+00,true
3089,American Sniper: The Autobiography of the Most Lethal Sniper in U.S. Military History,Chris Kyle,False,90,9780062238863,448,"{bestseller,adapted-to-film}",3089.webp,#c14023,#eec9c1,True,2025-04-06 07:49:34.045+00,2025-05-01 14:13:28.185+00,true
3107,Positive Thoughts Positive Outcomes: Master the Fourteen Principles to Transform Your Life,Shane Senior,False,50,NULL,NULL,"{self-improvement,motivational}",3107.webp,NULL,NULL,NULL,2025-04-06 07:49:34.065+00,2025-04-26 14:46:22.783+00,true
3110,SPQR: A History of Ancient Rome,Mary Beard,False,80,9781631492228,608,"{historical,classic}",3110.webp,#eadbba,#d3c5a7,False,2025-04-06 07:49:34.068+00,2025-05-24 20:41:05.801+00,true
3109,"A History of God: The 4000-Year Quest of Judaism, Christianity and Islam",Karen Armstrong,False,85,9780345384560,460,"{influential,historical}",3109.webp,NULL,NULL,NULL,2025-04-06 07:49:34.067+00,2025-04-26 14:46:22.788+00,true
3118,"I Am Nujood, Age 10 and Divorced",Nujood Ali,False,80,9780307589675,188,"{biography,influential}",3118.webp,#df9e2b,#e9bb6b,True,2025-04-06 07:49:34.076+00,2025-05-24 20:41:47.438+00,true
3114,"Jesus Listens: Daily Devotional Prayers of Peace, Joy, and Hope (A 365-Day Prayer Book)",Sarah Young,False,65,9781400215584,400,"{religion,motivational}",3114.webp,NULL,NULL,NULL,2025-04-06 07:49:34.071+00,2025-04-26 14:46:22.8+00,true
3116,Socialism Is Dead! Long Live Socialism!: The Marx Code—Socialism with a Human Face:,Todor Bombov,False,40,NULL,NULL,{politics},3116.webp,NULL,NULL,NULL,2025-04-06 07:49:34.074+00,2025-04-26 14:46:22.803+00,true
3120,Have a Little Faith: a True Story,Mitch Albom,False,75,9780786868728,272,"{inspirational,biography}",3120.webp,#f7a439,#f9bf74,True,2025-04-06 07:49:34.079+00,2025-05-24 20:41:53.503+00,true
3088,Dad Is Fat,Jim Gaffigan,False,70,NULL,NULL,{humor},3088.webp,#a485bd,#e5dded,True,2025-04-06 07:49:34.044+00,2025-05-24 20:39:12.891+00,true
3122,"Far from the Tree: Parents, Children, and the Search for Identity",Andrew Solomon,False,85,9780743236720,976,"{influential,award-winning}",3122.webp,#fd8c5f,#feaf8f,True,2025-04-06 07:49:34.081+00,2025-05-24 20:42:17.823+00,true
3125,Lab Girl,Hope Jahren,False,85,9781101873724,304,"{biography,science}",3125.webp,#bfd89d,#acc28d,False,2025-04-06 07:49:34.085+00,2025-05-24 20:42:24.31+00,true
3129,Bad Feminist,Roxane Gay,False,80,9780062282712,336,"{influential,trending}",3129.webp,#c24267,#eecad5,True,2025-04-06 07:49:34.089+00,2025-05-24 20:42:38.748+00,true
3086,A Gracious Enemy & After the War Volume One,Michael G. Kramer,False,50,NULL,NULL,{historical},3086.webp,NULL,NULL,NULL,2025-04-06 07:49:34.041+00,2025-04-26 14:46:22.845+00,true
3104,Strengths Finder 2.0,Tom Rath,False,90,9781595620156,192,"{bestseller,self-improvement}",3104.webp,#f9f1e5,#e0d9ce,False,2025-04-06 07:49:34.062+00,2025-04-27 08:28:14.93+00,true
3138,Civilization and Its Discontents,Sigmund Freud,False,85,9780393304510,112,"{classic,psychology}",3138.webp,#315552,#c5cfcf,True,2025-04-06 07:49:34.1+00,2025-05-24 20:43:09.728+00,true
3137,"Seeking Fairness at Work: Cracking the New Code of Greater Employee Engagement, Retention & Satisfaction",Hanna Hasl-Kelchner,False,55,NULL,NULL,"{""corporate culture""}",3137.webp,NULL,NULL,NULL,2025-04-06 07:49:34.099+00,2025-04-26 14:46:22.858+00,true
3141,The Poisoner's Handbook: Murder and the Birth of Forensic Medicine in Jazz Age New York,Deborah Blum,False,75,9780143118824,336,"{historical,science}",3141.webp,#184f50,#becece,True,2025-04-06 07:49:34.103+00,2025-05-24 20:43:45.322+00,true
3142,I Contain Multitudes: The Microbes Within Us and a Grander View of Life,Ed Yong,False,85,9780062368591,368,"{science,educational}",3142.webp,#f9b88e,#fbcdb0,True,2025-04-06 07:49:34.104+00,2025-05-24 20:43:59.845+00,true
3144,Packing for Mars: The Curious Science of Life in the Void,Mary Roach,False,80,9780393339918,334,"{science,educational}",3144.webp,#eb771f,#f9d9c0,True,2025-04-06 07:49:34.106+00,2025-05-24 20:44:07.475+00,true
3146,Furiously Happy: A Funny Book About Horrible Things,Jenny Lawson,False,70,9781250077028,352,"{bestseller,humor,""mental health""}",3146.webp,#dc8c21,#f5dfc1,True,2025-04-06 07:49:34.108+00,2025-05-24 20:44:20.712+00,true
3151,H is for Hawk,Helen Macdonald,False,80,9780802123410,300,"{award-winning,nature}",3151.webp,#bdaf90,#d1c7b1,True,2025-04-06 07:49:34.113+00,2025-05-24 20:44:31.263+00,true
3145,"Searching for Ganesha: Collecting Images of the Sweet-Loving, Elephant-Headed Hindu Deity Everybody Admires",Paul Spencer Sochaczewski,False,50,NULL,NULL,"{niche,cultural}",3145.webp,NULL,NULL,NULL,2025-04-06 07:49:34.107+00,2025-04-26 14:46:22.886+00,true
3153,A Street Cat Named Bob: How One Man and His Cat Found Hope on the Streets,James Bowen,False,85,9781250029461,279,"{bestseller,inspirational,adapted-to-film}",3153.webp,#f0623e,#fbd3c9,True,2025-04-06 07:49:34.115+00,2025-05-24 20:44:39.558+00,true
3170,On Liberty,John Stuart Mill,False,90,9780140432077,144,"{classic,philosophy}",3170.webp,#a91b16,#e7bfbe,True,2025-04-06 07:49:34.135+00,2025-05-01 14:14:01.888+00,true
3154,The War of Art,Steven Pressfield,False,75,9781936891023,190,"{motivational,creativity}",3154.webp,#dd402b,#f5c9c4,True,2025-04-06 07:49:34.116+00,2025-05-24 20:44:46.012+00,true
3155,Algorithms to Live By: The Computer Science of Human Decisions,Brian Christian,False,80,9781627790369,368,"{educational,science}",3155.webp,#e1893e,#f7dec9,True,2025-04-06 07:49:34.117+00,2025-05-24 20:44:52.138+00,true
3158,Food Rules: An Eater's Manual,Michael Pollan,False,75,9780143116387,140,"{educational,health}",3158.webp,#e4c051,#ecd385,True,2025-04-06 07:49:34.12+00,2025-05-24 20:44:58.794+00,true
3159,Not My Father's Son,Alan Cumming,False,70,9780062225061,304,"{award-winning,memoir}",3159.webp,#c75c25,#efd1c2,True,2025-04-06 07:49:34.121+00,2025-05-24 20:45:05.172+00,true
3156,A Debt Free You,Steve Julien Linda Koperski Bernie Morris,False,60,NULL,NULL,"{self-improvement,financial}",3156.webp,NULL,NULL,NULL,2025-04-06 07:49:34.118+00,2025-04-26 14:46:22.922+00,true
3160,"Dancing with The Field: Bringing Joy, Passion and Play into Everyday Life",Kris Kelkar,False,50,NULL,NULL,"{self-improvement,""personal growth""}",3160.webp,#ce8d1e,#f1dfc0,True,2025-04-06 07:49:34.122+00,2025-05-24 20:45:11.295+00,true
3162,Prozac Nation,Elizabeth Wurtzel,False,80,9781573229623,384,"{bestseller,""mental health""}",3162.webp,#ce8d1e,#f1dfc0,True,2025-04-06 07:49:34.125+00,2025-05-24 20:45:20.326+00,true
3163,Not That Bad: Dispatches from Rape Culture,Roxane Gay,False,75,9780062413512,368,"{influential,society}",3163.webp,#d04f52,#f2cecf,True,2025-04-06 07:49:34.126+00,2025-05-24 20:45:30.369+00,true
3167,Alive: The Story of the Andes Survivors,Piers Paul Read,False,80,9780380003211,318,"{historical,influential}",3167.webp,#abc4c8,#c4d6d9,True,2025-04-06 07:49:34.131+00,2025-05-24 20:45:37.394+00,true
3169,Escape,Carolyn Jessop,False,75,9780767927574,413,"{biography,influential}",3169.webp,#3c4575,#c9cbd8,True,2025-04-06 07:49:34.133+00,2025-05-24 20:45:53.43+00,true
3166,Growing Up American,Rafael Polo,False,50,NULL,NULL,{society},3166.webp,NULL,NULL,NULL,2025-04-06 07:49:34.129+00,2025-04-26 14:46:22.948+00,true
3172,Endurance: Shackleton's Incredible Voyage,Alfred Lansing,False,85,9780465062881,282,"{historical,influential}",3172.webp,#56a0a7,#d0e5e6,True,2025-04-06 07:49:34.137+00,2025-05-24 20:46:05.629+00,true
3133,Success Through a Positive Mental Attitude,Napoleon Hill,False,85,9781932429237,256,"{motivational,self-improvement}",3133.webp,#ffc302,#ffd54e,True,2025-04-06 07:49:34.094+00,2025-05-24 20:42:50.908+00,true
3131,A Dad After God's Own Heart: Becoming the Father Your Kids Need,Jim George,False,60,9780736950903,240,{parenting},3131.webp,NULL,NULL,NULL,2025-04-06 07:49:34.092+00,2025-04-26 14:46:22.97+00,true
3132,Capital in the Twenty First Century,Thomas Piketty,False,92,9780674430006,816,"{influential,economics}",3132.webp,NULL,NULL,NULL,2025-04-06 07:49:34.093+00,2025-04-26 14:46:22.848+00,true
3149,Gandhi: An Autobiography,Mahatma Gandhi,False,90,9780807059098,560,"{classic,historical,influential}",3149.webp,#f2d69c,#dac18c,False,2025-04-06 07:49:34.111+00,2025-05-01 14:13:55.548+00,true
3181,"Band of Brothers: E Company, 506th Regiment, 101st Airborne, from Training Camp to D-Day",Stephen E. Ambrose,False,90,9780743224543,336,"{historical,adapted-to-film}",3181.webp,#4e4d35,#cdcdc7,True,2025-04-06 07:49:34.148+00,2025-05-01 14:14:41.039+00,true
3179,Manufacturing Consent: The Political Economy of the Mass Media,Edward S. Herman,False,85,9780375714498,412,"{influential,politics}",3179.webp,#004042,#b8c9ca,True,2025-04-06 07:49:34.146+00,2025-05-24 20:46:45.073+00,true
3187,How to Conquer Life: A Guide to Conquering Life,Lilly Singh,False,70,NULL,NULL,"{motivational,self-improvement}",3187.webp,#d73b11,#f4c8bc,True,2025-04-06 07:49:34.156+00,2025-05-24 20:47:02.09+00,true
3180,Non Violent Communication A Language of Life,Marshall B. Rosenberg,False,80,9781892005038,264,"{communication,self-improvement}",3180.webp,NULL,NULL,NULL,2025-04-06 07:49:34.147+00,2025-04-26 14:46:22.991+00,true
3200,How Not to Die: Discover the Foods Scientifically Proven to Prevent and Reverse Disease,Michael Greger,False,90,NULL,NULL,"{health,nutrition}",3200.webp,#348657,#c6ddd0,True,2025-04-06 07:49:34.173+00,2025-05-01 14:15:00.166+00,true
3182,"Surely You're Joking, Mr. Feynman!: Adventures of a Curious Character",Richard P. Feynman,False,90,9780393316049,352,"{science,biography}",3182.webp,NULL,NULL,NULL,2025-04-06 07:49:34.15+00,2025-04-26 14:46:22.997+00,true
3186,Pregnancy and Men,Pratik Patil,False,50,NULL,NULL,{educational},3186.webp,NULL,NULL,NULL,2025-04-06 07:49:34.155+00,2025-04-26 14:46:23.011+00,true
3192,"Catch and Kill: Lies, Spies, and a Conspiracy to Protect Predators",Ronan Farrow,False,85,NULL,NULL,"{investigative,journalism}",3192.webp,#d01f24,#f2c0c2,True,2025-04-06 07:49:34.163+00,2025-05-24 20:47:08.135+00,true
3194,What I Talk About When I Talk About Running,Haruki Murakami,False,75,NULL,NULL,"{memoir,running}",3194.webp,#e27f27,#f7dbc3,True,2025-04-06 07:49:34.166+00,2025-05-24 20:47:22.517+00,true
3195,Failing Forward: Turning Mistakes Into Stepping Stones for Success,John C. Maxwell,False,80,NULL,NULL,"{motivational,self-improvement}",3195.webp,#d36850,#f3d5ce,True,2025-04-06 07:49:34.167+00,2025-05-24 20:47:34.993+00,true
3196,What the Most Successful People Do Before Breakfast: A Short Guide to Making Over Your Mornings--and Life,Laura Vanderkam,False,70,NULL,NULL,"{self-improvement,productivity}",3196.webp,#4b6243,#cdd3ca,True,2025-04-06 07:49:34.168+00,2025-05-24 20:47:55.918+00,true
3197,The Story of Art,E.H. Gombrich,False,85,NULL,NULL,"{classic,educational}",3197.webp,#822816,#dcc3be,True,2025-04-06 07:49:34.169+00,2025-05-24 20:48:14.869+00,true
3201,Everyday Sexism,Laura Bates,False,80,NULL,NULL,"{feminism,society}",3201.webp,#593b7a,#d1c8da,True,2025-04-06 07:49:34.175+00,2025-05-24 20:48:32.65+00,true
3175,The Myth of Sisyphus and Other Essays,Albert Camus,False,85,9780679733737,212,"{classic,philosophy}",3175.webp,#d4bc92,#e1d0b3,True,2025-04-06 07:49:34.141+00,2025-05-24 20:46:19.432+00,true
3202,What Do You Care What Other People Think? Further Adventures of a Curious Character,Richard P. Feynman,False,85,NULL,NULL,"{science,memoir}",3202.webp,#f06d33,#fbd6c6,True,2025-04-06 07:49:34.176+00,2025-05-24 20:48:38.802+00,true
3203,The Crossroads of Should and Must: Find and Follow Your Passion,Elle Luna,False,70,NULL,NULL,"{self-improvement,creativity}",3203.webp,#f4a90f,#f7c357,True,2025-04-06 07:49:34.177+00,2025-05-24 20:48:45.327+00,true
3208,"The Compound Effect: Jumpstart Your Income, Your Life, Your Success",Darren Hardy,False,75,9781593157241,176,"{self-improvement,motivational}",3208.webp,#ffbc21,#ffd064,True,2025-04-06 07:49:34.184+00,2025-05-24 20:49:01.236+00,true
3209,Calypso,David Sedaris,False,80,9780316392389,272,"{humor,memoir}",3209.webp,#b1934a,#e9e1cc,True,2025-04-06 07:49:34.186+00,2025-05-24 20:49:07.201+00,true
3215,TED Talks: The Official TED Guide to Public Speaking,Chris J. Anderson,False,80,9780544634497,288,"{educational,communication}",3215.webp,#d61202,#f3bdb8,True,2025-04-06 07:49:34.194+00,2025-05-24 20:49:23+00,true
3210,Cunt: A Declaration of Independence,Inga Muscio,False,65,9781580050753,368,"{feminism,influential}",3210.webp,NULL,NULL,NULL,2025-04-06 07:49:34.187+00,2025-04-26 14:46:23.077+00,true
3178,Be More Pirate: Or How to Take On the World and Win,Sam Conniff,False,70,9780241307885,320,"{motivational,entrepreneurship}",3178.webp,#e9450f,#f9cbbc,True,2025-04-06 07:49:34.144+00,2025-05-24 20:46:38.77+00,true
3177,You Are a Badass: How to Stop Doubting Your Greatness and Start Living an Awesome Life,Jen Sincero,False,90,9780762447695,256,"{motivational,bestseller}",3177.webp,#feb329,#feca69,True,2025-04-06 07:49:34.143+00,2025-05-01 14:14:21.617+00,true
3221,An Anthropologist on Mars: Seven Paradoxical Tales,Oliver Sacks,False,85,9780679756972,336,"{psychology,science}",3221.webp,#00989e,#b8e2e4,True,2025-04-06 07:49:34.201+00,2025-05-24 20:49:53.884+00,true
3219,The Road to Character,David Brooks,False,80,9780812983418,320,"{self-improvement,philosophy}",3219.webp,#236866,#c1d5d4,True,2025-04-06 07:49:34.199+00,2025-05-24 20:49:47.934+00,true
22,The Hiding Place: The Triumphant True Story of Corrie Ten Boom,Corrie ten Boom,False,85,9780800794057,241,"{bestseller,historical,influential}",22.webp,NULL,NULL,NULL,2025-04-06 07:49:30.396+00,2025-04-26 14:46:23.122+00,true
96,The Diving Bell and the Butterfly: A Memoir of Life in Death,Jean-Dominique Bauby,False,85,9780375701214,132,"{award-winning,influential}",96.webp,#aacdc5,#c4dcd6,True,2025-04-06 07:49:30.514+00,2025-05-01 14:29:55.351+00,true
64,Who Moved My Cheese? An Amazing Way to Deal with Change in Your Work and in Your Life...,Spencer Johnson,False,92,9780399144462,96,"{bestseller,motivational,self-improvement,short-read}",64.webp,NULL,NULL,NULL,2025-04-06 07:49:30.468+00,2025-04-26 14:46:23.134+00,true
119,Totto-chan: The Little Girl at the Window,Tetsuko Kuroyanagi,False,75,9784770020675,232,"{biography,inspirational,educational}",119.webp,#cdaed3,#dcc6e0,True,2025-04-06 07:49:30.548+00,2025-05-24 17:53:06.043+00,true
111,The Boy in the Cellar,Stephen Smith,False,60,9781509882303,320,"{biography,inspirational}",111.webp,NULL,NULL,NULL,2025-04-06 07:49:30.537+00,2025-04-26 14:46:23.143+00,true
131,As You Wish: Inconceivable Tales from the Making of The Princess Bride,Cary Elwes,False,75,9781476764023,272,"{bestseller,adapted-to-film}",131.webp,#c3511b,#eecebf,True,2025-04-06 07:49:30.563+00,2025-05-24 17:59:31.165+00,true
141,The Chancellor: The Remarkable Odyssey of Angela Merkel,Kati Marton,False,70,9781501198227,368,"{biography,politics}",141.webp,#818b58,#dcdfd0,True,2025-04-06 07:49:30.578+00,2025-05-24 18:06:12.75+00,true
167,The Fact of a Body: A Murder and a Memoir,Alexandria Marzano-Lesnevich,False,75,9781250080547,336,"{award-winning,influential}",167.webp,#6a1512,#d5bdbd,True,2025-04-06 07:49:30.615+00,2025-05-24 18:27:03.258+00,true
203,The Radium Girls: The Dark Story of America’s Shining Women,Kate Moore,False,75,978-1492649359,496,"{historical,award-winning}",203.webp,#18211d,#bec1c0,True,2025-04-06 07:49:30.662+00,2025-05-24 19:15:30.545+00,true
177,Glucose Control Eating: Lose Weight Stay Slimmer Live Healthier Live Longer,Rick Mystrom,False,60,NULL,NULL,"{health,nutrition}",177.webp,NULL,NULL,NULL,2025-04-06 07:49:30.629+00,2025-04-26 14:46:23.16+00,true
183,"The Man Who Loved Books Too Much: The True Story of a Thief, a Detective, and a World of Literary Obsession",Allison Hoover Bartlett,False,60,9781594488917,288,"{niche,historical}",183.webp,NULL,NULL,NULL,2025-04-06 07:49:30.637+00,2025-04-26 14:46:23.163+00,true
216,None of Us Were Like This Before: American Soldiers and Torture,Joshua E.S. Phillips,False,65,978-1844678846,288,"{historical,society}",216.webp,#d0421c,#f2cabf,True,2025-04-06 07:49:30.678+00,2025-05-24 19:23:03.28+00,true
227,The Wright Brothers,David McCullough,False,80,9781476728759,336,"{bestseller,historical}",227.webp,#2f6a61,#c5d5d3,True,2025-04-06 07:49:30.693+00,2025-05-24 19:27:24.442+00,true
228,Simple Abundance: A Daybook of Comfort of Joy,Sarah Ban Breathnach,False,75,9780446519130,528,"{self-improvement,motivational}",228.webp,#d1b7a8,#dfcdc2,True,2025-04-06 07:49:30.694+00,2025-05-24 19:28:15.947+00,true
271,Slave: My True Story,Mende Nazer,False,75,9781586482121,320,"{biography,historical}",271.webp,#c03a1a,#edc8bf,True,2025-04-06 07:49:30.759+00,2025-05-24 19:59:56.662+00,
272,"Lost in Shangri-la: A True Story of Survival, Adventure, and the Human Spirit",Zachary Staines,False,70,NULL,400,"{historical,adventure}",272.webp,#e6721f,#f8d7c0,True,2025-04-06 07:49:30.761+00,2025-05-24 20:00:15.285+00,true
247,Sustainable & Responsible Investing 360°: Lessons Learned from World Class Investors,R. Scott Arnell,False,50,NULL,NULL,{educational},247.webp,NULL,NULL,NULL,2025-04-06 07:49:30.72+00,2025-04-26 14:46:23.183+00,true
254,How the Irish Saved Civilization: The Untold Story of Ireland's Heroic Role from the Fall of Rome to the Rise of Medieval Europe,Thomas Cahill,False,80,9780385418492,246,"{historical,influential}",254.webp,NULL,NULL,NULL,2025-04-06 07:49:30.731+00,2025-04-26 14:46:23.187+00,true
3218,Long Walk: The True Story of a Trek to Freedom,Slavomir Rawicz,False,70,9781592289448,256,"{adventure,historical}",3218.webp,#928e93,#e1dfe1,True,2025-04-06 07:49:34.198+00,2025-05-24 20:49:35.654+00,true
43,The 7 Habits of Highly Effective People: Powerful Lessons in Personal Change,Stephen R. Covey,False,95,9780743269513,381,"{bestseller,self-improvement,motivational}",43.webp,#0f6289,#bcd3de,True,2025-04-06 07:49:30.433+00,2025-04-27 08:29:40.435+00,true
349,The 8th Habit: From Effectiveness to Greatness (The Covey Habits Series),Stephen R. Covey,False,88,NULL,NULL,"{self-improvement,motivational}",349.webp,#0c1b39,#bbbfc7,True,2025-04-06 07:49:30.883+00,2025-05-01 14:15:54.39+00,true
358,Warriors Don't Cry: A Searing Memoir of the Battle to Integrate Little Rock's Central High,Melba Pattillo Beals,False,85,NULL,NULL,"{historical,award-winning}",358.webp,#d34b2c,#f3cdc4,True,2025-04-06 07:49:30.899+00,2025-05-01 14:16:20.493+00,true
440,The Power of Intention: Learning to Co-Create Your World Your Way,Wayne W. Dyer,False,85,9781401925960,272,"{self-improvement,motivational}",440.webp,#3e3252,#c9c6cf,True,2025-04-06 07:49:31.041+00,2025-05-01 14:17:56.103+00,true
361,Cinderella Ate My Daughter: Dispatches from the Frontlines of the New Girlie-Girl Culture,Peggy Orenstein,False,60,NULL,256,"{society,culture,parenting}",361.webp,NULL,NULL,NULL,2025-04-06 07:49:30.918+00,2025-04-26 14:46:23.217+00,true
392,"The Present: The Secret to Enjoying Your Work and Life, Now!",Spencer Johnson,False,75,9780385509305,112,"{self-improvement,motivational,short-read}",392.webp,#ed9113,#fae0bd,True,2025-04-06 07:49:30.983+00,2025-05-24 20:53:08.617+00,true
405,Dead Wake: The Last Crossing of the Lusitania,Erik Larson,False,80,9780307408860,448,"{historical,bestseller}",405.webp,#645659,#d4d0d1,True,2025-04-06 07:49:30.998+00,2025-05-24 20:53:48.336+00,true
406,I'm a Stranger Here Myself: Notes on Returning to America After Twenty Years Away,Bill Bryson,False,75,9780767903820,304,"{humor,travel}",406.webp,#68a3ab,#d5e5e7,True,2025-04-06 07:49:31+00,2025-05-24 20:53:56.08+00,true
456,The Dance of Anger: A Woman's Guide to Changing the Patterns of Intimate Relationships,Harriet Lerner,False,80,978-0060741044,256,"{self-improvement,bestseller}",456.webp,#b7261a,#ebc2bf,True,2025-04-06 07:49:31.06+00,2025-05-24 20:55:32.248+00,true
468,100 Ways to Motivate Yourself: Change Your Life Forever,Steve Chandler,False,65,9781564147752,224,"{motivational,self-improvement}",468.webp,#2e9280,#c5e1db,True,2025-04-06 07:49:31.074+00,2025-05-24 20:56:07.12+00,true
429,"Take a Deep Breath - 21 Top Tips for Relaxed, Rewarding and Healthy Life for Stressed Wage Earners",Michal Siwiec,False,50,NULL,NULL,"{self-improvement,health}",429.webp,NULL,NULL,NULL,2025-04-06 07:49:31.028+00,2025-04-26 14:46:23.239+00,true
495,A Life on Our Planet: My Witness Statement and a Look at What Lies Ahead,David Attenborough,False,85,9781529108279,272,"{influential,environmental}",495.webp,#578c57,#d0dfd0,True,2025-04-06 07:49:31.107+00,2025-05-01 14:18:39.972+00,true
451,The Success Principles: How to Get from Where You Are to Where You Want to Be,Jack Canfield,False,85,978-0060594893,512,"{motivational,self-improvement,bestseller}",451.webp,NULL,NULL,NULL,2025-04-06 07:49:31.055+00,2025-04-26 14:46:23.245+00,true
480,"The Courage to Be Disliked: How to Free Yourself, Change your Life and Achieve Real Happiness",Ichiro Kishimi,False,80,9781501197277,288,"{self-improvement,motivational}",480.webp,#c6343c,#efc6c9,True,2025-04-06 07:49:31.088+00,2025-05-24 20:57:02.433+00,true
539,The More of Less: Finding the Life You Want Under Everything You Own,Joshua Becker,False,70,9781601427960,240,"{self-improvement,minimalism}",539.webp,#009489,#b8e1de,True,2025-04-06 07:49:31.157+00,2025-05-24 20:59:44.35+00,true
554,They Cage the Animals at Night: The True Story of an Abandoned Child's Struggle for Emotional Survival,Jennings Michael Burch,False,70,9780451159410,288,"{biography,influential}",554.webp,#783719,#d9c7bf,True,2025-04-06 07:49:31.177+00,2025-05-24 21:01:09.357+00,true
500,Existentialism is a Humanism,Jean-Paul Sartre,False,85,9780300115468,108,"{philosophical,classic}",500.webp,#071526,#b9bdc2,True,2025-04-06 07:49:31.113+00,2025-05-01 14:18:52.629+00,true
544,Failed States: The Abuse of Power and the Assault on Democracy,Noam Chomsky,False,85,9780805082845,320,"{influential,political}",544.webp,#2b0c09,#c4bbba,True,2025-04-06 07:49:31.163+00,2025-05-01 14:19:32.91+00,true
511,Why I'm No Longer Talking to White People About Race,Reni Eddo-Lodge,False,90,9781408870587,272,"{bestseller,influential,society}",511.webp,NULL,NULL,NULL,2025-04-06 07:49:31.126+00,2025-04-26 14:46:23.265+00,true
595,The Now Habit: A Strategic Program for Overcoming Procrastination and Enjoying Guilt-Free Play,Neil A. Fiore,False,75,NULL,NULL,"{self-improvement,motivational}",595.webp,#f8c52c,#fad66b,True,2025-04-06 07:49:31.223+00,2025-05-24 21:04:13.895+00,true
578,I Thought It Was Just Me: Women Reclaiming Power and Courage in a Culture of Shame,Brené Brown,False,85,9781592403356,336,"{self-improvement,influential}",578.webp,#442a3f,#cbc3c9,True,2025-04-06 07:49:31.205+00,2025-05-01 14:21:23.639+00,true
372,The End of Your Life Book Club,Will Schwalbe,False,75,9780307594037,352,"{memoir,inspirational}",372.webp,#c8704e,#f0d7cd,True,2025-04-06 07:49:30.958+00,2025-05-24 20:51:55.739+00,true
583,Mentor Me: GA=T+E—A Formula to Fulfill Your Greatest Achievement,Ken Poirot,False,55,NULL,NULL,"{self-improvement,motivational}",583.webp,NULL,NULL,NULL,2025-04-06 07:49:31.211+00,2025-04-26 14:46:23.286+00,true
306,Smarter Faster Better: The Secrets of Being Productive in Life and Business,Charles Duhigg,False,88,9780812993394,400,"{bestseller,motivational}",306.webp,#33878a,#c6ddde,True,2025-04-06 07:49:30.82+00,2025-05-01 14:13:07.772+00,true
318,"Many Lives, Many Masters: The True Story of a Prominent Psychiatrist, His Young Patient, and the Past Life Therapy That Changed Both Their Lives",Brian L. Weiss,False,85,9780671657864,219,"{influential,psychology}",318.webp,#7472a9,#d8d7e7,True,2025-04-06 07:49:30.837+00,2025-05-01 14:14:32.686+00,true
658,Anatomy of the Spirit: The Seven Stages of Power and Healing,Caroline Myss,False,80,978-0609800140,320,"{spiritual,self-improvement}",658.webp,#f4bf1a,#f7d25f,True,2025-04-06 07:49:31.294+00,2025-05-24 21:07:17.394+00,true
693,Ain't I a Woman: Black Women and Feminism,bell hooks,False,85,9780896081307,205,"{influential,educational}",693.webp,#80507a,#dbceda,True,2025-04-06 07:49:31.334+00,2025-05-01 14:23:39.433+00,true
643,Worker Cooperatives and Revolution: History and Possibilities in the United States,Chris Wright,False,45,NULL,200,"{historical,educational}",643.webp,NULL,NULL,NULL,2025-04-06 07:49:31.278+00,2025-04-26 14:46:23.311+00,true
668,Beyond Belief: My Secret Life Inside Scientology and My Harrowing Escape,Jenna Miscavige Hill,False,80,NULL,416,"{biography,influential}",668.webp,#a3410f,#e5cabc,True,2025-04-06 07:49:31.306+00,2025-05-24 21:08:12.726+00,true
674,A Mind for Numbers: How to Excel at Math and Science,Barbara Oakley,False,80,NULL,336,"{educational,self-improvement}",674.webp,#01909e,#b8e0e4,True,2025-04-06 07:49:31.312+00,2025-05-24 21:08:30.68+00,true
703,The Soul of an Octopus: A Surprising Exploration into the Wonder of Consciousness,Sy Montgomery,False,75,9781451697728,272,"{award-winning,nature}",703.webp,#0a3c44,#bbc9cb,True,2025-04-06 07:49:31.344+00,2025-05-24 21:10:08.302+00,true
714,Anne Frank Remembered: The Story of the Woman Who Helped to Hide the Frank Family,Miep Gies,False,85,9780671662349,256,"{biography,historical}",714.webp,#75494e,#d8cccd,True,2025-04-06 07:49:31.356+00,2025-05-01 14:24:01.213+00,true
743,The Varieties of Scientific Experience: A Personal View of the Search for God,Carl Sagan,False,80,9780143112624,284,"{influential,science}",743.webp,#086379,#bad3d9,True,2025-04-06 07:49:31.391+00,2025-05-24 21:12:01.138+00,true
829,Who Will Cry When You Die?,Robin S. Sharma,False,85,9788184950625,256,"{self-improvement,motivational}",829.webp,#172c47,#bec4cb,True,2025-04-06 07:49:31.491+00,2025-05-01 14:27:21.827+00,true
717,The Truth of All that Is: The Angel book to Enlightenment and Personal Transformation,Amelia Bert,False,60,9781519616104,186,"{spirituality,self-improvement}",717.webp,NULL,NULL,NULL,2025-04-06 07:49:31.359+00,2025-04-26 14:46:23.334+00,true
766,What to Expect When You're Expecting,Heidi Murkoff,False,90,NULL,656,"{bestseller,educational}",766.webp,#8988a4,#dedee5,True,2025-04-06 07:49:31.42+00,2025-04-27 08:31:46.976+00,true
761,"Mini Habits: Smaller Habits, Bigger Results (Mini Habits, #1)",Stephen Guise,False,70,NULL,126,"{self-improvement,motivational}",761.webp,#8fc195,#b1d4b5,True,2025-04-06 07:49:31.414+00,2025-05-24 21:13:38.506+00,true
754,Hymns of The Church of Jesus Christ of Latter-day Saints,The Church of Jesus Christ of Latter-day Saints,False,60,NULL,434,{religion},754.webp,NULL,NULL,NULL,2025-04-06 07:49:31.405+00,2025-04-26 14:46:23.346+00,true
777,Set the Night on Fire: L.A. in the Sixties,Mike Davis,False,70,NULL,800,"{historical,influential}",777.webp,#e24620,#f7cbc1,True,2025-04-06 07:49:31.433+00,2025-05-24 21:13:59.746+00,true
632,The Things You Can See Only When You Slow Down: How to Be Calm in a Busy World,Haemin Sunim,False,85,9780143130772,288,"{bestseller,mindfulness}",632.webp,#597c36,#d1dac7,True,2025-04-06 07:49:31.267+00,2025-05-01 14:22:00.701+00,true
793,"Women, Food and God: An Unexpected Path to Almost Everything",Geneen Roth,False,75,9781416543077,211,"{bestseller,self-improvement}",793.webp,#fccf86,#e3ba79,False,2025-04-06 07:49:31.45+00,2025-05-24 21:14:07.859+00,true
784,Damaged Goods: Things You Must Know About Healing From Abuse,Tammy Lang,False,50,NULL,NULL,"{self-improvement,educational}",784.webp,NULL,NULL,NULL,2025-04-06 07:49:31.44+00,2025-04-26 14:46:23.358+00,true
858,The Little Book of Talent: 52 Tips for Improving Your Skills,Daniel Coyle,False,75,9780345530257,160,"{self-improvement,educational}",858.webp,#eeae3d,#f3c677,True,2025-04-06 07:49:31.522+00,2025-05-24 21:16:26.423+00,true
806,"Choosing Light: When an Earthquake Buried Me and My Family for 5 Days, I Learned to Fully Live",Viral Dalal,False,55,NULL,NULL,"{inspirational,biography}",806.webp,NULL,NULL,NULL,2025-04-06 07:49:31.464+00,2025-04-26 14:46:23.366+00,true
809,The Ultimate Human Secrets - The Hidden Power in our Mysterious Unconscious Knowledge,Ramzi Najjar,False,50,NULL,NULL,{self-improvement},809.webp,NULL,NULL,NULL,2025-04-06 07:49:31.468+00,2025-04-26 14:46:23.369+00,true
846,Give and Take: A Revolutionary Approach to Success,Adam M. Grant,False,88,9780143124986,320,"{bestseller,motivational}",846.webp,#25a29d,#c2e5e3,True,2025-04-06 07:49:31.509+00,2025-05-01 14:27:41.47+00,true
630,I Am That: Talks with Sri Nisargadatta Maharaj,Nisargadatta Maharaj,False,75,9780893860462,550,"{philosophy,spirituality}",630.webp,#bc86ae,#ecdde8,True,2025-04-06 07:49:31.264+00,2025-05-24 21:05:58.293+00,true
868,Journey of Souls: Case Studies of Life Between Lives,Michael Newton,False,70,9781567184853,288,"{spirituality,influential}",868.webp,#071c3a,#b9bfc8,True,2025-04-06 07:49:31.533+00,2025-05-24 21:16:59.878+00,true
891,The Universe Has Your Back: Transform Fear to Faith,Gabrielle Bernstein,False,75,9781401946548,200,"{motivational,self-improvement}",891.webp,#0c0d10,#bbbbbc,True,2025-04-06 07:49:31.559+00,2025-05-24 21:17:28.59+00,true
920,Women Who Love Too Much: When You Keep Wishing and Hoping He'll Change,Robin Norwood,False,70,9781416550211,334,"{self-improvement,relationships}",920.webp,#d42f1a,#f3c5bf,True,2025-04-06 07:49:31.592+00,2025-05-24 21:19:21.424+00,true
899,Spiritual Symbols (AoL Mindfulness #8),Nataša Pantović,False,50,NULL,180,"{mindfulness,educational}",899.webp,NULL,NULL,NULL,2025-04-06 07:49:31.567+00,2025-04-26 14:46:23.404+00,true
727,"SuperFreakonomics: Global Cooling, Patriotic Prostitutes And Why Suicide Bombers Should Buy Life Insurance",Steven D. Levitt,False,90,NULL,NULL,"{bestseller,economics}",727.webp,#065d5e,#b9d2d2,True,2025-04-06 07:49:31.372+00,2025-04-27 08:31:18.893+00,true
983,Make It Stick: The Science of Successful Learning,Peter C. Brown,False,78,9780674729018,336,"{educational,science}",983.webp,#9bd8c7,#b9e4d8,True,2025-04-06 07:49:31.663+00,2025-05-24 21:22:38.347+00,true
1064,Marley and Me: Life and Love With the World’s Worst Dog,John Grogan,False,85,9780060817084,291,"{bestseller,adapted-to-film}",1064.webp,#feb433,#fecb70,True,2025-04-06 07:49:31.757+00,2025-05-01 13:43:46.557+00,true
971,"The $100 Startup: Reinvent the Way You Make a Living, Do What You Love, and Create a New Future",Chris Guillebeau,False,85,9780307951526,304,"{bestseller,entrepreneurship}",971.webp,NULL,NULL,NULL,2025-04-06 07:49:31.65+00,2025-04-26 14:46:23.421+00,true
998,"Gmorning, Gnight!: Little Pep Talks for Me & You",Lin-Manuel Miranda,False,85,9781984854278,224,"{motivational,inspirational}",998.webp,#7d98b8,#dbe2eb,True,2025-04-06 07:49:31.683+00,2025-05-01 14:31:00.851+00,true
1021,Life and Times of Frederick Douglass,Frederick Douglass,False,80,9780486284996,480,"{classic,historical,influential}",1021.webp,#e4ab48,#ecc47f,True,2025-04-06 07:49:31.71+00,2025-05-24 17:41:28.647+00,true
1031,The Origin of Consciousness in the Breakdown of the Bicameral Mind,Julian Jaynes,False,65,9780618057078,512,"{psychology,influential}",1031.webp,#153d3c,#bdc9c9,True,2025-04-06 07:49:31.721+00,2025-05-24 17:43:11.397+00,true
1053,Burnout: The Secret to Unlocking the Stress Cycle,Emily Nagoski,False,78,9781984817068,304,"{self-improvement,motivational}",1053.webp,#8a0d00,#debbb8,True,2025-04-06 07:49:31.745+00,2025-05-24 17:47:37.148+00,true
1118,Lies My Teacher Told Me: Everything Your American History Textbook Got Wrong,James W. Loewen,False,75,9780743296281,383,"{educational,history}",1118.webp,#ad2e16,#e8c5be,True,2025-04-06 07:49:31.817+00,2025-05-24 17:49:27.281+00,true
1074,"The Devil in the White City: Murder, Magic, and Madness at the Fair That Changed America",Erik Larson,False,85,9780375725609,447,"{bestseller,historical}",1074.webp,#120f0a,#bdbcbb,True,2025-04-06 07:49:31.769+00,2025-05-01 13:44:13.72+00,true
1154,The Demon-Haunted World: Science as a Candle in the Dark,Carl Sagan,False,85,9780345409461,457,"{influential,educational}",1154.webp,#060606,#b9b9b9,True,2025-04-06 07:49:31.856+00,2025-05-01 13:46:10.597+00,true
1134,Dreams from My Father: A Story of Race and Inheritance,Barack Obama,False,95,9781400082773,464,"{bestseller,influential}",1134.webp,#fad997,#e1c388,False,2025-04-06 07:49:31.834+00,2025-04-27 08:14:00.874+00,true
1086,God Is Not Great: How Religion Poisons Everything,Christopher Hitchens,False,85,9780446697965,307,"{influential,controversial}",1086.webp,NULL,NULL,NULL,2025-04-06 07:49:31.782+00,2025-04-26 14:46:23.458+00,true
1164,Eat to Live: The Revolutionary Formula for Fast and Sustained Weight Loss,Joel Fuhrman,False,80,9780316120913,400,"{bestseller,health}",1164.webp,#328d55,#c6dfcf,True,2025-04-06 07:49:31.867+00,2025-05-24 17:51:07.565+00,true
1109,"Finding Hope in the Darkness of Grief: Spiritual Insights Expressed Through Art, Poetry and Prose",Diamante Lavendar,False,50,NULL,NULL,"{spirituality,self-improvement}",1109.webp,NULL,NULL,NULL,2025-04-06 07:49:31.807+00,2025-04-26 14:46:23.465+00,true
1230,"The Eighty-Dollar Champion: Snowman, the Horse That Inspired a Nation",Elizabeth Letts,False,75,NULL,NULL,"{inspirational,historical}",1230.webp,#c09a55,#ede3cf,True,2025-04-06 07:49:31.939+00,2025-05-24 17:55:24.756+00,true
1122,Shot Down: The True Story of Pilot Howard Snyder and the Crew of the B-17 Susan Ruth,Steve Snyder,False,60,9780986076008,360,{historical},1122.webp,NULL,NULL,NULL,2025-04-06 07:49:31.821+00,2025-04-26 14:46:23.472+00,true
958,The Hard Thing About Hard Things: Building a Business When There Are No Easy Answers,Ben Horowitz,False,90,9780062273208,304,"{bestseller,entrepreneurship}",958.webp,#ca5a20,#f0d1c1,True,2025-04-06 07:49:31.636+00,2025-04-27 08:33:25.233+00,true
1185,Discourse on Method and Meditations on First Philosophy,René Descartes,False,85,978-0872204201,128,"{classic,foundational}",1185.webp,#15120b,#bdbdbb,True,2025-04-06 07:49:31.89+00,2025-05-01 13:46:39.31+00,true
948,I'm Still Here: Black Dignity in a World Made for Whiteness,Austin Channing Brown,False,75,9781524760854,192,"{influential,society}",948.webp,#e9a721,#f0c164,True,2025-04-06 07:49:31.624+00,2025-05-24 21:20:41.869+00,true
984,"The 5 Second Rule: Transform Your Life, Work, and Confidence with Everyday Courage",Mel Robbins,False,85,9781682612385,240,"{motivational,self-improvement}",984.webp,#f5ad27,#f8c668,True,2025-04-06 07:49:31.664+00,2025-05-01 14:30:40.608+00,true
1211,"All My Love, Jesus: Personal Reminders From the Heart of God",Ron Lambros,False,0,NULL,NULL,{niche},1211.webp,NULL,NULL,NULL,2025-04-06 07:49:31.918+00,2025-04-26 14:46:23.506+00,true
1213,جاسوس من أجل لا أحد . ستة عشر عاماً في المخابرات السورية,صنيب، باسل محمد روحي. باسل محمد روحي صنيب.,False,0,NULL,NULL,{historical},1213.webp,NULL,NULL,NULL,2025-04-06 07:49:31.92+00,2025-04-26 14:46:23.51+00,true
1219,Enough: Silencing the Lies That Steal Your Confidence,Sharon Jaynes,False,60,NULL,NULL,"{self-improvement,motivational}",1219.webp,NULL,NULL,NULL,2025-04-06 07:49:31.926+00,2025-04-26 14:46:23.512+00,true
1077,Outliers: The Story of Success,Malcolm Gladwell,False,90,9780316017930,304,"{bestseller,influential}",1077.webp,#b9d2d5,#a7bdc0,False,2025-04-06 07:49:31.772+00,2025-04-27 08:13:25.918+00,true
1274,"Henry and June: The Unexpurgated Diary of Anaïs Nin, 1931-1932",Anaïs Nin,False,75,9780156400572,288,"{classic,influential}",1274.webp,#bc4431,#eccbc5,True,2025-04-06 07:49:31.988+00,2025-05-24 17:57:44.267+00,true
1263,Get Rich in Real Estate: Your Step-by-Step Guide to Acquiring Properties in NYC,Elliot Bogod,False,60,9781943386301,200,"{educational,motivational}",1263.webp,NULL,NULL,NULL,2025-04-06 07:49:31.977+00,2025-04-26 14:46:23.528+00,true
1307,The Portable Atheist: Essential Readings for the Nonbeliever,Christopher Hitchens,False,80,NULL,NULL,{influential},1307.webp,#1e2327,#c0c1c3,True,2025-04-06 07:49:32.026+00,2025-05-24 17:59:23.791+00,true
1283,"God's Promises For You: Divine Promises and Affirmations For Your Success, All-round Prosperity and Total Well-being",Theo John Paul,False,55,NULL,NULL,"{motivational,self-improvement}",1283.webp,NULL,NULL,NULL,2025-04-06 07:49:31.998+00,2025-04-26 14:46:23.534+00,true
1253,The spirit level: why more equal societies almost always do better,Richard G. Wilkinson,False,85,NULL,NULL,"{influential,educational}",1253.webp,#ffca09,#ffda53,True,2025-04-06 07:49:31.964+00,2025-05-01 13:47:59.374+00,true
1326,The Iridescence of Birds: A Book About Henri Matisse,Patricia MacLachlan,False,65,NULL,NULL,{biography},1326.webp,#5ba2a2,#d1e5e5,True,2025-04-06 07:49:32.048+00,2025-05-24 18:00:20.124+00,true
1311,"Christian Warrior Women: A Guide to Taking Back Your Faith, Family & Future (Christian Warrior Women Series Book 1)",Lisa Hawkins,False,60,NULL,NULL,{motivational},1311.webp,NULL,NULL,NULL,2025-04-06 07:49:32.03+00,2025-04-26 14:46:23.544+00,true
1381,Presentation Zen: Simple Ideas on Presentation Design and Delivery,Garr Reynolds,False,75,9780321525659,240,"{educational,communication}",1381.webp,#347176,#c6d7d9,True,2025-04-06 07:49:32.109+00,2025-05-24 18:04:37.313+00,true
1397,The Pursuit of God: The Human Thirst for the Divine,A.W. Tozer,False,80,9781600660159,128,"{religion,inspirational}",1397.webp,#822b02,#dcc4b8,True,2025-04-06 07:49:32.127+00,2025-05-24 18:05:25.392+00,true
1399,The Snowball: Warren Buffett and the Business of Life,Alice Schroeder,False,85,9780553805093,960,"{bestseller,biography}",1399.webp,#1f6081,#c0d3dc,True,2025-04-06 07:49:32.129+00,2025-05-01 13:49:45.422+00,true
1371,الإسلام بين الشرق والغرب,Alija Izetbegović,False,65,9789958410000,400,"{philosophy,religion}",1371.webp,NULL,NULL,NULL,2025-04-06 07:49:32.098+00,2025-04-26 14:46:23.563+00,true
1410,The Book of Awakening: Having the Life You Want by Being Present to the Life You Have,Mark Nepo,False,80,9781573241175,456,"{self-improvement,mindfulness,inspirational}",1410.webp,#3caa82,#c9e7dc,True,2025-04-06 07:49:32.142+00,2025-05-24 18:06:26.152+00,true
1420,Merchants of Doubt: How a Handful of Scientists Obscured the Truth on Issues from Tobacco Smoke to Global Warming,Naomi Oreskes,False,70,9781608193943,368,"{influential,educational}",1420.webp,#624652,#d3cbcf,True,2025-04-06 07:49:32.154+00,2025-05-24 18:07:24.572+00,true
1494,The Four Tendencies: The Indispensable Personality Profiles That Reveal How to Make Your Life Better,Gretchen Rubin,False,85,978-1524760915,272,"{bestseller,self-improvement}",1494.webp,#24a39b,#c2e5e3,True,2025-04-06 07:49:32.235+00,2025-05-01 13:52:46.657+00,true
1442,The Book You Wish Your Parents Had Read [and Your Children Will Be Glad That You Did],Philippa Perry,False,75,9780241250990,272,"{parenting,educational}",1442.webp,#fad1c8,#e1bcb4,False,2025-04-06 07:49:32.179+00,2025-05-24 18:08:18.857+00,true
1445,It's All Too Much: An Easy Plan for Living a Richer Life with Less Stuff,Peter Walsh,False,70,9780743292658,240,"{self-improvement,motivational}",1445.webp,#16949b,#bee1e3,True,2025-04-06 07:49:32.183+00,2025-05-24 18:08:40.377+00,true
1437,"Why They Stay: Sex Scandals, Deals, and Hidden Agendas of Nine Political Wives",Anne Michaud,False,60,9781633886196,288,{political},1437.webp,NULL,NULL,NULL,2025-04-06 07:49:32.173+00,2025-04-26 14:46:23.58+00,true
1458,"George, Nicholas and Wilhelm: Three Royal Cousins and the Road to World War I",Miranda Carter,False,75,9781400079124,528,"{historical,biography}",1458.webp,#e0a762,#e9c191,True,2025-04-06 07:49:32.197+00,2025-05-24 18:09:23.757+00,true
1471,Trick Mirror: Reflections on Self-Delusion,Jia Tolentino,False,75,9780525510543,320,"{trending,essay}",1471.webp,#cd3062,#f1c5d3,True,2025-04-06 07:49:32.21+00,2025-05-24 18:11:16.452+00,true
1479,Traitor to His Class: The Privileged Life and Radical Presidency of Franklin Delano Roosevelt,H.W. Brands,False,75,9780385519588,896,"{historical,political}",1479.webp,#bd6b48,#edd5cc,True,2025-04-06 07:49:32.219+00,2025-05-24 18:11:38.298+00,true
1540,The Man Who Loved Only Numbers: The Story of Paul Erdős and the Search for Mathematical Truth,Paul Hoffman,False,70,9780786884063,301,"{biography,mathematics}",1540.webp,#1b627c,#bfd3da,True,2025-04-06 07:49:32.288+00,2025-05-24 18:15:13.922+00,true
1486,How to Live on 24 Hours a Day,Arnold Bennett,False,60,978-1607962173,72,"{classic,self-improvement}",1486.webp,NULL,NULL,NULL,2025-04-06 07:49:32.226+00,2025-04-26 14:46:23.601+00,true
1487,Be Still and Listen: Experience the Presence of God in Your Life,Amos Smith,False,50,NULL,NULL,{spiritual},1487.webp,NULL,NULL,NULL,2025-04-06 07:49:32.227+00,2025-04-26 14:46:23.605+00,true
1260,La bibliotecaria de Auschwitz,Antonio Iturbe,False,70,9781250211682,424,"{historical,influential}",1260.webp,#727e68,#d7dbd5,True,2025-04-06 07:49:31.973+00,2025-05-24 17:57:07.779+00,true
1530,The Obesity Myth: Why America's Obsession with Weight is Hazardous to Your Health,Paul Campos,False,60,9781592400669,320,"{educational,health}",1530.webp,NULL,NULL,NULL,2025-04-06 07:49:32.276+00,2025-04-26 14:46:23.617+00,true
1296,What Color Is Your Parachute? A Practical Manual for Job-Hunters and Career-Changers,Richard Nelson Bolles,False,90,NULL,NULL,"{bestseller,career,self-improvement}",1296.webp,#dc550d,#f5cfbb,True,2025-04-06 07:49:32.012+00,2025-04-27 08:19:14.201+00,true
1360,"Option B: Facing Adversity, Building Resilience, and Finding Joy",Sheryl Sandberg,False,85,9781524732684,240,"{bestseller,motivational,self-improvement}",1360.webp,#dad8d1,#c4c2bc,False,2025-04-06 07:49:32.086+00,2025-05-01 13:49:21.65+00,true
1618,"The Willpower Instinct: How Self-Control Works, Why It Matters, and What You Can Do to Get More of It",Kelly McGonigal,False,85,9781583335086,272,"{self-improvement,motivational}",1618.webp,#306c97,#c5d6e2,True,2025-04-06 07:49:32.372+00,2025-05-01 13:56:03.569+00,true
1620,Everything is Figureoutable,Marie Forleo,False,75,9780525534990,304,"{motivational,self-improvement}",1620.webp,#4485b2,#cbdde9,True,2025-04-06 07:49:32.374+00,2025-05-24 18:22:43.293+00,true
1810,"Soul Surfer: A True Story of Faith, Family, and the Power of the Human Spirit",Bethany Hamilton,False,85,9781416503460,240,"{inspirational,biography}",1810.webp,#3c5c8a,#c9d1de,True,2025-04-06 07:49:32.579+00,2025-05-01 13:59:40.28+00,true
1624,"Acid Dreams: The CIA, LSD and the Sixties Rebellion",Martin A. Lee,False,65,9780802130624,384,"{historical,politics}",1624.webp,#bb95a5,#cfb5c0,True,2025-04-06 07:49:32.379+00,2025-05-24 18:22:51.59+00,true
1635,Media Control: The Spectacular Achievements of Propaganda,Noam Chomsky,False,80,9781583225363,112,"{politics,influential}",1635.webp,#a62211,#e6c1bc,True,2025-04-06 07:49:32.391+00,2025-05-24 18:24:06.881+00,true
1646,I Shall Not Hate: A Gaza Doctor's Journey on the Road to Peace and Human Dignity,Izzeldin Abuelaish,False,80,NULL,NULL,"{influential,award-winning}",1646.webp,#edb64c,#f2cc82,True,2025-04-06 07:49:32.403+00,2025-05-24 18:24:42.342+00,true
1659,Andrew Jackson: His Life and Times,H.W. Brands,False,75,NULL,NULL,"{historical,biography}",1659.webp,#354851,#c7ccce,True,2025-04-06 07:49:32.417+00,2025-05-24 18:25:55.697+00,true
1666,"Dear Girls: Intimate Tales, Untold Secrets, & Advice for Living Your Best Life",Ali Wong,False,75,9780525508830,240,"{humor,memoir}",1666.webp,#d84071,#f4c9d7,True,2025-04-06 07:49:32.424+00,2025-05-24 18:26:41.03+00,true
1679,The Five: The Untold Lives of the Women Killed by Jack the Ripper,Hallie Rubenhold,False,80,9781328663818,432,"{historical,biography}",1679.webp,#98241f,#e2c2c0,True,2025-04-06 07:49:32.438+00,2025-05-24 18:27:38.016+00,true
1690,90 Minutes in Heaven: A True Story of Death and Life,Don Piper,False,80,9780800759490,208,"{inspirational,religion}",1690.webp,#003670,#b8c7d7,True,2025-04-06 07:49:32.449+00,2025-05-24 18:28:41.268+00,true
1710,"The Noticer: Sometimes, All a Person Needs Is a Little Perspective",Andy Andrews,False,65,9780785232322,176,"{motivational,self-improvement}",1710.webp,#356372,#c7d3d7,True,2025-04-06 07:49:32.47+00,2025-05-24 18:29:38.598+00,true
1714,The Holographic Universe,Michael Talbot,False,75,9780060922580,384,"{science,philosophy}",1714.webp,#051b3a,#b9bfc8,True,2025-04-06 07:49:32.474+00,2025-05-24 18:29:45.811+00,true
1721,The Woman Who Wasn't There: The True Story of an Incredible Deception,Robin Gaby Fisher,False,65,9781451652087,256,"{historical,influential}",1721.webp,#d32b00,#f3c4b8,True,2025-04-06 07:49:32.482+00,2025-05-24 18:30:40.297+00,true
1751,Survivor's Guilt: The Secret Service and the Failure to Protect President Kennedy,Vincent Michael Palamara,False,65,NULL,NULL,"{historical,politics}",1751.webp,#69aaae,#d5e7e8,True,2025-04-06 07:49:32.514+00,2025-05-24 18:31:13.829+00,true
1759,Living My Life,Emma Goldman,False,70,NULL,NULL,"{biography,historical}",1759.webp,#a54444,#e6cbcb,True,2025-04-06 07:49:32.523+00,2025-05-24 18:31:30.296+00,true
1738,It Comes Natural - Understanding Natural and Integrative Medicine,Marsha Gujurati,False,50,NULL,NULL,{educational},1738.webp,NULL,NULL,NULL,2025-04-06 07:49:32.5+00,2025-04-26 14:46:23.681+00,true
1806,Why Are All The Black Kids Sitting Together in the Cafeteria?,Beverly Daniel Tatum,False,80,9780465060689,464,"{influential,educational}",1806.webp,#f26725,#fbd5c2,True,2025-04-06 07:49:32.575+00,2025-05-24 18:34:13.486+00,true
1762,American Story: A Lifetime Search for Ordinary People Doing Extraordinary Things,Bob Dotson,False,60,NULL,NULL,{inspirational},1762.webp,NULL,NULL,NULL,2025-04-06 07:49:32.526+00,2025-04-26 14:46:23.692+00,true
1779,Loving Ordinary Life: The Self-Help Book for People Who Are Tired of Self-Help Books,Anastasia Petrenko,False,60,NULL,NULL,"{self-improvement,motivational}",1779.webp,NULL,NULL,NULL,2025-04-06 07:49:32.544+00,2025-04-26 14:46:23.698+00,true
1799,"5 Minute Fitness Strength Training for Senior Women at 50+ : Simple Home Exercises to Maintain Your Healthier Body, Increase Energy Level, and Improve Strength in 2 Weeks",Bruce Harris,False,60,NULL,NULL,"{health,self-improvement}",1799.webp,NULL,NULL,NULL,2025-04-06 07:49:32.566+00,2025-04-26 14:46:23.704+00,true
1823,23 Things They Don't Tell You About Capitalism,Ha-Joon Chang,False,85,9781608191666,304,"{bestseller,influential}",1823.webp,#97953e,#e2e1c9,True,2025-04-06 07:49:32.593+00,2025-05-01 14:00:04.094+00,true
1576,Confederates in the Attic: Dispatches from the Unfinished Civil War,Tony Horwitz,False,80,9780679758334,432,"{historical,society}",1576.webp,#a5683c,#e6d5c9,True,2025-04-06 07:49:32.328+00,2025-05-24 18:17:32.583+00,true
1834,"N*gga Theory: Race, Language, Unequal Justice, and the Law",Jody Armour,False,70,9781940660789,272,{influential},1834.webp,NULL,NULL,NULL,2025-04-06 07:49:32.605+00,2025-04-26 14:46:23.716+00,true
1854,أقوم قيلا,سلطان موسى الموسى,False,75,NULL,NULL,{influential},1854.webp,NULL,NULL,NULL,2025-04-06 07:49:32.625+00,2025-04-26 14:46:23.722+00,true
1598,1491: New Revelations of the Americas Before Columbus,Charles C. Mann,False,85,9781400032051,541,"{historical,educational}",1598.webp,#f7a345,#f9bf7d,True,2025-04-06 07:49:32.351+00,2025-05-01 13:55:21.309+00,true
1610,Concerning the Spiritual in Art,Wassily Kandinsky,False,65,9780486234113,80,"{classic,educational}",1610.webp,#3f9f8d,#c9e4df,True,2025-04-06 07:49:32.363+00,2025-05-24 18:21:38.948+00,true
1907,Only the Paranoid Survive: How to Exploit the Crisis Points that Challenge Every Company and Career,Andrew S. Grove,False,85,9780385483827,240,"{business,motivational}",1907.webp,#07090e,#b9babb,True,2025-04-06 07:49:32.684+00,2025-05-01 14:00:33.56+00,true
1918,"Boy: Tales of Childhood (Roald Dahl's Autobiography, #1)",Roald Dahl,False,85,9780142413812,176,"{biography,classic}",1918.webp,#dbc495,#e6d6b5,True,2025-04-06 07:49:32.695+00,2025-05-01 14:00:40.928+00,true
2001,The Magic of Reality: How We Know What's Really True,Richard Dawkins,False,85,978-1451675047,272,"{educational,science}",2001.webp,#293e34,#c3c9c6,True,2025-04-06 07:49:32.785+00,2025-05-01 14:02:09.795+00,true
1895,Scaling Up: How a Few Companies Make It...and Why the Rest Don't (Rockefeller Habits 2.0 Revised Edition),Verne Harnish,False,85,NULL,NULL,"{business,bestseller}",1895.webp,#06244c,#b9c2cd,True,2025-04-06 07:49:32.671+00,2025-05-01 14:00:27.443+00,true
1944,The Irresistible Revolution: Living as an Ordinary Radical,Shane Claiborne,False,60,9780310266303,367,"{inspirational,spiritual}",1944.webp,NULL,NULL,NULL,2025-04-06 07:49:32.724+00,2025-04-26 14:46:23.755+00,true
1951,The Unfettered Mind: Writings of the Zen Master to the Sword Master,Takuan Soho,False,70,9784770029478,144,"{philosophy,""martial arts""}",1951.webp,#994e5d,#e3cdd2,True,2025-04-06 07:49:32.732+00,2025-05-24 19:13:11.037+00,true
1993,"The Golden Spruce: A True Story of Myth, Madness, and Greed",John Vaillant,False,75,NULL,NULL,"{nature,history}",1993.webp,#043a3d,#b9c8c9,True,2025-04-06 07:49:32.777+00,2025-05-24 19:14:32.573+00,true
1964,"Christianity Made Simple: A Regular Parent’s Guide to Making Sense of Christianity, Answering the Hard Questions, and Building Lasting Values in the Modern World",Matthew Fortunato,False,55,NULL,NULL,"{educational,religion}",1964.webp,NULL,NULL,NULL,2025-04-06 07:49:32.746+00,2025-04-26 14:46:23.764+00,true
1998,Things a Little Bird Told Me: Confessions of the Creative Mind,Biz Stone,False,75,NULL,NULL,"{creativity,biography}",1998.webp,#2f8985,#c5dedd,True,2025-04-06 07:49:32.782+00,2025-05-24 19:14:39.899+00,true
2010,The Inconvenient Indian: A Curious Account of Native People in North America,Thomas King,False,80,978-0385664226,272,"{historical,influential}",2010.webp,#d44930,#f3ccc5,True,2025-04-06 07:49:32.796+00,2025-05-24 19:14:47.282+00,true
2022,Taking the Leap: Freeing Ourselves from Old Habits and Fears,Pema Chödrön,False,75,9781590306345,111,"{self-improvement,motivational}",2022.webp,#3799b7,#c7e3eb,True,2025-04-06 07:49:32.81+00,2025-05-24 19:15:15.169+00,true
2088,Martin Luther's Ninety-Five Theses,Martin Luther,False,85,NULL,NULL,"{classic,historical}",2088.webp,#3c2224,#c9c1c2,True,2025-04-06 07:49:32.887+00,2025-05-01 14:03:33.294+00,true
2033,Nikola Tesla: Imagination and the Man That Invented the 20th Century,Sean Patrick,False,75,9781938895173,70,"{biography,science}",2033.webp,#688288,#d5dcde,True,2025-04-06 07:49:32.822+00,2025-05-24 19:15:59.868+00,true
2040,The Dance of Intimacy: A Woman's Guide to Courageous Acts of Change in Key Relationships,Harriet Lerner,False,70,NULL,NULL,"{self-improvement,relationships}",2040.webp,#dd654d,#f5d4cd,True,2025-04-06 07:49:32.832+00,2025-05-24 19:16:36.235+00,true
2046,Empire of the Summer Moon,S.C. Gwynne,False,80,NULL,NULL,"{historical,""native american""}",2046.webp,#8c2c1d,#dfc4c0,True,2025-04-06 07:49:32.839+00,2025-05-24 19:16:58.988+00,true
2054,1453: The Holy War for Constantinople and the Clash of Islam and the West,Roger Crowley,False,80,NULL,NULL,"{historical,war}",2054.webp,#aa350b,#e7c7bb,True,2025-04-06 07:49:32.848+00,2025-05-24 19:17:48.164+00,true
2068,Crying in H Mart,Michelle Zauner,False,80,NULL,NULL,"{memoir,bestseller}",2068.webp,#ec140f,#fabdbc,True,2025-04-06 07:49:32.864+00,2025-05-24 19:18:17.986+00,true
2072,"Who's Got Your Back: The Breakthrough Program to Build Deep, Trusting Relationships That Create Success--And Won't Let You Fail",Keith Ferrazzi,False,70,NULL,NULL,"{self-improvement,relationships}",2072.webp,#1a4a5a,#bfccd1,True,2025-04-06 07:49:32.869+00,2025-05-24 19:18:54.451+00,true
2094,It's Not Supposed to Be This Way: Finding Unexpected Strength When Disappointments Leave You Shattered,Lysa TerKeurst,False,70,NULL,NULL,"{motivational,self-improvement}",2094.webp,#308885,#c5dedd,True,2025-04-06 07:49:32.894+00,2025-05-24 19:19:52.281+00,true
2122,"The Biology Of Belief: Unleashing The Power Of Consciousness, Matter And Miracles",Bruce H. Lipton,False,75,NULL,NULL,"{influential,educational}",2122.webp,#db550d,#f5cfbb,True,2025-04-06 07:49:32.925+00,2025-05-24 19:21:38.523+00,true
2108,The Fifth Discipline: The Art & Practice of The Learning Organization,Peter M. Senge,False,85,9780385517256,445,"{bestseller,educational}",2108.webp,#042246,#b9c1cb,True,2025-04-06 07:49:32.909+00,2025-05-01 14:03:55.489+00,true
2182,The World Without Us,Alan Weisman,False,75,9780312427900,432,"{influential,environmental}",2182.webp,#146d62,#bdd6d3,True,2025-04-06 07:49:32.995+00,2025-05-24 19:23:23.177+00,true
2142,A History of Western Philosophy,Bertrand Russell,False,85,9780671201586,895,"{classic,foundational}",2142.webp,#1f4c63,#c0cdd3,True,2025-04-06 07:49:32.948+00,2025-05-01 14:04:23.388+00,true
2134,Believing Christ: The Parable of the Bicycle and Other Good News,Stephen E. Robinson,False,70,NULL,NULL,"{religious,motivational}",2134.webp,NULL,NULL,NULL,2025-04-06 07:49:32.939+00,2025-04-26 14:46:23.831+00,true
1949,The Art of Worldly Wisdom: A Pocket Oracle,Baltasar Gracián,False,80,9780385421317,160,"{classic,philosophy}",1949.webp,#a66100,#e6d3b8,True,2025-04-06 07:49:32.73+00,2025-05-24 18:41:59.037+00,true
2152,Yoga and Vipassana: An Integrated Life Style,Amit Ray,False,55,9788191009605,146,{educational},2152.webp,NULL,NULL,NULL,2025-04-06 07:49:32.959+00,2025-04-26 14:46:23.84+00,true
1931,Rich Dad's Cashflow Quadrant: Rich Dad's Guide to Financial Freedom,Robert T. Kiyosaki,False,90,9781612680064,320,"{bestseller,motivational,self-improvement}",1931.webp,#482040,#ccc1c9,True,2025-04-06 07:49:32.71+00,2025-04-27 08:22:32.92+00,true
1877,The Four Elements of Life,Roxana Jones,False,55,NULL,NULL,"{self-improvement,philosophy}",1877.webp,NULL,NULL,NULL,2025-04-06 07:49:32.651+00,2025-04-26 14:46:23.732+00,true
2232,Divergent Mind: Thriving in a World That Wasn't Designed for You,Jenara Nerenberg,False,70,9780062876799,256,"{self-improvement,educational}",2232.webp,#256281,#c2d3dc,True,2025-04-06 07:49:33.052+00,2025-05-24 19:24:57.524+00,true
2273,Istanbul: Memories and the City,Orhan Pamuk,False,75,9781400033881,368,"{memoir,historical}",2273.webp,#f69565,#f9b593,True,2025-04-06 07:49:33.099+00,2025-05-24 19:27:38.29+00,true
2259,You Can Heal Your Life,Louise L. Hay,False,90,978-0937611012,272,"{bestseller,self-improvement,motivational}",2259.webp,#fd6e56,#ffd7d0,True,2025-04-06 07:49:33.083+00,2025-04-27 08:24:38.375+00,true
2366,"Capital: A Critique of Political Economy, Volume 2",Karl Marx,False,90,978-0140445695,624,"{classic,foundational}",2366.webp,#a92013,#e7c1bd,True,2025-04-06 07:49:33.208+00,2025-04-27 08:25:13.278+00,true
2271,"World War II: London Blitz Diary, Volume 2",Ruby Side Thompson,False,60,NULL,NULL,"{historical,diary}",2271.webp,NULL,NULL,NULL,2025-04-06 07:49:33.097+00,2025-04-26 14:46:23.874+00,true
2295,Eat & Run: My Unlikely Journey to Ultramarathon Greatness,Scott Jurek,False,80,NULL,NULL,"{biography,motivational}",2295.webp,#ea5523,#f9cfc1,True,2025-04-06 07:49:33.124+00,2025-05-24 19:29:09.104+00,true
2313,Funny in Farsi: A Memoir of Growing Up Iranian in America,Firoozeh Dumas,False,75,9780812968378,240,"{memoir,humor}",2313.webp,#339654,#c6e2cf,True,2025-04-06 07:49:33.146+00,2025-05-24 19:29:33.905+00,true
2319,Think Like a Rocket Scientist: Simple Strategies You Can Use to Make Giant Leaps in Work and Life,Ozan Varol,False,85,9781541762596,368,"{motivational,self-improvement}",2319.webp,#001e46,#b8c0cb,True,2025-04-06 07:49:33.153+00,2025-05-24 19:30:02.736+00,true
2334,The Sunflower: On the Possibilities and Limits of Forgiveness,Simon Wiesenthal,False,80,9780805210606,304,"{philosophical,influential}",2334.webp,#c74a0c,#efccbb,True,2025-04-06 07:49:33.17+00,2025-05-24 19:32:03.925+00,true
2346,Darwin's Black Box: The Biochemical Challenge to Evolution,Michael J. Behe,False,75,NULL,NULL,{science},2346.webp,#504795,#cecbe1,True,2025-04-06 07:49:33.185+00,2025-05-24 19:33:02.164+00,true
2326,Going Green Without Going Broke,Diedra DD Holley,False,45,NULL,NULL,{environmental},2326.webp,NULL,NULL,NULL,2025-04-06 07:49:33.161+00,2025-04-26 14:46:23.894+00,true
2353,"Dark Towers: Deutsche Bank, Donald Trump, and an Epic Trail of Destruction",David Enrich,False,70,NULL,NULL,"{business,current-events}",2353.webp,#84272b,#ddc3c4,True,2025-04-06 07:49:33.193+00,2025-05-24 19:33:31.764+00,true
2410,Competing Against Luck,Clayton M. Christensen,False,80,9780062435613,288,"{business,influential}",2410.webp,#163c45,#bec9cb,True,2025-04-06 07:49:33.262+00,2025-05-24 19:39:05.896+00,true
2425,When Helping Hurts: How to Alleviate Poverty Without Hurting the Poor . . . and Yourself,Steve Corbett,False,65,9780802457066,288,{educational},2425.webp,#b7eed7,#a5d6c2,False,2025-04-06 07:49:33.279+00,2025-05-24 19:39:50.881+00,true
2492,In Search of Excellence: Lessons from America's Best-Run Companies,Thomas J. Peters,False,90,9780060548780,360,"{bestseller,business}",2492.webp,#041e2d,#b9c0c4,True,2025-04-06 07:49:33.354+00,2025-04-27 08:25:56.64+00,true
2437,Love Poems from God: Twelve Sacred Voices from the East and West,Daniel Ladinsky,False,70,9780142196120,384,{influential},2437.webp,#f8a52d,#fac06c,True,2025-04-06 07:49:33.292+00,2025-05-24 19:40:25.225+00,true
2415,Desiring God: Meditations of a Christian Hedonist,John Piper,False,75,9781590521199,400,"{religious,influential}",2415.webp,NULL,NULL,NULL,2025-04-06 07:49:33.268+00,2025-04-26 14:46:23.921+00,true
2456,"The Accidental Billionaires: The Founding of Facebook, a Tale of Sex, Money, Genius, and Betrayal",Ben Mezrich,False,80,NULL,NULL,"{bestseller,adapted-to-film}",2456.webp,#23111e,#c1bcc0,True,2025-04-06 07:49:33.314+00,2025-05-24 19:42:14.422+00,true
2461,Cradle to Cradle: Remaking the Way We Make Things,William McDonough,False,75,9780865475878,208,"{influential,educational}",2461.webp,#319ec0,#c5e4ed,True,2025-04-06 07:49:33.319+00,2025-05-24 19:42:43.953+00,true
2450,SELF HELP: How to unleash your true potential,Shivam,False,55,NULL,NULL,"{self-improvement,motivational}",2450.webp,NULL,NULL,NULL,2025-04-06 07:49:33.307+00,2025-04-26 14:46:23.93+00,true
2506,Princess: A True Story of Life Behind the Veil in Saudi Arabia,Jean Sasson,False,85,NULL,NULL,"{biography,influential}",2506.webp,#c54121,#efcac1,True,2025-04-06 07:49:33.37+00,2025-05-24 19:46:42.103+00,true
2482,Memoirs of Dr Andrew Moonir Khan - A great Educator In Trinidad and Tobago,Brenda C. Mohammed,False,40,NULL,NULL,"{educational,biography}",2482.webp,NULL,NULL,NULL,2025-04-06 07:49:33.342+00,2025-04-26 14:46:23.946+00,true
2230,Invisible Women: Data Bias in a World Designed for Men,Caroline Criado Pérez,False,85,9781419729072,411,"{influential,educational}",2230.webp,#053661,#b9c7d3,True,2025-04-06 07:49:33.05+00,2025-05-24 19:24:51.844+00,true
2504,Where Are the Cocoa Puffs?: A Family's Journey through Bipolar Disorder,Karen Winters Schwartz,False,55,NULL,NULL,{educational},2504.webp,NULL,NULL,NULL,2025-04-06 07:49:33.368+00,2025-04-26 14:46:23.951+00,true
2204,When Breath Becomes Air,Paul Kalanithi,False,90,9780812988406,228,"{bestseller,award-winning,motivational}",2204.webp,#749ca7,#d8e3e6,True,2025-04-06 07:49:33.021+00,2025-04-27 08:24:05.29+00,true
2241,"Daring Greatly: How the Courage to Be Vulnerable Transforms the Way We Live, Love, Parent, and Lead",Brené Brown,False,90,978-1592408412,320,"{bestseller,motivational,self-improvement}",2241.webp,#aa8651,#e7ddce,True,2025-04-06 07:49:33.062+00,2025-04-27 08:24:31.366+00,true
2557,Joseph Smith: Rough Stone Rolling,Richard L. Bushman,False,70,9781400077530,768,"{biography,religion}",2557.webp,#173d3d,#bec9c9,True,2025-04-06 07:49:33.428+00,2025-05-24 19:50:27.143+00,true
2568,Reform or Revolution,Rosa Luxemburg,False,75,9780486447766,128,"{historical,influential}",2568.webp,#6d777b,#d6d9da,True,2025-04-06 07:49:33.442+00,2025-05-24 19:51:23.89+00,true
2576,Steve Jobs: The Man Who Thought Different: A Biography,Karen Blumenthal,False,85,9781250014450,320,"{bestseller,influential}",2576.webp,#f6dbb7,#ddc5a5,False,2025-04-06 07:49:33.451+00,2025-05-24 19:52:22.776+00,true
2586,"Mountains Beyond Mountains: The Quest of Dr. Paul Farmer, a Man Who Would Cure the World",Tracy Kidder,False,75,9780812973013,336,"{influential,educational}",2586.webp,#9fcfba,#bcddcf,True,2025-04-06 07:49:33.463+00,2025-05-24 19:53:03.072+00,true
2602,The Motorcycle Diaries: Notes on a Latin American Journey,Ernesto Che Guevara,False,80,9781876175702,175,"{historical,influential}",2602.webp,#228374,#c1dcd8,True,2025-04-06 07:49:33.481+00,2025-05-24 19:53:28.526+00,true
2612,We Wish to Inform You That Tomorrow We Will Be Killed with Our Families,Philip Gourevitch,False,75,978-0312243357,368,"{historical,award-winning}",2612.webp,#6b857f,#d5dddb,True,2025-04-06 07:49:33.492+00,2025-05-24 19:53:47.94+00,true
2597,My Money My Way: Taking Back Control of Your Financial Life,Kumiko Love,False,60,NULL,256,"{self-improvement,educational}",2597.webp,NULL,NULL,NULL,2025-04-06 07:49:33.476+00,2025-04-26 14:46:23.982+00,true
2623,"The Pianist: The Extraordinary Story of One Man's Survival in Warsaw, 1939–45",Władysław Szpilman,False,80,978-0312263768,224,"{adapted-to-film,historical}",2623.webp,#1d211f,#c0c1c0,True,2025-04-06 07:49:33.505+00,2025-05-24 19:54:39.911+00,true
2635,The Boy From Block 66: A WW2 Jewish Holocaust Survival True Story (Heroic Children of World War II Book 1),Limor Regev,False,65,NULL,NULL,"{historical,inspirational}",2635.webp,#7092be,#d7e1ed,True,2025-04-06 07:49:33.518+00,2025-05-24 19:55:05.891+00,true
2644,The Essential Rumi,Jalal ad-Din Muhammad ar-Rumi,False,85,9780062509598,416,"{classic,poetry}",2644.webp,#1a3553,#bfc7cf,True,2025-04-06 07:49:33.529+00,2025-05-24 19:55:56.711+00,true
2673,"King Leopold's Ghost: A Story of Greed, Terror, and Heroism in Colonial Africa",Adam Hochschild,False,75,9780618001903,400,"{historical,influential}",2673.webp,#58766d,#d0d9d6,True,2025-04-06 07:49:33.562+00,2025-05-24 19:58:15.772+00,true
2727,"David and Goliath: Underdogs, Misfits, and the Art of Battling Giants",Malcolm Gladwell,False,88,9780316204361,320,"{bestseller,influential}",2727.webp,#374138,#c7cac7,True,2025-04-06 07:49:33.624+00,2025-05-01 14:08:11.228+00,true
2686,The Rape of Nanking: The Forgotten Holocaust of World War II,Iris Chang,False,80,9780465068364,360,"{historical,influential}",2686.webp,#bb6942,#ecd5ca,True,2025-04-06 07:49:33.577+00,2025-05-24 19:59:18.772+00,
2654,Beyond Good and Evil,Friedrich Nietzsche,False,85,9780140449235,240,"{classic,philosophical}",2654.webp,NULL,NULL,NULL,2025-04-06 07:49:33.541+00,2025-04-26 14:46:24.002+00,true
2687,Between the World and Me,Ta-Nehisi Coates,False,85,9780812993547,176,"{award-winning,influential}",2687.webp,#ffda99,#e6c48a,False,2025-04-06 07:49:33.578+00,2025-05-24 19:59:28.309+00,true
2713,"How to Analyze, Understand, and Predict People’s Emotions, Thoughts, Intentions, and Behaviors",Patrick King,False,65,NULL,NULL,"{psychology,self-improvement}",2713.webp,#578d92,#d0dfe1,True,2025-04-06 07:49:33.607+00,2025-05-24 20:00:02.563+00,true
2733,Essentialism: The Disciplined Pursuit of Less,Greg McKeown,False,85,9780804137386,260,"{bestseller,self-improvement}",2733.webp,#f8f4ed,#dfdcd5,False,2025-04-06 07:49:33.631+00,2025-05-24 20:00:39.806+00,true
2760,"The Art of Asking; or, How I Learned to Stop Worrying and Let People Help",Amanda Palmer,False,70,9781455581085,352,"{self-improvement,motivational}",2760.webp,#e9836f,#f9dcd7,True,2025-04-06 07:49:33.662+00,2025-05-24 20:02:53.779+00,true
2535,The Labyrinth of Solitude,Octavio Paz,False,85,9780802150424,398,"{classic,philosophical}",2535.webp,#dc7b2e,#f5dac5,True,2025-04-06 07:49:33.404+00,2025-05-24 19:48:21.356+00,true
2774,An Unquiet Mind: A Memoir of Moods and Madness,Kay Redfield Jamison,False,80,9780679763307,223,"{psychology,biography}",2774.webp,#34596e,#c6d1d7,True,2025-04-06 07:49:33.678+00,2025-05-24 20:03:25.807+00,true
2777,"Born to Run: A Hidden Tribe, Superathletes, and the Greatest Race the World Has Never Seen",Christopher McDougall,False,85,9780307279187,287,"{bestseller,sports}",2777.webp,#d1c2a8,#dfd4c2,True,2025-04-06 07:49:33.681+00,2025-05-24 20:03:32.341+00,true
2791,Exactly What to Say: The Magic Words for Influence and Impact,Phil M. Jones,False,75,9781989025000,141,"{self-improvement,communication}",2791.webp,#e0732f,#f6d8c5,True,2025-04-06 07:49:33.697+00,2025-05-24 20:04:49.821+00,true
2813,Why They Marched: Untold Stories of the Women Who Fought for the Right to Vote,Susan Ware,False,70,9780674986688,384,"{historical,influential}",2813.webp,#ab9a90,#e7e3e0,True,2025-04-06 07:49:33.722+00,2025-05-24 20:07:00.185+00,true
2819,Why Does He Do That? Inside the Minds of Angry and Controlling Men,Lundy Bancroft,False,80,9780425191651,432,"{psychology,influential}",2819.webp,#de441a,#f6cbbf,True,2025-04-06 07:49:33.729+00,2025-05-24 20:07:54.6+00,true
2642,The 48 Laws of Power,Robert Greene,False,90,9780140280197,452,"{bestseller,influential}",2642.webp,#aa2818,#e7c3be,True,2025-04-06 07:49:33.527+00,2025-05-01 14:07:04.228+00,true
2874,Nothing to Envy: Ordinary Lives in North Korea,Barbara Demick,False,85,9780385523912,336,"{award-winning,historical}",2874.webp,#405a5f,#c9d1d2,True,2025-04-06 07:49:33.792+00,2025-05-24 20:12:38.256+00,true
2919,The Life-Changing Magic of Tidying Up: The Japanese Art of Decluttering and Organizing,Marie Kondō,False,90,9781607747307,224,"{bestseller,self-improvement}",2919.webp,#fddab2,#e4c4a0,False,2025-04-06 07:49:33.842+00,2025-05-01 14:11:39.784+00,true
2907,"The Bomber Mafia: A Dream, a Temptation, and the Longest Night of the Second World War",Malcolm Gladwell,False,75,NULL,NULL,"{historical,war}",2907.webp,#2e332a,#c5c6c3,True,2025-04-06 07:49:33.829+00,2025-05-24 20:14:44.971+00,true
3130,Catch Me If You Can: The True Story of a Real Fake,Frank W. Abagnale,False,88,9780767905381,277,"{adapted-to-film,bestseller}",3130.webp,#44a6b2,#cbe6e9,True,2025-04-06 07:49:34.09+00,2025-05-01 14:13:48.658+00,true
2934,"The Spirit Catches You and You Fall Down: A Hmong Child, Her American Doctors, and the Collision of Two Cultures",Anne Fadiman,False,75,9780374533403,368,"{influential,cultural}",2934.webp,#ead5be,#d3c0ab,False,2025-04-06 07:49:33.858+00,2025-05-24 20:17:18.304+00,true
2908,Bad Blood: Secrets and Lies in a Silicon Valley Startup,John Carreyrou,False,90,9781524731656,352,"{bestseller,investigative,technology}",2908.webp,NULL,NULL,NULL,2025-04-06 07:49:33.83+00,2025-04-26 14:46:24.081+00,true
2833,Longitude: The True Story of a Lone Genius Who Solved the Greatest Scientific Problem of His Time,Dava Sobel,False,75,9780007214228,208,"{historical,educational}",2833.webp,#136866,#bdd5d4,True,2025-04-06 07:49:33.745+00,2025-05-24 20:08:53.971+00,true
2950,"And the Band Played On: Politics, People, and the AIDS Epidemic",Randy Shilts,False,85,9780312241353,656,"{influential,historical}",2950.webp,#4e2a69,#cdc3d5,True,2025-04-06 07:49:33.876+00,2025-05-24 20:18:25.724+00,true
2957,"An Army at Dawn: The War in North Africa, 1942-1943 (World War II Liberation Trilogy, #1)",Rick Atkinson,False,85,9780805087246,681,"{award-winning,historical}",2957.webp,#d9b779,#e4cda1,True,2025-04-06 07:49:33.884+00,2025-05-24 20:19:30.375+00,true
2971,Heal Your Body: The Mental Causes for Physical Illness and the Metaphysical Way to Overcome Them,Louise L. Hay,False,80,9780937611012,96,"{self-improvement,short-read}",2971.webp,#a184a8,#e5dde7,True,2025-04-06 07:49:33.9+00,2025-05-24 20:20:51.419+00,true
2984,If Life Is a Bowl of Cherries What Am I Doing in the Pits?,Erma Bombeck,False,70,9780449208397,224,"{humor,classic}",2984.webp,#f9bbac,#e0a89b,False,2025-04-06 07:49:33.915+00,2025-05-24 20:21:57.665+00,true
2993,Shrill: Notes from a Loud Woman,Lindy West,False,75,9780316348409,272,"{influential,adapted-to-film}",2993.webp,#ef2849,#fbc3cc,True,2025-04-06 07:49:33.925+00,2025-05-24 20:23:07.566+00,true
3001,Killing Lincoln: The Shocking Assassination that Changed America Forever,Bill O'Reilly,False,85,9780805093070,336,"{historical,bestseller}",3001.webp,#101f29,#bcc0c3,True,2025-04-06 07:49:33.937+00,2025-05-24 20:23:48.614+00,true
3023,On Tyranny: Twenty Lessons from the Twentieth Century,Timothy Snyder,False,80,NULL,NULL,"{educational,influential}",3023.webp,#28b7b6,#c3ebeb,True,2025-04-06 07:49:33.966+00,2025-05-24 20:34:23.15+00,true
3013,Hoodwinked: Uncovering Our Fundamental Superstitions,Larry Gottlieb,False,50,NULL,NULL,{educational},3013.webp,NULL,NULL,NULL,2025-04-06 07:49:33.954+00,2025-04-26 14:46:24.11+00,true
3042,Battle Hymn of the Tiger Mother,Amy Chua,False,80,9781594202841,256,"{parenting,memoir}",3042.webp,#d34b1d,#f3cdc0,True,2025-04-06 07:49:33.989+00,2025-05-24 20:35:44.326+00,true
3052,The Deepest Well: Healing the Long-Term Effects of Childhood Adversity,Nadine Burke Harris,False,75,NULL,NULL,"{health,educational}",3052.webp,#192f43,#bfc5ca,True,2025-04-06 07:49:34.002+00,2025-05-24 20:36:38.366+00,true
3076,The Wisdom of Insecurity: A Message for an Age of Anxiety,Alan W. Watts,False,80,9780307741202,152,"{classic,philosophical}",3076.webp,#b5561c,#ead0bf,True,2025-04-06 07:49:34.03+00,2025-05-24 20:38:14.507+00,true
3058,"The Girls Are Gone: The True Story of Two Sisters Who Vanished, the Father Who Kept Searching, and the Adults Who Conspired to Keep the Truth Hidden",Michael Brodkorb,False,65,NULL,NULL,"{""true crime"",mystery}",3058.webp,NULL,NULL,NULL,2025-04-06 07:49:34.01+00,2025-04-26 14:46:24.127+00,true
3094,"The Midwife: A Memoir of Birth, Joy, and Hard Times",Jennifer Worth,False,85,9780753823835,340,"{award-winning,adapted-to-film}",3094.webp,#f09c70,#f5ba9b,True,2025-04-06 07:49:34.05+00,2025-05-24 20:39:44.331+00,true
3105,Genghis Khan and the Making of the Modern World,Jack Weatherford,False,85,9780609809648,352,"{historical,influential}",3105.webp,#ed4815,#faccbd,True,2025-04-06 07:49:34.063+00,2025-05-24 20:40:43.378+00,true
3127,The Happiness Hypothesis: Finding Modern Truth in Ancient Wisdom,Jonathan Haidt,False,78,9780465028023,320,"{self-improvement,psychology}",3127.webp,#fcd641,#e3c13b,False,2025-04-06 07:49:34.087+00,2025-05-24 20:42:32.251+00,true
3113,Leading Hybrid and Remote Teams: A Manual on Benchmarking to Best Practices for Competitive Advantage,Gleb Tsipursky,False,60,NULL,NULL,"{educational,business}",3113.webp,NULL,NULL,NULL,2025-04-06 07:49:34.071+00,2025-04-26 14:46:24.141+00,true
2845,Eichmann in Jerusalem: A Report on the Banality of Evil,Hannah Arendt,False,85,9780143039884,336,"{classic,historical}",2845.webp,#421612,#cabebd,True,2025-04-06 07:49:33.758+00,2025-05-24 20:10:04.12+00,true
3136,Factfulness: Ten Reasons We're Wrong About the World – and Why Things Are Better Than You Think,Hans Rosling,False,90,9781250107817,352,"{bestseller,educational}",3136.webp,NULL,NULL,NULL,2025-04-06 07:49:34.097+00,2025-04-26 14:46:24.149+00,true
2854,"Why Nations Fail: The Origins of Power, Prosperity, and Poverty",Daron Acemoğlu,False,90,NULL,NULL,"{bestseller,influential}",2854.webp,#388481,#c7dddc,True,2025-04-06 07:49:33.769+00,2025-05-01 14:10:25.525+00,true
3173,In Plain Sight: A True Story of Kidnapping and Rape,Anna D. Stoddard,False,60,NULL,NULL,{biography},3173.webp,NULL,NULL,NULL,2025-04-06 07:49:34.138+00,2025-04-26 14:46:24.232+00,
362,The 7 Habits of Highly Effective Teens: The Ultimate Teenage Success Guide,Sean Covey,False,85,9781476764665,288,"{self-improvement,motivational,educational}",362.webp,#09a893,#bae7e1,True,2025-04-06 07:49:30.932+00,2025-05-01 14:16:28.096+00,true
3213,"Practicing the Power of Now: Essential Teachings, Meditations, and Exercises From The Power of Now",Eckhart Tolle,False,85,9781577311959,144,"{mindfulness,spirituality}",3213.webp,#ed8821,#fadec1,True,2025-04-06 07:49:34.191+00,2025-05-24 20:49:14.014+00,true
3217,Sam Walton: Made In America,Sam Walton,False,75,9780553562835,368,"{biography,entrepreneurship}",3217.webp,#e46343,#f7d3ca,True,2025-04-06 07:49:34.197+00,2025-05-24 20:49:29.004+00,true
3225,"Punished by Rewards: The Trouble with Gold Stars, Incentive Plans, A's, Praise and Other Bribes",Alfie Kohn,False,70,9780618001811,448,"{educational,psychology}",3225.webp,#7d9584,#dbe1dd,True,2025-04-06 07:49:34.206+00,2025-05-24 20:50:00.283+00,true
407,"Outer Order, Inner Calm: Declutter & Organize to Make More Room for Happiness",Gretchen Rubin,False,70,9781984822802,240,"{self-improvement,motivational}",407.webp,#f7cd48,#deb941,False,2025-04-06 07:49:31.001+00,2025-05-24 20:54:02.075+00,true
80,The Immortal Life of Henrietta Lacks,Rebecca Skloot,False,90,9781400052189,381,"{bestseller,educational,historical}",80.webp,#f58009,#fcdbba,True,2025-04-06 07:49:30.491+00,2025-04-27 08:32:15.196+00,true
3174,"The Elegant Universe: Superstrings, Hidden Dimensions, and the Quest for the Ultimate Theory",Brian Greene,False,88,9780393338102,464,"{science,influential}",3174.webp,#150225,#bdb8c2,True,2025-04-06 07:49:34.14+00,2025-05-01 14:14:14.849+00,true
601,"13 Things Mentally Strong People Don't Do: Take Back Your Power, Embrace Change, Face Your Fears, and Train Your Brain for Happiness and Success",Amy Morin,False,70,9780062358301,288,"{self-improvement,motivational}",601.webp,#e9401f,#f9c9c0,True,2025-04-06 07:49:31.229+00,2025-05-24 21:04:23.075+00,true
101,Voices from Chernobyl: The Oral History of a Nuclear Disaster,Svetlana Alexievich,False,85,9780312425845,236,"{award-winning,historical,influential}",101.webp,#040e0e,#b9bbbb,True,2025-04-06 07:49:30.521+00,2025-05-01 13:42:55.368+00,true
151,The Obstacle Is the Way: The Timeless Art of Turning Trials into Triumph,Ryan Holiday,False,88,9781591846352,224,"{self-improvement,motivational}",151.webp,#b83b25,#ebc8c2,True,2025-04-06 07:49:30.591+00,2025-05-01 13:53:10.52+00,true
230,Prisoners of Geography: Ten Maps That Tell You Everything You Need to Know About Global Politics,Tim Marshall,False,85,9781783962433,320,"{bestseller,educational}",230.webp,#00a9a4,#b8e7e5,True,2025-04-06 07:49:30.697+00,2025-05-01 14:05:29.641+00,true
3198,Love and Respect: The Love She Most Desires; The Respect He Desperately Needs,Emerson Eggerichs,False,75,NULL,NULL,"{relationships,self-improvement}",3198.webp,#b93326,#ebc6c2,True,2025-04-06 07:49:34.171+00,2025-05-24 20:48:21.084+00,true
279,The Untethered Soul: The Journey Beyond Yourself,Michael A. Singer,False,85,9781572245372,200,"{self-improvement,spiritual}",279.webp,#59cabf,#8bdad2,True,2025-04-06 07:49:30.773+00,2025-05-01 14:09:22.027+00,true
29,Bury My Heart at Wounded Knee: An Indian History of the American West,Dee Brown,False,85,9780805086843,512,"{historical,influential}",29.webp,#b24c34,#e9cdc6,True,2025-04-06 07:49:30.408+00,2025-05-01 14:11:32.233+00,true
711,Outwitting the Devil: The Secret to Freedom and Success,Napoleon Hill,False,85,9781454900672,288,"{motivational,self-improvement}",711.webp,#070d10,#b9bbbc,True,2025-04-06 07:49:31.353+00,2025-05-01 14:23:46.702+00,true
471,Empty Mansions: The Mysterious Life of Huguette Clark and the Spending of a Great American Fortune,Bill Dedman,False,70,9780345534521,496,{biography},471.webp,#115256,#bccfd0,True,2025-04-06 07:49:31.077+00,2025-05-24 20:56:22.034+00,true
49,Nickel and Dimed: On (Not) Getting By in America,Barbara Ehrenreich,False,77,9780805088380,240,"{influential,society}",49.webp,#d76630,#f4d4c5,True,2025-04-06 07:49:30.444+00,2025-05-24 20:57:29.305+00,true
639,"The Way of the Superior Man: A Spiritual Guide to Mastering the Challenges of Women, Work, and Sexual Desire",David Deida,False,75,9781591792574,224,"{self-improvement,spirituality}",639.webp,#b9c5d6,#ced6e2,True,2025-04-06 07:49:31.274+00,2025-05-24 21:06:35.368+00,true
503,The Fourteenth Century: A Handbook for Visitors to the Fourteenth Century,Ian Mortimer,False,60,9781845950095,352,"{historical,educational}",503.webp,NULL,NULL,NULL,2025-04-06 07:49:31.117+00,2025-04-26 14:46:24.198+00,true
566,Make Your Bed: Little Things That Can Change Your Life...And Maybe the World,William H. McRaven,False,85,9781455570249,144,"{motivational,bestseller}",566.webp,NULL,NULL,NULL,2025-04-06 07:49:31.192+00,2025-04-26 14:46:24.201+00,true
744,The Mindful Way through Depression: Freeing Yourself from Chronic Unhappiness,J. Mark G. Williams,False,65,9781593851286,273,"{self-improvement,psychology}",744.webp,#3d9ea2,#c9e4e5,True,2025-04-06 07:49:31.392+00,2025-05-24 21:12:07.97+00,true
811,Farewell to Manzanar: A True Story of Japanese American Experience During and After the World War II Internment,Jeanne Wakatsuki Houston,False,80,978-0307976079,208,"{historical,biography}",811.webp,#f24419,#fbcbbf,True,2025-04-06 07:49:31.47+00,2025-05-24 21:14:34.392+00,true
863,Sonnets from the Portuguese,Elizabeth Barrett Browning,False,85,9780486270524,64,"{classic,poetry}",863.webp,#d49f8f,#e1bcb1,True,2025-04-06 07:49:31.528+00,2025-05-01 14:27:57.123+00,true
893,"Thrive: The Third Metric to Redefining Success and Creating a Life of Well-Being, Wisdom, and Wonder",Arianna Huffington,False,85,9780804140843,352,"{bestseller,self-improvement}",893.webp,#4ea2a2,#cde5e5,True,2025-04-06 07:49:31.561+00,2025-05-01 14:28:48.109+00,true
204,Never Go With Your Gut: How Pioneering Leaders Make the Best Decisions and Avoid Business Disasters,Gleb Tsipursky,False,65,978-1632651624,256,"{business,educational}",204.webp,#f34c1c,#fccdbf,True,2025-04-06 07:49:30.663+00,2025-05-24 19:16:13.609+00,true
909,The Seven Principles for Making Marriage Work: A Practical Guide from the Country's Foremost Relationship Expert,John M. Gottman,False,85,9780609805794,320,"{self-improvement,relationships}",909.webp,NULL,NULL,NULL,2025-04-06 07:49:31.578+00,2025-04-26 14:46:24.226+00,true
3164,The Spirit of Prayer: The Believer's Authority on the Earth (The Sons of God Book 2),Tolulope Oyewole,False,40,NULL,NULL,"{religion,spirituality}",3164.webp,NULL,NULL,NULL,2025-04-06 07:49:34.127+00,2025-04-26 14:46:24.229+00,true
1155,"On Death and Dying: What the Dying Have to Teach Doctors, Nurses, Clergy and Their Own Families",Elisabeth Kübler-Ross,False,80,9781476775548,286,"{influential,educational}",1155.webp,#e9dfc7,#d2c9b3,False,2025-04-06 07:49:31.857+00,2025-05-24 17:50:39.817+00,true
1066,The Rise and Fall of the Third Reich: A History of Nazi Germany,William L. Shirer,False,90,9781451651683,1249,"{classic,historical}",1066.webp,NULL,NULL,NULL,2025-04-06 07:49:31.759+00,2025-04-26 14:46:24.266+00,true
1184,The Old Patagonian Express: By Train Through the Americas,Paul Theroux,False,68,978-0140249798,368,{travel},1184.webp,#9ca68d,#e3e6df,True,2025-04-06 07:49:31.889+00,2025-05-24 17:52:22.433+00,true
1414,How to Live: A Life of Montaigne in One Question and Twenty Attempts at an Answer,Sarah Bakewell,False,80,9781590514832,400,"{biography,philosophy,influential}",1414.webp,#cdbbc1,#dccfd4,True,2025-04-06 07:49:32.147+00,2025-05-24 18:06:40.048+00,true
1284,Heresy: A guide to Challenge Your Beliefs!™ and create happiness in your life,AnaMaria Rivera,False,50,NULL,NULL,"{self-improvement,motivational}",1284.webp,NULL,NULL,NULL,2025-04-06 07:49:31.999+00,2025-04-26 14:46:24.279+00,true
1312,God’s So Great!!! It’s a Storm Without God… It’s the Perfect Journey When You Know the Name of Jesus Is Guaranteed!!!: My Life Testimony: There’s No Excuse to Not Be Who You Want to Be…,Larry Taylor,False,40,NULL,NULL,{niche},1312.webp,NULL,NULL,NULL,2025-04-06 07:49:32.031+00,2025-04-26 14:46:24.282+00,true
1460,"I Am, I Am, I Am: Seventeen Brushes with Death",Maggie O'Farrell,False,70,9780525520221,304,"{award-winning,influential}",1460.webp,#023f47,#b8c9cb,True,2025-04-06 07:49:32.199+00,2025-05-24 18:09:46.597+00,true
1533,Auschwitz: True Tales From a Grotesque Land,Sara Nomberg-Przytyk,False,80,9780807841600,192,"{historical,biography}",1533.webp,#9a632f,#e3d3c5,True,2025-04-06 07:49:32.279+00,2025-05-24 18:14:28.752+00,true
1561,The Art of Possibility: Transforming Professional and Personal Life,Rosamund Stone Zander,False,75,9780142001103,224,"{motivational,self-improvement}",1561.webp,#f2ac3b,#f6c576,True,2025-04-06 07:49:32.312+00,2025-05-24 18:17:01.797+00,true
1695,Thinking In Pictures: and Other Reports from My Life with Autism,Temple Grandin,False,80,9780307275653,304,"{biography,inspirational}",1695.webp,#c8b7d6,#d9cde2,True,2025-04-06 07:49:32.454+00,2025-05-24 18:28:58.136+00,true
1718,"Don't Overthink It: Make Easier Decisions, Stop Second-Guessing, and Bring More Joy to Your Life",Anne Bogel,False,70,9781493421404,224,"{self-improvement,motivational}",1718.webp,#90d2c7,#b1e0d8,True,2025-04-06 07:49:32.478+00,2025-05-24 18:29:52.736+00,true
1971,Colors of the Mountain: A Memoir,Da Chen,False,70,9780385720601,320,"{memoir,historical}",1971.webp,#e85828,#f9d0c3,True,2025-04-06 07:49:32.754+00,2025-05-24 19:13:43.435+00,true
1829,Introverts: Leverage Your Strengths for an Effective Job Search,Gabriela Casineanu,False,60,9780995967600,192,"{self-improvement,motivational}",1829.webp,NULL,NULL,NULL,2025-04-06 07:49:32.599+00,2025-04-26 14:46:24.307+00,true
1909,Success Isn't for Everyone: How to build a Successful Foundation for your life.,Daniel Willey,False,60,NULL,NULL,"{self-improvement,motivational}",1909.webp,NULL,NULL,NULL,2025-04-06 07:49:32.686+00,2025-04-26 14:46:24.31+00,true
2042,The Millionaire Messenger: Make a Difference and a Fortune Sharing Your Advice,Brendon Burchard,False,65,NULL,NULL,"{self-improvement,motivational}",2042.webp,#b22c21,#e9c4c1,True,2025-04-06 07:49:32.834+00,2025-05-24 19:16:51.853+00,true
2159,"Dear Leader: Poet, Spy, Escapee - A Look Inside North Korea",Jang Jin-sung,False,75,9781476766553,368,{influential},2159.webp,#c53f25,#efc9c2,True,2025-04-06 07:49:32.968+00,2025-05-24 19:22:49.803+00,true
2237,"Take Command: Find Your Inner Strength, Build Enduring Relationships, and Live the Life You Want (Dale Carnegie Books)",Joe Hart,False,65,9781984822543,240,"{self-improvement,motivational}",2237.webp,#c12d0a,#eec4bb,True,2025-04-06 07:49:33.058+00,2025-05-24 19:25:26.748+00,true
2321,Bobby Kennedy: The Making of a Liberal Icon,Larry Tye,False,65,9780812983500,608,"{biography,historical}",2321.webp,#442c7c,#cbc4da,True,2025-04-06 07:49:33.156+00,2025-05-24 19:31:13.164+00,true
2224,"Diplomats & Admirals: From Failed Negotiations and Tragic Misjudgments to Powerful Leaders and Heroic Deeds, the Untold Story of the Pacific War from Pearl Harbor to Midway",Dale A. Jenkins,False,50,9781637581940,400,"{historical,military}",2224.webp,NULL,NULL,NULL,2025-04-06 07:49:33.043+00,2025-04-26 14:46:24.327+00,true
2373,Augustus: First Emperor of Rome,Adrian Goldsworthy,False,70,978-0300139198,592,"{historical,biography}",2373.webp,#a11d00,#e5c0b8,True,2025-04-06 07:49:33.216+00,2025-05-24 19:36:05.472+00,true
2317,Competitive Strategy: Techniques for Analyzing Industries and Competitors,Michael E. Porter,False,95,9780684841489,397,"{bestseller,foundational}",2317.webp,NULL,NULL,NULL,2025-04-06 07:49:33.151+00,2025-04-26 14:46:24.332+00,true
2398,"Taking Charge of Your Fertility: The Definitive Guide to Natural Birth Control, Pregnancy Achievement, and Reproductive Health",Toni Weschler,False,85,9780060881902,560,"{health,educational}",2398.webp,#eccfaa,#d4ba99,False,2025-04-06 07:49:33.249+00,2025-05-24 19:38:15.549+00,true
2493,The Great Game of Business: Unlocking the Power and Profitability of Open-Book Management,Jack Stack,False,75,9780385475259,384,"{business,management}",2493.webp,#6534d9,#d4c6f4,True,2025-04-06 07:49:33.355+00,2025-05-24 19:45:05.558+00,true
991,"Unlimited Memory: How to Use Advanced Learning Strategies to Learn Faster, Remember More and be More Productive (Mental Mastery, #1)",Kevin Horsley,False,75,9781631619984,160,"{self-improvement,educational}",991.webp,#74723f,#d8d7c9,True,2025-04-06 07:49:31.672+00,2025-05-24 21:22:58.959+00,true
1670,The Great Influenza: The Story of the Deadliest Pandemic in History,John M. Barry,False,85,9780143036494,560,"{historical,science}",1670.webp,#3b5747,#c8d0cb,True,2025-04-06 07:49:32.429+00,2025-05-01 13:57:50.296+00,true
2558,Gaia and the New Politics of Love: Notes for a Poly Planet,Serena Anderlini-D'Onofrio,False,55,9781556437381,352,"{philosophy,society}",2558.webp,NULL,NULL,NULL,2025-04-06 07:49:33.429+00,2025-04-26 14:46:24.355+00,true
293,Lift: Five Practices Great Managers Do Consistently: Raise Performance and Morale - See Your Employees Thrive,Raymond Wheeler,False,65,NULL,NULL,"{management,motivational}",293.webp,#f69321,#f9b364,True,2025-04-06 07:49:30.797+00,2025-05-24 20:16:35.187+00,true
2678,The Artist's Way: A Spiritual Path to Higher Creativity,Julia Cameron,False,85,9780143129257,272,"{creativity,self-improvement}",2678.webp,NULL,NULL,NULL,2025-04-06 07:49:33.568+00,2025-04-26 14:46:24.361+00,true
2798,The Ultimate Human Secrets: The Hidden Power in Our Mysterious Unconscious Knowledge,Ramzi Najjar,False,60,NULL,NULL,"{self-improvement,psychology}",2798.webp,NULL,NULL,NULL,2025-04-06 07:49:33.705+00,2025-04-26 14:46:24.367+00,true
2823,The Confidante: The Untold Story of the Woman Who Helped Win WWII and Shape Modern America,Christopher C. Gorham,False,65,9780806542003,400,"{historical,biography}",2823.webp,NULL,NULL,NULL,2025-04-06 07:49:33.734+00,2025-04-26 14:46:24.37+00,true
2878,"Becoming the One: Heal Your Past, Transform Your Relationship Patterns, and Come Home to Yourself",Sheleana Aiyana,False,60,NULL,NULL,"{self-improvement,relationships}",2878.webp,NULL,NULL,NULL,2025-04-06 07:49:33.796+00,2025-04-26 14:46:24.373+00,true
2952,The Geography of Bliss: One Grump's Search for the Happiest Places in the World,Eric Weiner,False,75,9780446698894,345,"{travel,self-improvement}",2952.webp,#009eb7,#b8e4eb,True,2025-04-06 07:49:33.878+00,2025-05-24 20:18:31.54+00,true
2989,The Worst Hard Time: The Untold Story of Those Who Survived the Great American Dust Bowl,Timothy Egan,False,80,9780618773473,340,"{historical,award-winning}",2989.webp,#7a3f13,#dac9bd,True,2025-04-06 07:49:33.92+00,2025-05-24 20:22:40.745+00,true
2996,Moonwalking with Einstein: The Art and Science of Remembering Everything,Joshua Foer,False,85,9780143120537,320,"{science,educational}",2996.webp,#333f65,#c6c9d4,True,2025-04-06 07:49:33.928+00,2025-05-24 20:23:27.346+00,true
3115,"Diet for a New America: How Your Food Choices Affect Your Health, Happiness and the Future of Life on Earth",John Robbins,False,75,9780915811816,448,"{health,nutrition,influential}",3115.webp,#4aa777,#cce6d9,True,2025-04-06 07:49:34.073+00,2025-05-24 20:41:40.932+00,true
3046,Wake Up With Purpose!: What I’ve Learned in My First Hundred Years,Jean Dolores Schmidt,False,50,NULL,NULL,{influential},3046.webp,NULL,NULL,NULL,2025-04-06 07:49:33.995+00,2025-04-26 14:46:24.387+00,true
3134,"Delusions of Gender: How Our Minds, Society, and Neurosexism Create Difference",Cordelia Fine,False,75,9780393340242,338,"{influential,psychology}",3134.webp,#ec7d24,#fadbc2,True,2025-04-06 07:49:34.095+00,2025-05-24 20:43:02.932+00,true
608,One Small Step Can Change Your Life: The Kaizen Way,Robert Maurer,False,65,9780761180326,228,"{self-improvement,motivational}",608.webp,#fc8719,#feddbf,True,2025-04-06 07:49:31.237+00,2025-05-24 21:04:40.991+00,true
150,"Botanical Shakespeare: An Illustrated Compendium of All the Flowers, Fruits, Herbs, Trees, Seeds, and Grasses Cited by the World's Greatest Playwright",Gerit Quealy,False,60,9780062469894,208,"{educational,literature}",150.webp,NULL,NULL,NULL,2025-04-06 07:49:30.59+00,2025-04-26 14:46:24.396+00,true
2940,The Blind Watchmaker: Why the Evidence of Evolution Reveals a Universe Without Design,Richard Dawkins,False,85,9780393351490,496,"{influential,science}",2940.webp,#2e2942,#c5c3ca,True,2025-04-06 07:49:33.865+00,2025-05-24 20:17:45.528+00,true
2191,Heaven is for Real: A Little Boy's Astounding Story of His Trip to Heaven and Back,Todd Burpo,False,85,9780849946158,163,"{bestseller,inspirational}",2191.webp,#64c6db,#93d7e6,True,2025-04-06 07:49:33.006+00,2025-05-01 14:04:51.486+00,true
1241,Finding Your Element: How to Discover Your Talents and Passions and Transform Your Life,Ken Robinson,False,70,NULL,NULL,"{self-improvement,motivational}",1241.webp,#f86e1f,#fdd7c0,True,2025-04-06 07:49:31.951+00,2025-05-24 17:55:56.607+00,true
1196,How to Find A Job: When There Are No Jobs A Necessary Job Search and Career Planning Guide for Today's Job Market (Find A Job Series),Paul Rega,False,60,978-1468123856,234,"{career,self-improvement}",1196.webp,NULL,NULL,NULL,2025-04-06 07:49:31.902+00,2025-04-26 14:46:24.419+00,true
1394,"Scale: The Universal Laws of Growth, Innovation, Sustainability, and the Pace of Life in Organisms, Cities, Economies, and Companies",Geoffrey B. West,False,75,9781594205583,496,"{science,educational}",1394.webp,#157678,#bdd9d9,True,2025-04-06 07:49:32.124+00,2025-05-24 18:05:11.316+00,true
1560,Stop Walking on Eggshells: Taking Your Life Back When Someone You Care about Has Borderline Personality Disorder,Paul T. Mason,False,70,9781572246904,246,"{educational,self-improvement}",1560.webp,#c15a2c,#eed1c4,True,2025-04-06 07:49:32.311+00,2025-05-24 18:16:55.075+00,true
2616,The Lighthouse Effect: How Ordinary People Can Have an Extraordinary Impact in the World,Steve Pemberton,False,65,978-0310360490,256,"{motivational,inspirational}",2616.webp,#002236,#b8c1c7,True,2025-04-06 07:49:33.497+00,2025-05-24 19:54:00.237+00,true
1861,"What Does it Mean to be White in America?: Breaking the White Code of Silence, A Collection of Personal Narratives (2LP EXPLORATIONS IN DIVERSITY)",Gabrielle David,False,60,NULL,NULL,"{educational,society}",1861.webp,NULL,NULL,NULL,2025-04-06 07:49:32.633+00,2025-04-26 14:46:24.435+00,true
682,Attached: The New Science of Adult Attachment and How It Can Help You Find—and Keep—Love,Amir Levine,False,85,9781585429134,294,"{self-improvement,psychology}",682.webp,#da97b5,#e5b6cb,True,2025-04-06 07:49:31.321+00,2025-05-01 14:23:05.515+00,true
531,"Awaken the Giant Within: How to Take Immediate Control of Your Mental, Emotional, Physical and Financial Destiny!",Tony Robbins,False,90,9780671791544,544,"{bestseller,motivational}",531.webp,#082e34,#bac5c6,True,2025-04-06 07:49:31.149+00,2025-04-27 08:30:12.962+00,true
1007,Breaking the Habit of Being Yourself: How to Lose Your Mind and Create a New One,Joe Dispenza,False,82,9781401938093,360,"{self-improvement,motivational}",1007.webp,#123946,#bdc7cb,True,2025-04-06 07:49:31.694+00,2025-05-24 17:39:57.232+00,true
3005,The Covert Passive Aggressive Narcissist: Recognizing the Traits and Finding Healing After Hidden Emotional and Psychological Abuse (The Narcissism Series Book 1),Debbie Mirza,False,60,9780998621349,216,"{psychology,self-improvement}",3005.webp,NULL,NULL,NULL,2025-04-06 07:49:33.942+00,2025-04-26 14:46:22.497+00,true
1579,"Articles on Enid Blyton Series, Including: The Famous Five (Series), the Secret Seven, Malory Towers, the Faraway Tree, St. Clare's (Series), the Five Find-Outers, the Adventure Series, the Wishing Chair (Series), the Circus Series",Hephaestus Books,False,50,NULL,NULL,{educational},1579.webp,NULL,NULL,NULL,2025-04-06 07:49:32.331+00,2025-04-26 14:46:24.431+00,true
2512,"The Trauma Cleaner: One Woman's Extraordinary Life in the Business of Death, Decay, and Disaster",Sarah Krasnostein,False,70,NULL,NULL,"{biography,influential}",2512.webp,#ef7e63,#fbdbd3,True,2025-04-06 07:49:33.377+00,2025-05-24 19:46:54.947+00,true
2515,"Peak Performance: Elevate Your Game, Avoid Burnout, and Thrive with the New Science of Success",Brad Stulberg,False,80,NULL,NULL,"{self-improvement,motivational}",2515.webp,#e7501e,#f8cec0,True,2025-04-06 07:49:33.38+00,2025-05-24 19:47:03.409+00,true
2779,"Not Nice: Stop People Pleasing, Staying Silent, & Feeling Guilty... And Start Speaking Up, Saying No, Asking Boldly, And Unapologetically Being Yourself",Aziz Gazipura,False,70,9781945796063,502,"{self-improvement,motivational}",2779.webp,#bd4330,#edcac5,True,2025-04-06 07:49:33.684+00,2025-05-24 20:03:38.739+00,true
2886,Building a Second Brain: A Proven Method to Organize Your Digital Life and Unlock Your Creative Potential,Tiago Forte,False,70,9781982167387,272,"{self-improvement,educational,trending}",2886.webp,#1bafb0,#bfe9e9,True,2025-04-06 07:49:33.805+00,2025-05-24 20:13:21.47+00,true
2877,"Stop Overthinking: 23 Techniques to Relieve Stress, Stop Negative Spirals, Declutter Your Mind, and Focus on the Present (The Path to Calm Book 1)",Susan Ee,False,65,NULL,NULL,"{self-improvement,motivational}",2877.webp,NULL,NULL,NULL,2025-04-06 07:49:33.795+00,2025-04-26 14:46:24.453+00,true
3152,The Influence of Military Strategies to Business: Skills to Help With Problem Solving and Decision Making,M.D. White,False,50,NULL,NULL,"{educational,business}",3152.webp,NULL,NULL,NULL,2025-04-06 07:49:34.114+00,2025-04-26 14:46:24.455+00,true
1599,The Path Made Clear: Discovering Your Life's Direction and Purpose,Oprah Winfrey,False,90,9781250307507,208,"{motivational,self-improvement}",1599.webp,#a19e5f,#e5e4d2,True,2025-04-06 07:49:32.352+00,2025-04-27 08:20:20.811+00,true
2183,Start with Why: How Great Leaders Inspire Everyone to Take Action,Simon Sinek,False,90,9781591846444,256,"{bestseller,motivational}",2183.webp,#a72c1b,#e6c4bf,True,2025-04-06 07:49:32.996+00,2025-04-27 08:23:47.897+00,true
1100,Don't Sweat the Small Stuff ... and It's All Small Stuff: Simple Ways to Keep the Little Things From Taking Over Your Life,Richard Carlson,False,85,9780786881857,272,"{bestseller,self-improvement,motivational}",1100.webp,#a6c7ca,#c1d8da,True,2025-04-06 07:49:31.797+00,2025-05-01 13:45:19.221+00,true
1226,Animals in Translation: Using the Mysteries of Autism to Decode Animal Behavior (A Harvest Book),Temple Grandin,False,85,NULL,NULL,"{educational,influential}",1226.webp,#823eac,#dcc9e8,True,2025-04-06 07:49:31.934+00,2025-05-01 13:47:21.863+00,true
1430,Nicholas and Alexandra: The Classic Account of the Fall of the Romanov Dynasty,Robert K. Massie,False,85,9780345438317,640,"{classic,historical}",1430.webp,#842621,#ddc2c1,True,2025-04-06 07:49:32.166+00,2025-05-01 13:50:53.099+00,true
1446,The Motivation Manifesto: 9 Declarations to Claim Your Personal Power,Brendon Burchard,False,85,9781401948078,256,"{motivational,bestseller}",1446.webp,#0e0d09,#bbbbba,True,2025-04-06 07:49:32.184+00,2025-05-01 13:51:22.375+00,true
1867,Ikigai: The Japanese Secret to a Long and Happy Life / The Little Book of Lykke / Lagom: The Swedish Art of Balanced Living,Héctor Edwards,False,75,NULL,NULL,"{self-improvement,happiness}",1867.webp,#34aaae,#c6e7e8,True,2025-04-06 07:49:32.641+00,2025-05-24 18:36:31.296+00,true
1884,The Uses of Enchantment: The Meaning and Importance of Fairy Tales,Bruno Bettelheim,False,75,NULL,NULL,"{educational,psychology}",1884.webp,#3e2f3e,#c9c5c9,True,2025-04-06 07:49:32.659+00,2025-05-24 18:37:05.053+00,true
2397,"Rewire Your Anxious Brain: How to Use the Neuroscience of Fear to End Anxiety, Panic, and Worry",Catherine M. Pittman,False,80,9781626251137,224,"{psychology,self-improvement}",2397.webp,#c52656,#efc2d0,True,2025-04-06 07:49:33.248+00,2025-05-24 19:38:07.712+00,true
2560,Body of Secrets: Anatomy of the Ultra-Secret National Security Agency from the Cold War Through the Dawn of a New Century,James Bamford,False,70,9780385499088,784,"{historical,educational}",2560.webp,#12969c,#bde2e3,True,2025-04-06 07:49:33.432+00,2025-05-24 19:50:55.581+00,true
266,People Who Eat Darkness: The True Story of a Young Woman Who Vanished from the Streets of Tokyo—and the Evil That Swallowed Her Up,Richard Lloyd Parry,False,70,9780374230593,454,"{true-crime,historical}",266.webp,#1e1928,#c0bfc3,True,2025-04-06 07:49:30.751+00,2025-05-24 19:57:16.325+00,true
2662,Undaunted Courage: The Pioneering First Mission to Explore America's Wild Frontier,Stephen E. Ambrose,False,75,9780684826974,521,"{historical,educational}",2662.webp,#c3d2a5,#b0bd95,False,2025-04-06 07:49:33.55+00,2025-05-24 19:57:24.017+00,true
2820,Madam Speaker: Nancy Pelosi and the Lessons of Power,Susan Page,False,70,9781538750698,432,"{politics,biography}",2820.webp,#af3027,#e9c5c3,True,2025-04-06 07:49:33.731+00,2025-05-24 20:08:18.611+00,true
3176,The Miracle of Mindfulness: An Introduction to the Practice of Meditation,Thich Nhat Hanh,False,80,9780807012390,140,"{mindfulness,self-improvement}",3176.webp,#e77f34,#f8dbc6,True,2025-04-06 07:49:34.142+00,2025-05-24 20:46:26.069+00,true
532,"The Disappearing Spoon: And Other True Tales of Madness, Love, and the History of the World from the Periodic Table of the Elements",Sam Kean,False,78,9780316051644,400,"{science,educational}",532.webp,#2e8481,#c5dddc,True,2025-04-06 07:49:31.15+00,2025-05-24 20:59:25.882+00,true
620,"Adult Children of Emotionally Immature Parents: How to Heal from Distant, Rejecting, or Self-Involved Parents",Lindsay C. Gibson,False,68,9781626251700,216,"{psychology,self-improvement}",620.webp,#fea589,#fec0ac,True,2025-04-06 07:49:31.252+00,2025-05-24 21:05:31.727+00,true
944,Last Child in the Woods: Saving Our Children from Nature-Deficit Disorder,Richard Louv,False,80,9781565126053,390,"{influential,educational,nature}",944.webp,#428148,#cadccc,True,2025-04-06 07:49:31.619+00,2025-05-24 21:20:35.162+00,true
981,"A Pattern Language: Towns, Buildings, Construction (Center for Environmental Structure Series)",Christopher W. Alexander,False,75,9780195019193,1171,"{influential,architecture}",981.webp,#44857b,#cbddda,True,2025-04-06 07:49:31.661+00,2025-05-24 21:22:24.772+00,true
147,On the Shortness of Life: Life Is Long if You Know How to Use It,Seneca,False,85,9780143036326,105,"{classic,philosophy}",147.webp,#e1b979,#eacea1,True,2025-04-06 07:49:30.586+00,2025-05-01 13:52:23.096+00,true
1491,Fearless: The Undaunted Courage and Ultimate Sacrifice of Navy SEAL Team SIX Operator Adam Brown,Eric Blehm,False,85,978-0307730701,288,"{bestseller,motivational}",1491.webp,#484936,#ccccc7,True,2025-04-06 07:49:32.232+00,2025-05-01 13:52:38.667+00,true
2096,Slavery by Another Name: The Re-Enslavement of Black Americans from the Civil War to World War II,Douglas A. Blackmon,False,85,NULL,NULL,"{award-winning,historical}",2096.webp,#2a1e11,#c3c0bc,True,2025-04-06 07:49:32.896+00,2025-05-01 14:03:47.792+00,true
2730,Pale Blue Dot: A Vision of the Human Future in Space,Carl Sagan,False,90,9780345376596,384,"{classic,influential}",2730.webp,#2c352e,#c4c7c5,True,2025-04-06 07:49:33.627+00,2025-05-01 14:08:17.65+00,true
2894,I'll Be Gone in the Dark: One Woman's Obsessive Search for the Golden State Killer,Michelle McNamara,False,88,9780062319784,352,"{bestseller,""true crime"",award-winning}",2894.webp,#181737,#bebec7,True,2025-04-06 07:49:33.814+00,2025-05-01 14:11:25.333+00,true
305,Come as You Are: The Surprising New Science that Will Transform Your Sex Life,Emily Nagoski,False,85,9781476762098,400,"{educational,self-improvement}",305.webp,#8e2e61,#dfc5d3,True,2025-04-06 07:49:30.819+00,2025-05-01 14:12:49.816+00,true
332,How to Stop Worrying and Start Living: Time-Tested Methods for Conquering Worry (Dale Carnegie Books),Dale Carnegie,False,85,9780671035976,306,"{self-improvement,motivational}",332.webp,#fab836,#fccd72,True,2025-04-06 07:49:30.856+00,2025-05-01 14:15:12.582+00,true
56,"Zen and the Art of Motorcycle Maintenance: An Inquiry Into Values (Phaedrus, #1)",Robert M. Pirsig,False,85,9780060589462,540,"{philosophy,influential}",56.webp,#2c897c,#c4deda,True,2025-04-06 07:49:30.456+00,2025-05-01 14:20:32.318+00,true
796,The Defining Decade: Why Your Twenties Matter—And How to Make the Most of Them Now,Meg Jay,False,85,9780446561754,272,"{bestseller,self-improvement}",796.webp,#8f80bc,#e0dbec,True,2025-04-06 07:49:31.454+00,2025-05-01 14:26:24.968+00,true
1011,Daily Rituals: How Artists Work,Mason Currey,False,70,9780307273604,304,"{creativity,inspirational}",1011.webp,#ffb027,#ffc868,True,2025-04-06 07:49:31.699+00,2025-05-24 17:40:29.372+00,true
102,Mao's Last Dancer,Li Cunxin,False,75,9780425201336,480,"{biography,inspirational,adapted-to-film}",102.webp,#d12513,#f2c2bd,True,2025-04-06 07:49:30.522+00,2025-05-24 17:41:12.377+00,true
1034,The Code Book: The Science of Secrecy from Ancient Egypt to Quantum Cryptography,Simon Singh,False,80,9780385495325,416,"{science,educational}",1034.webp,#151023,#bdbcc1,True,2025-04-06 07:49:31.724+00,2025-05-24 17:43:28.408+00,true
1039,The Case for a Creator: A Journalist Investigates Scientific Evidence That Points Toward God,Lee Strobel,False,70,9780310242093,352,"{religion,science}",1039.webp,#025155,#b8cecf,True,2025-04-06 07:49:31.73+00,2025-05-24 17:46:25.273+00,true
1096,Why Men Love Bitches: From Doormat to Dreamgirl---A Guide to How the 'Hero' in Your Life Makes You Feel Like Sh*t,Sherry Argov,False,80,9781580627566,255,"{bestseller,self-improvement}",1096.webp,#f82b77,#fdc4d9,True,2025-04-06 07:49:31.793+00,2025-05-24 17:48:56.496+00,true
1173,The Dragons of Eden: Speculations on the Evolution of Human Intelligence,Carl Sagan,False,80,9780345346292,288,"{science,influential}",1173.webp,#10162e,#bcbec5,True,2025-04-06 07:49:31.877+00,2025-05-24 17:51:36.816+00,true
1337,Declutter Now!: Uncovering the Hidden Joy and Freedom in Your Life,Sherry Gareis,False,65,NULL,NULL,"{self-improvement,motivational}",1337.webp,#e76a33,#f8d5c6,True,2025-04-06 07:49:32.061+00,2025-05-24 18:02:02.564+00,true
1376,Portrait of a Killer: Jack the Ripper - Case Closed,Patricia Cornwell,False,68,9780425192733,387,"{true-crime,historical}",1376.webp,#ba3522,#ecc7c1,True,2025-04-06 07:49:32.103+00,2025-05-24 18:04:11.193+00,true
1517,The Man Who Loved China: The Fantastic Story of the Eccentric Scientist Who Unlocked the Mysteries of the Middle Kingdom,Simon Winchester,False,70,NULL,336,"{biography,historical}",1517.webp,#d13f1b,#f2c9bf,True,2025-04-06 07:49:32.262+00,2025-05-24 18:13:18.613+00,true
1538,The Lost Continent: Travels in Small-Town America,Bill Bryson,False,80,9780060920081,299,"{travel,humor}",1538.webp,#ffb236,#ffc972,True,2025-04-06 07:49:32.285+00,2025-05-24 18:15:01.291+00,true
1629,Will My Cat Eat My Eyeballs? And Other Questions About Dead Bodies,Caitlin Doughty,False,75,9780393652703,240,"{educational,humor}",1629.webp,#704f81,#d7cedc,True,2025-04-06 07:49:32.384+00,2025-05-24 18:23:44.248+00,true
1664,The Gentle Art of Swedish Death Cleaning: How to Free Yourself and Your Family from a Lifetime of Clutter,Margareta Magnusson,False,80,9781501173240,128,"{self-improvement,minimalism}",1664.webp,#448a85,#cbdedd,True,2025-04-06 07:49:32.422+00,2025-05-24 18:26:26.215+00,true
1683,"The Power of Full Engagement: Managing Energy, Not Time, Is the Key to High Performance and Personal Renewal",Jim Loehr,False,80,9780743226752,256,"{self-improvement,motivational}",1683.webp,#0d8d8a,#bbdfde,True,2025-04-06 07:49:32.442+00,2025-05-24 18:28:02.735+00,true
185,Ghost Soldiers: The Epic Account of World War II's Greatest Rescue Mission,Hampton Sides,False,75,9780385495653,384,"{historical,award-winning}",185.webp,#13130c,#bdbdbb,True,2025-04-06 07:49:30.64+00,2025-05-24 18:35:51.471+00,true
1939,Broken: My Story of Addiction and Redemption,William Cope Moyers,False,65,NULL,NULL,"{motivational,biography}",1939.webp,#0d1214,#bbbdbd,True,2025-04-06 07:49:32.719+00,2025-05-24 18:41:27.126+00,true
1981,"The Prize Winner of Defiance, Ohio: How My Mother Raised 10 Kids on 25 Words or Less",Terry Ryan,False,65,NULL,NULL,"{biography,inspirational}",1981.webp,#f5b752,#f8cd86,True,2025-04-06 07:49:32.764+00,2025-05-24 19:14:05.384+00,true
2023,"Just Don't Fall: How I Grew Up, Conquered Illness, and Made It Down the Mountain",Josh Sundquist,False,68,9780670021479,336,"{biography,motivational}",2023.webp,#e05126,#f6cec2,True,2025-04-06 07:49:32.811+00,2025-05-24 19:15:24.082+00,true
2243,Nice Girls Don't Get the Corner Office: 101 Unconscious Mistakes Women Make That Sabotage Their Careers,Lois P. Frankel,False,80,978-1455546046,288,"{self-improvement,career}",2243.webp,#f58791,#f8abb2,True,2025-04-06 07:49:33.065+00,2025-05-24 19:26:00.14+00,true
2276,"Bruchko: The Astonishing True Story of a 19-Year-Old American, His Capture by the Motilone Indians and His Adventures in Christianizing the Stone Age Tribe",Bruce Olson,False,65,9780884191330,208,"{biography,adventure}",2276.webp,#cbafd7,#dbc7e3,True,2025-04-06 07:49:33.103+00,2025-05-24 19:27:56.686+00,true
231,"Brain Rules: 12 Principles for Surviving and Thriving at Work, Home, and School (Book & DVD)",John Medina,False,70,9780979777745,304,"{educational,self-improvement}",231.webp,#2cad71,#c4e8d7,True,2025-04-06 07:49:30.699+00,2025-05-24 19:29:26.857+00,true
2331,The Seven Basic Plots: Why We Tell Stories,Christopher Booker,False,75,9780826452092,736,"{educational,influential}",2331.webp,#dcc6a2,#c6b292,False,2025-04-06 07:49:33.167+00,2025-05-24 19:31:57.321+00,true
2392,"iWoz: Computer Geek to Cult Icon: How I Invented the Personal Computer, Co-Founded Apple, and Had Fun Doing It",Steve Wozniak,False,85,9780393061437,313,"{biography,technology}",2392.webp,#dc4622,#f5cbc1,True,2025-04-06 07:49:33.243+00,2025-05-24 19:37:37.255+00,true
2494,Makers and Takers: The Rise of Finance and the Fall of American Business,Rana Foroohar,False,70,9780553447231,400,"{economics,business}",2494.webp,#3d716e,#c9d7d7,True,2025-04-06 07:49:33.357+00,2025-05-24 19:45:29.085+00,true
2542,The Wealthy Barber: The Common Sense Guide to Successful Financial Planning,David Chilton,False,85,9780761513117,224,"{bestseller,self-improvement}",2542.webp,#e67624,#f8d9c2,True,2025-04-06 07:49:33.412+00,2025-05-24 19:48:33.825+00,true
2545,Devil at My Heels: A Heroic Olympian's Astonishing Story of Survival as a Japanese POW in World War II,Louis Zamperini,False,80,9780062118851,320,"{historical,inspirational}",2545.webp,#b83a04,#ebc8b9,True,2025-04-06 07:49:33.415+00,2025-05-24 19:48:48.51+00,true
2621,How to Talk to Anyone: 92 Little Tricks for Big Success in Relationships,Leil Lowndes,False,80,978-0071418584,368,"{self-improvement,bestseller}",2621.webp,#f9a826,#fbc267,True,2025-04-06 07:49:33.502+00,2025-05-24 19:54:28.938+00,true
2657,Life After Darkness: Finding Healing and Happiness After the Cleveland Kidnappings,Michelle Knight,False,70,9781602865640,272,"{inspirational,biography}",2657.webp,#685569,#d5cfd5,True,2025-04-06 07:49:33.544+00,2025-05-24 19:56:54.562+00,true
2744,Braving the Wilderness: Reese's Book Club: The Quest for True Belonging and the Courage to Stand Alone,Brené Brown,False,85,9780812995848,208,"{bestseller,self-improvement}",2744.webp,#999e9a,#e3e4e3,True,2025-04-06 07:49:33.644+00,2025-05-24 20:01:16.649+00,true
2748,"Creativity, Inc.: Overcoming the Unseen Forces That Stand in the Way of True Inspiration",Ed Catmull,False,75,9780812993011,368,"{influential,motivational}",2748.webp,#c62c21,#efc4c1,True,2025-04-06 07:49:33.649+00,2025-05-24 20:01:30.124+00,true
2818,The 16 Undeniable Laws of Communication: Apply Them and Make the Most of Your Message,John C. Maxwell,False,75,9781400222322,336,"{self-improvement,motivational}",2818.webp,#f7d363,#debe59,False,2025-04-06 07:49:33.728+00,2025-05-24 20:07:48.532+00,true
2836,The Checklist Manifesto: How to Get Things Right,Atul Gawande,False,85,9780312430009,224,"{bestseller,self-improvement}",2836.webp,#f1eeea,#d9d6d3,False,2025-04-06 07:49:33.749+00,2025-05-24 20:09:14.956+00,true
2937,Are We Smart Enough to Know How Smart Animals Are?,Frans de Waal,False,75,9780393353661,352,"{educational,science}",2937.webp,#00957b,#b8e1da,True,2025-04-06 07:49:33.862+00,2025-05-24 20:17:30.843+00,true
2986,Sadako and the Thousand Paper Cranes,Eleanor Coerr,False,70,9780698118027,80,"{historical,educational,short-read}",2986.webp,#0d716c,#bbd7d6,True,2025-04-06 07:49:33.917+00,2025-05-24 20:22:15.207+00,true
3047,"Game Change: Obama and the Clintons, McCain and Palin, and the Race of a Lifetime",John Heilemann,False,80,NULL,NULL,"{political,influential}",3047.webp,#998166,#e3dcd4,True,2025-04-06 07:49:33.996+00,2025-05-24 20:35:59.229+00,true
3071,The Boys in the Boat: Nine Americans and Their Epic Quest for Gold at the 1936 Berlin Olympics,Daniel James Brown,False,85,9780143125471,404,"{bestseller,historical,adapted-to-film}",3071.webp,#a5261b,#e6c2bf,True,2025-04-06 07:49:34.025+00,2025-05-24 20:37:53.814+00,true
3085,Lost Connections: Uncovering the Real Causes of Depression - and the Unexpected Solutions,Johann Hari,False,85,9781632868305,336,"{bestseller,influential,psychological}",3085.webp,#36305f,#c7c5d2,True,2025-04-06 07:49:34.04+00,2025-05-24 20:39:06.638+00,true
3140,In the Heart of the Sea: The Tragedy of the Whaleship Essex,Nathaniel Philbrick,False,80,9780141001821,320,"{historical,adapted-to-film}",3140.webp,#89aa97,#dee7e2,True,2025-04-06 07:49:34.102+00,2025-05-24 20:43:38.289+00,true
3168,He's Just Not That Into You: The No-Excuses Truth to Understanding Guys,Greg Behrendt,False,85,9781416909774,165,"{self-improvement,trending}",3168.webp,#f1725d,#fbd7d2,True,2025-04-06 07:49:34.132+00,2025-05-24 20:45:44.482+00,true
3205,"Refuse to Choose!: Use All of Your Interests, Passions, and Hobbies to Create the Life and Career of Your Dreams",Barbara Sher,False,75,NULL,NULL,"{self-improvement,career}",3205.webp,#e6a675,#eec19e,True,2025-04-06 07:49:34.18+00,2025-05-24 20:48:54.315+00,true
377,"Why People Believe Weird Things: Pseudoscience, Superstition, and Other Confusions of Our Time",Michael Shermer,False,70,9780805070897,384,"{science,educational}",377.webp,#302934,#c5c3c6,True,2025-04-06 07:49:30.965+00,2025-05-24 20:52:10.774+00,true
388,A Problem from Hell: America and the Age of Genocide,Samantha Power,False,80,9780060541644,640,"{award-winning,historical}",388.webp,#bb0000,#ecb8b8,True,2025-04-06 07:49:30.978+00,2025-05-24 20:52:47.804+00,true
396,"Braiding Sweetgrass: Indigenous Wisdom, Scientific Knowledge, and the Teachings of Plants",Robin Wall Kimmerer,False,80,9781571313560,408,"{influential,educational}",396.webp,#d4deb1,#bfc89f,False,2025-04-06 07:49:30.988+00,2025-05-24 20:53:20.645+00,true
408,"This Is How: Proven Aid in Overcoming Shyness, Molestation, Fatness, Spinsterhood, Grief, Disease, Lushery, Decrepitude & More. For Young and Old Alike.",Augusten Burroughs,False,65,9780312563554,230,"{self-improvement,motivational}",408.webp,#ccab2f,#dbc46d,True,2025-04-06 07:49:31.003+00,2025-05-24 20:54:11.859+00,true
462,"Emotional Agility: Get Unstuck, Embrace Change, and Thrive in Work and Life",Susan David,False,75,9781592409495,288,"{self-improvement,motivational}",462.webp,#0f9195,#bce0e1,True,2025-04-06 07:49:31.067+00,2025-05-24 20:55:53.299+00,true
541,"Dear Ijeawele, or A Feminist Manifesto in Fifteen Suggestions",Chimamanda Ngozi Adichie,False,70,9780525434801,80,"{influential,short-read,2020s}",541.webp,#e57472,#f8d8d7,True,2025-04-06 07:49:31.159+00,2025-05-24 21:00:06.142+00,true
627,How to Think about the Great Ideas: From the Great Books of Western Civilization,Mortimer J. Adler,False,70,9780812694123,554,"{educational,philosophy}",627.webp,#248b8c,#c2dfdf,True,2025-04-06 07:49:31.261+00,2025-05-24 21:05:44.554+00,true
661,How to Be Yourself: Quiet Your Inner Critic and Rise Above Social Anxiety,Ellen Hendriksen,False,70,NULL,240,"{self-improvement,educational}",661.webp,#182e42,#bec5ca,True,2025-04-06 07:49:31.298+00,2025-05-24 21:07:30.104+00,true
684,"Your Brain at Work: Strategies for Overcoming Distraction, Regaining Focus, and Working Smarter All Day Long",David Rock,False,75,9780061771293,304,"{self-improvement,psychology}",684.webp,#2eb6ac,#c5ebe8,True,2025-04-06 07:49:31.323+00,2025-05-24 21:09:01.604+00,true
731,Fingerprints of the Gods: The Evidence of Earth's Lost Civilization,Graham Hancock,False,80,NULL,NULL,"{historical,controversial}",731.webp,#1d4d4e,#c0cdcd,True,2025-04-06 07:49:31.377+00,2025-05-24 21:11:27.302+00,true
814,The Antidote: Happiness for People Who Can't Stand Positive Thinking,Oliver Burkeman,False,75,978-0865478015,256,"{self-improvement,psychology}",814.webp,#162d2f,#bec4c5,True,2025-04-06 07:49:31.475+00,2025-05-24 21:14:58.23+00,true
900,What Every Body is Saying: An Ex-FBI Agent's Guide to Speed-Reading People,Joe Navarro,False,75,9780061438295,272,"{educational,self-improvement}",900.webp,#4c7b60,#cddad3,True,2025-04-06 07:49:31.568+00,2025-05-24 21:17:40.22+00,true
905,Care of the Soul: A Guide for Cultivating Depth and Sacredness in Everyday Life,Thomas Moore,False,72,9780060922245,352,"{self-improvement,spirituality}",905.webp,#fee3bf,#e5ccac,False,2025-04-06 07:49:31.574+00,2025-05-24 21:18:00.248+00,true
930,"Happier at Home: Kiss More, Jump More, Abandon a Project, Read Samuel Johnson, and My Other Experiments in the Practice of Everyday Life",Gretchen Rubin,False,70,9780307886781,288,"{self-improvement,happiness}",930.webp,#227f6f,#c1dbd7,True,2025-04-06 07:49:31.603+00,2025-05-24 21:19:34.293+00,true
